tree
version=v4
num_class=1
num_tree_per_iteration=1
label_index=0
max_feature_idx=23
objective=poisson
feature_names=market_p_home market_p_draw market_p_away market_logit_home market_logit_away market_overround market_total_over_2_5 market_handicap_line elo_home elo_away elo_diff elo_p_home form_home_goals_for_n form_home_goals_against_n form_home_shots_n form_home_shots_on_target_n form_away_goals_for_n form_away_goals_against_n form_away_shots_n form_away_shots_on_target_n form_home_goal_diff_n form_away_goal_diff_n form_home_rest_days form_away_rest_days
feature_infos=[0.019655028009249426:0.93928570087559327] [0.037745638675062483:0.41575584576930469] [0.019502015156060468:0.93611888302876189] [-3.9095713380410091:2.7389404529720562] [-3.9175427888343957:2.6847186715403666] [0.00053066333886131467:0.071858159784332409] [0.22522522522522523:0.87028301886792458] [-3.5:3.25] [1230.3958018723185:1971.0565727343442] [1225.5426978927774:1967.3359290112776] [-541.91229283795519:716.58977851858435] [0.042310111513262819:0.98409395820819068] [0:6] [0:8] [1:28.166666666666668] [0:11.333333333333334] [0:8] [0:5.5] [1:27.833333333333332] [0:12] [-8:5.5] [-5:8] [2:1195] [2:1175]
tree_sizes=3304 3446 3455 3457 3471 3466 3475 3471 3462 3451 3485 3463 3479 3493 3502 3441 3489 3483 3476 3477 3499 3481 3486 3493 3471 3495 3482 3466 3479 3459 3486 3460 3468 3471 3461 3477 3487 3471 3481 3504 3487 3491 3474 3490 3473 3472 3454 3475 3489 3485 3497 3464 3460 3479 3495 3482 3489 3504 3483 3506 3490 3488 3502 3474 3492 3491 3483 3490 3469 3476 3500 3493 3467 3478 3490 3489 3490

Tree=0
num_leaves=31
num_cat=0
split_feature=4 1 2 6 1 1 2 2 6 6 13 6 13 6 6 3 8 8 2 17 1 16 16 22 1 6 14 10 9 22
split_gain=674.551 149.162 126.927 57.8433 29.4059 23.3513 22.578 21.4454 20.9644 8.77592 12.2031 8.25989 7.53529 7.37301 7.1966 9.23165 6.37918 5.51648 6.23676 5.42986 5.38796 6.96007 6.38809 7.71033 5.26567 5.13972 5.08913 4.8959 4.87941 4.74719
threshold=-0.40466354059626813 0.23887413850237002 0.23104280321486234 0.50386600506167689 0.28708283627623377 0.16075461430144269 0.1563674563672002 0.31982536311144349 0.57376944900321891 0.52963937213952172 2.0833333333333335 0.34982352745313494 1.7083333333333337 0.4034870592322391 0.58868058280694213 -0.69486831208018363 1323.2408259068591 1455.9976886288739 0.31207578704830136 2.0833333333333335 0.12546610820992601 3.183333333333334 2.0833333333333335 6.5000000000000009 0.28323543316580041 0.53392814983867176 12.29166666666667 24.16753824450041 1821.1847566386446 8.5000000000000018
decision_type=2 2 2 2 2 2 2 2 2 2 2 2 2 2 2 2 2 2 2 2 2 2 2 2 2 2 2 2 2 2
left_child=2 5 6 7 9 20 -1 -4 -8 10 24 12 -9 -6 15 29 -7 -16 19 -19 -2 22 -22 -24 27 -18 -26 -3 -11 -5
right_child=1 4 3 14 13 16 8 11 -10 28 -12 -13 -14 -15 17 -17 25 18 -20 -21 21 -23 23 -25 26 -27 -28 -29 -30 -31
leaf_value=0.16916414231452948 0.21026948388714362 0.18425426785452367 0.17354488390069722 0.18337855793883201 0.17552073635965734 0.20242435398885572 0.1715570766524403 0.17094070343417112 0.17712707614403081 0.18631057516164751 0.1773382313085172 0.1774032514111758 0.18481615431830645 0.18059249899736785 0.17583565701774681 0.17852333071742432 0.18729279101880772 0.1793924471284134 0.18744462751398949 0.18995378485120062 0.19407979852361465 0.18595182537988969 0.19693238729905552 0.21554468313715736 0.19199517394265855 0.19276525596290417 0.1805408572133449 0.17727344229175043 0.19660274353569174 0.19801874704991779
leaf_weight=5855.8265807628632 115.33839797973633 1691.6298370361328 8703.2432808876038 108.12974810600281 696.83615446090698 98.51821494102478 7150.9806747436523 555.06604027748108 1273.5281443595886 1797.3567018508911 473.36800837516785 4505.4061710834503 69.683615446090698 1338.4059932231903 168.20183038711548 3573.0874540805817 331.59789419174194 504.60549116134644 410.89304280281067 91.30956506729126 96.115331649780273 50.460549116134644 67.280732154846191 86.503798484802246 245.0940957069397 1869.4432005882263 84.100915193557739 177.81336355209351 76.892265319824219 52.86343240737915
leaf_count=2437 48 704 3622 45 290 41 2976 231 530 748 197 1875 29 557 70 1487 138 210 171 38 40 21 28 36 102 778 35 74 32 22
internal_value=0.176593 0.18611 0.173913 0.176078 0.182854 0.193997 0.171072 0.174754 0.172399 0.184642 0.183166 0.176805 0.172499 0.178856 0.179808 0.178947 0.192406 0.182537 0.183656 0.18103 0.202738 0.199744 0.202481 0.207585 0.18442 0.191946 0.189089 0.183591 0.186743 0.188288
internal_weight=42319.6 9296.76 33022.8 18742.5 6581.5 2715.26 14280.3 13833.4 8424.51 4546.26 2672.01 5130.16 624.75 2035.24 4909.09 3734.08 2299.56 1175.01 1006.81 595.915 415.699 300.36 249.9 153.785 2198.64 2201.04 329.195 1869.44 1874.25 160.993
internal_count=17612 3869 13743 7800 2739 1130 5943 5757 3506 1892 1112 2135 260 847 2043 1554 957 489 419 248 173 125 104 64 915 916 137 778 780 67
is_linear=0
shrinkage=1


Tree=1
num_leaves=31
num_cat=0
split_feature=4 1 2 1 1 2 2 1 1 2 1 15 15 5 2 15 5 8 0 0 8 9 10 21 19 21 22 21 15 19
split_gain=643.686 138.604 123.045 36.2951 27.7867 24.149 22.0744 21.1519 13.3627 10.491 9.20497 8.8503 8.0313 7.85909 6.91153 6.42128 6.29681 7.08968 6.36162 5.81078 5.73936 5.73769 5.47771 5.275 4.7865 5.76355 4.70599 4.56478 4.52661 4.41752
threshold=-0.40466354059626813 0.23887413850237002 0.23104280321486234 0.28139421557095762 0.28708283627623377 0.31982536311144349 0.1563674563672002 0.16075461430144269 0.22599068780567097 0.30226508782628025 0.31303753607606449 4.916666666666667 5.0833333333333348 0.03315974138902978 0.17633327861573364 5.6333333333333337 0.022924593993067569 1351.1714663125008 0.15312812783014293 0.33155038709155932 1602.7685924282355 1393.5494605684701 186.75344586122506 -0.16666666666666655 6.0833333333333348 0.91666666666666696 11.500000000000002 -1.0833333333333328 2.4500000000000006 4.0833333333333348
decision_type=2 2 2 2 2 2 2 2 2 2 2 2 2 2 2 2 2 2 2 2 2 2 2 2 2 2 2 2 2 2
left_child=2 7 6 9 19 -5 29 12 -8 -4 26 21 13 -2 -10 -16 -9 18 -18 20 24 -11 -17 -19 28 -26 -7 -13 -3 -1
right_child=1 4 3 5 -6 10 8 16 14 11 -12 27 -14 -15 15 22 17 23 -20 -21 -22 -23 -24 -25 25 -27 -28 -29 -30 -31
leaf_value=-0.0082166068995530687 0.018533460216073324 0.0032338553955537793 0.00077858550121875426 -0.0030766290017619287 0.0021387403961128336 0.001042493377775769 0.00088324032611771853 0.0035797628957299453 -0.0071945979988458563 0.01543001570612175 -0.0016541660385228632 0.019519225571941096 0.011866557875051776 0.031435357104160087 -0.0046012672747299593 -0.0027833850674237322 0.015613921419078886 0.0061655066662918961 0.03089747354117359 0.017942725111832297 0.01390952056200981 0.0018060738604075612 0.004800172313835443 0.015348858359727616 -0.00065397384143196877 0.0069311349623262155 0.0052127460327280233 0.0069113989801879942 0.0082553032731413067 -0.0058903802583466572
leaf_weight=3799.1720545291901 118.27699160575867 316.78058862686157 3092.6861989498138 7999.3334968090057 2039.7031528949738 2833.5992102622986 751.88595938682556 73.21620512008667 1446.6384198665619 50.563803911209106 2192.3836858272552 48.256817579269409 66.439818143844604 241.88815426826477 5435.9722793102264 543.48760533332825 93.140769243240356 107.33579158782959 88.436253547668457 87.341832160949707 216.32975959777832 1229.295140504837 210.64252376556396 1973.8759262561798 251.9935142993927 438.63658952713013 510.23713994026184 775.09748339653015 3271.5485835075378 2012.8695631027222
leaf_count=1593 48 131 1286 3339 847 1178 313 30 605 21 913 20 27 98 2273 227 38 44 36 36 89 510 88 809 104 181 212 321 1351 844
internal_value=-7.56489e-05 0.00916509 -0.00270926 -0.000580307 0.00602383 -0.0016712 -0.00551722 0.0166902 -0.00420361 0.00226129 0.000359707 0.00444014 0.0248972 0.0272615 -0.0047045 -0.00412149 0.0151814 0.015555 0.0231862 0.00775222 0.00755028 0.00235595 -0.000661605 0.0148784 0.0072256 0.00416658 0.0016802 0.00767313 0.00781303 -0.00741212
internal_weight=42317.1 9384.94 32932.1 18731.5 6622.33 13535.6 14200.7 2762.61 8388.63 5195.9 5536.22 2103.21 426.605 360.165 7636.74 6190.1 2336 2262.79 181.577 4582.63 4495.29 1279.86 754.13 2081.21 4278.96 690.63 3343.84 823.354 3588.33 5812.04
internal_count=17612 3869 13743 7800 2739 5642 5943 1130 3506 2158 2303 872 173 146 3193 2588 957 927 74 1892 1856 531 315 853 1767 285 1390 341 1482 2437
is_linear=0
shrinkage=0.04


Tree=2
num_leaves=31
num_cat=0
split_feature=4 1 2 6 1 2 6 1 2 6 6 13 5 15 6 5 6 13 5 18 0 17 15 1 14 17 5 1 5 13
split_gain=614.37 128.923 119.267 53.8611 26.2678 21.5768 19.9697 19.1871 17.6961 10.9845 8.06356 11.1115 7.42563 7.22235 7.03286 6.96735 6.90811 7.26592 5.84132 6.33849 5.62776 5.14667 4.99783 4.88631 4.84555 5.06045 4.92708 4.76451 4.88572 4.78218
threshold=-0.40466354059626813 0.23887413850237002 0.23104280321486234 0.48457573354480576 0.28708283627623377 0.1563674563672002 0.57376944900321891 0.16075461430144269 0.31982536311144349 0.55256444815547778 0.53084853291038858 2.0833333333333335 0.021034321361563139 5.0833333333333348 0.4034870592322391 0.03315974138902978 0.34982352745313494 1.7083333333333337 0.022924593993067569 10.91666666666667 0.33848052749947016 0.91666666666666685 5.6333333333333337 0.28323543316580041 8.7750000000000021 0.91666666666666685 0.039217719997366236 0.29456315850173942 0.028812317868074481 2.0833333333333335
decision_type=2 2 2 2 2 2 2 2 2 2 2 2 2 2 2 2 2 2 2 2 2 2 2 2 2 2 2 2 2 2
left_child=2 7 5 8 10 -1 22 13 -4 20 11 23 -11 15 -6 -2 17 -10 -9 -20 21 -5 -7 -3 -17 26 -26 28 -22 -30
right_child=1 4 3 9 14 6 -8 18 16 12 -12 -13 -14 -15 -16 24 -18 -19 19 -21 27 -23 -24 -25 25 -27 -28 -29 29 -31
leaf_value=-0.0073195279013264546 0.017834190185870173 0.006543507321510331 -0.0032876399449216463 0.015978198804430875 -0.0011671069531110636 -0.0053295929037620151 0.00047567181238263479 0.0034971164543820565 -0.0056240942933356419 0.016398947497108404 0.0095612142988099075 0.00063597828301787372 0.0040812745298591689 0.011497743158991366 0.00377950229513445 0.018247142099351219 0.00045178488979020402 0.0079680832738520096 0.0040225530679368141 0.015413098340224972 0.0012401489160536749 0.0035615194973844895 -0.0018518090412535065 0.011783745030350323 0.029602864017925321 0.025263764249009925 0.048168514674197076 0.0073698785709900398 -0.0011667274033719944 -0.0104297445490786
leaf_weight=5769.1316192150116 120.48951387405396 1923.4903998374939 7705.4202537536621 65.399454355239868 697.52639293670654 6341.4389519691467 1272.4036705493927 73.478768348693848 550.98318815231323 80.072038650512695 1877.014102935791 481.93453693389893 2413.726259469986 67.232925653457642 1346.5437922477722 50.950528144836426 4002.892427444458 70.13751482963562 81.888147592544556 2216.3356537818909 2443.1308298110962 278.18388557434082 739.62610340118408 335.83477902412415 56.005775213241577 91.624085187911987 51.032385110855103 158.35876178741455 853.68969535827637 98.628637552261353
leaf_count=2437 48 789 3226 27 290 2666 530 30 231 33 767 199 998 27 557 20 1664 29 33 894 1015 115 310 137 22 36 20 66 355 41
internal_value=-7.44982e-05 0.00890019 -0.00266283 -0.000569152 0.00586839 -0.00543792 -0.00413771 0.0160862 -0.00211384 0.00241062 0.00753913 0.00615158 0.00448319 0.0238015 0.00209176 0.0259996 -0.000157552 -0.00407891 0.0146541 0.0150092 0.00108366 0.00596449 -0.00496665 0.00732731 0.0298542 0.0327247 0.0388183 0.00061023 0.000292893 -0.002136
internal_weight=42314.6 9471.38 32843.2 18720.6 6662.34 14122.6 8353.47 2809.04 12329.4 6391.19 4618.27 2741.26 2493.8 437.335 2044.07 370.102 4624.01 621.121 2371.7 2298.22 3897.39 343.583 7081.07 2259.33 249.613 198.662 107.038 3553.81 3395.45 952.318
internal_count=17612 3869 13743 7800 2739 5943 3506 1130 5150 2650 1892 1125 1031 173 847 146 1924 260 957 927 1619 142 2976 926 98 78 42 1477 1411 396
is_linear=0
shrinkage=0.04


Tree=3
num_leaves=31
num_cat=0
split_feature=2 1 2 6 6 2 1 2 1 6 6 20 1 8 21 1 3 5 9 8 21 20 12 8 10 23 6 3 21 13
split_gain=614.409 144.097 100.442 55.0059 33.4224 24.7486 18.9681 16.8335 12.819 12.5119 10.2825 10.064 8.3396 6.49289 6.01742 5.56952 5.54989 5.54705 5.24392 5.2233 5.50816 5.16895 5.12306 5.06131 4.94538 6.16647 6.04864 5.55473 4.99884 4.80758
threshold=0.38791022347191179 0.22910865974423275 0.23104280321486234 0.50386600506167689 0.52963937213952172 0.16561168797789097 0.16996551696369974 0.30344743020555942 0.29406831123806226 0.53392814983867176 0.5922699004975126 -1.2249999999999999 0.31098666569552985 1311.1985674774985 0.80000000000000027 0.25392549695394084 -1.0117849305371218 0.034701557013543279 1449.9974015816636 1559.0946874848921 1.291666666666667 -0.33333333333333331 2.2916666666666674 1428.6335619387535 -220.57278840685794 3.5000000000000004 0.57914622829113094 -0.974373152945604 0.50000000000000011 2.2250000000000005
decision_type=2 2 2 2 2 2 2 2 2 2 2 2 2 2 2 2 2 2 2 2 2 2 2 2 2 2 2 2 2 2
left_child=2 6 5 7 8 -1 -2 -4 11 22 17 -3 18 -8 -10 24 23 29 -9 20 -15 -11 -7 -13 -6 26 -26 -27 -29 -5
right_child=1 4 3 10 15 9 13 12 14 21 -12 16 -14 19 -16 -17 -18 -19 -20 -21 -22 -23 -24 -25 25 27 -28 28 -30 -31
leaf_value=-0.0070666063039616436 0.023307071322137968 0.00068369575202810353 -0.0033443203325690968 0.001770585424984151 0.019343435652910725 -0.0048803258239641352 0.027844618306305541 0.0042310892882659436 0.0027855552370034077 -0.0048434031206567715 0.0064274491182805043 0.0049218098629517952 -0.002065205437551375 0.016245082415044434 -0.0024963640840165147 0.0078731514510399971 0.0042238201033901815 -0.0058012674695851222 0.00012753162399579775 0.022811522800052098 0.011377465134116568 0.00022508848313539543 0.0017568366633203181 0.0091769379087128997 0.02793189620397513 0.0080429652108658153 0.010426922109914603 0.021223722162670336 0.0095432021498570423 0.0065997156096838719
leaf_weight=6524.0550332069397 611.91561126708984 572.3100471496582 7230.6238415241241 2985.9589836597443 119.89376378059387 5329.0008416175842 61.460415840148926 617.39267611503601 1430.4057829380035 410.44205975532532 1090.6288664340973 684.08013296127319 2809.3877456188202 791.60747909545898 453.87657070159912 1336.5796849727631 1143.9992613792419 139.79384756088257 2565.1551129817963 115.69293308258057 729.44885039329529 1479.4421696662903 192.33095669746399 1315.095116853714 62.183260440826416 778.02850651741028 67.003984212875366 111.44063496589661 128.8981032371521 370.07720160484314
leaf_count=2773 238 235 3035 1235 48 2251 24 257 593 172 448 279 1174 315 188 542 468 58 1067 46 290 619 81 536 25 313 27 45 52 153
internal_value=4.94036e-05 0.0084297 -0.00272639 -0.000735983 0.00594343 -0.00526985 0.0172526 -0.00204522 0.00420112 -0.00368743 0.00303813 0.00556381 -0.000477277 0.0150586 0.00151262 0.00968708 0.00645188 0.00197919 0.000924673 0.0145618 0.0139197 -0.000877658 -0.00464885 0.0077241 0.0115922 0.0107663 0.0190026 0.00970382 0.0150247 0.00230491
internal_weight=42258.2 10513.9 31744.3 17809 8203.79 13935.3 2310.13 13222.6 5599.77 7411.22 4586.46 3715.48 5991.94 1698.21 1884.28 2604.03 3143.17 3495.83 3182.55 1636.75 1521.06 1889.88 5521.33 1999.18 1267.45 1147.55 129.187 1018.37 240.339 3356.04
internal_count=17587 4264 13323 7427 3351 5896 913 5533 2299 3123 1894 1518 2498 675 781 1052 1283 1446 1324 651 605 791 2332 815 510 462 52 410 97 1388
is_linear=0
shrinkage=0.04


Tree=4
num_leaves=31
num_cat=0
split_feature=0 1 0 6 1 0 6 6 6 6 6 20 0 0 0 8 6 12 5 22 23 21 6 0 21 6 12 1 20 17
split_gain=508.212 132.145 99.2022 69.0508 33.423 32.5906 37.9161 17.6055 15.1083 11.8155 10.7572 9.84074 9.23494 8.48025 8.41445 7.23575 7.10208 6.79112 6.40455 7.59157 6.15373 6.04085 5.9545 10.1143 5.83803 5.62195 7.01422 5.36324 5.22502 4.90284
threshold=0.29516110568426757 0.22910865974423275 0.45052726794842329 0.48457573354480576 0.29406831123806226 0.59809665374887 0.53855745252253995 0.65053304785163879 0.59328415932872536 0.53717973162216726 0.34982352745313494 -1.2249999999999999 0.36338970339041704 0.54250058803519952 0.33650957013894983 1311.1985674774985 0.45140633176347467 1.0833333333333337 0.036441426641012693 6.5000000000000009 3.5000000000000004 -0.49999999999999989 0.59725746268656732 0.69240789252502943 0.80000000000000027 0.41729271356783926 0.55000000000000016 0.31303753607606449 -0.33333333333333331 0.81666666666666676
decision_type=2 2 2 2 2 2 2 2 2 2 2 2 2 2 2 2 2 2 2 2 2 2 2 2 2 2 2 2 2 2
left_child=1 7 3 10 9 6 16 15 14 11 -2 -3 27 -8 -5 -1 -4 -10 -9 -20 -11 -19 -7 -24 25 -6 -27 -12 -15 -23
right_child=2 4 5 8 24 22 13 18 17 20 12 -13 -14 28 -16 -17 -18 21 19 -21 -22 29 23 -25 -26 26 -28 -29 -30 -31
leaf_value=0.028944532641864064 -0.0049193995190066784 0.0010068661331410031 -0.0054865508738508907 0.0059940568132096778 0.00065711602683618281 -0.0079370867746501698 0.0029491845203069244 0.019691573352888733 0.0012203386764813699 0.017372299834412294 0.0015517545246643331 0.0069378349124728043 -0.0023005950540790744 -0.0067875109427949646 0.0018577430699129006 0.013881184014589529 -0.0031767206986243247 0.0019963460347805556 0.016452455194325491 0.034621571897788382 0.0093143281151149438 0.00013104575012737199 -0.0019128603757300592 -0.0069024950398857221 -0.0031339851272093968 0.016803063223110964 0.0035084078764129568 -0.0015351403012531712 -0.00014325551586117933 0.012977777368686341
leaf_weight=52.676987171173096 1496.5806286334991 534.68348383903503 4318.4313397407532 1040.8600151538849 1003.8407542705536 3005.7821218967438 1600.7406358718872 520.29619646072388 163.10094404220581 171.41145777702332 2181.5588765144348 2759.3142151832581 5529.9956161975861 242.1850254535675 3222.5791537761688 1597.4741225242615 4214.3272230625153 118.84869265556335 57.923648834228516 116.82812309265137 1377.4433953762054 52.007858991622925 920.41251397132874 2219.5112285614014 425.78469109535217 80.269424915313721 294.22148036956787 1532.143045425415 855.98422503471375 553.78695464134216
leaf_count=20 631 219 1832 422 417 1286 662 201 66 68 903 1117 2326 102 1333 624 1779 48 22 44 550 21 390 951 177 33 121 640 358 224
internal_value=4.80871e-05 0.00848476 -0.00223243 5.16813e-05 0.00560299 -0.00432111 -0.00303928 0.0166466 0.00385854 0.00733392 -0.00177433 0.00597571 -0.00126466 0.00109279 0.00286874 0.0143793 -0.00434623 0.00860356 0.0220013 0.0287271 0.0102167 0.0102614 -0.00666287 -0.00544095 0.000955114 0.00221965 0.00639518 0.00027814 -0.00161339 0.0118769
internal_weight=42261 8992.17 33268.8 15891.5 6646.97 17377.4 11231.7 2345.2 5151.18 4842.85 10740.3 3294 9243.7 2698.91 4263.44 1650.15 8532.76 887.744 695.048 174.752 1548.85 724.644 6145.71 3139.92 1804.12 1378.33 374.491 3713.7 1098.17 605.795
internal_count=17587 3613 13974 6614 2702 7360 4733 911 2114 1954 4500 1336 3869 1122 1755 644 3611 359 267 66 618 293 2627 1341 748 571 154 1543 460 245
is_linear=0
shrinkage=0.04


Tree=5
num_leaves=31
num_cat=0
split_feature=4 1 4 6 4 1 1 4 6 20 6 1 16 19 6 19 23 6 18 11 9 16 3 13 1 13 4 1 1 20
split_gain=560.879 125.256 94.7218 52.1352 26.2974 22.6206 22.1912 17.139 10.0882 10.7958 9.24796 7.80537 6.4417 9.88201 8.29818 6.22268 6.05938 5.2034 5.04867 6.04756 4.93113 4.90154 5.31671 4.75219 4.64814 4.55288 4.47324 5.31298 4.43601 6.98384
threshold=-0.45634176738527304 0.23887413850237002 -1.552599025141985 0.50386600506167689 -0.83093489205270432 0.29406831123806226 0.16996551696369974 -1.2024323281165128 0.53717973162216726 -1.2249999999999999 0.5922699004975126 0.30991909906280629 2.183333333333334 6.2250000000000005 0.65053304785163879 3.2250000000000005 7.5000000000000009 0.37530565270678279 20.083333333333339 0.36751954826965466 1449.9974015816636 0.81666666666666676 -0.19854054607849572 1.5500000000000003 0.22709641924230792 1.0833333333333337 -1.6553442773173914 0.21325492426477086 0.25392549695394084 -1.5499999999999996
decision_type=2 2 2 2 2 2 2 2 2 2 2 2 2 2 2 2 2 2 2 2 2 2 2 2 2 2 2 2 2 2
left_child=2 6 15 4 17 8 -2 23 9 -3 -9 20 13 -8 24 -1 -16 -4 19 -15 -6 -19 -23 -5 -14 -17 -27 -28 29 -10
right_child=1 5 3 7 11 -7 12 10 28 -11 -12 -13 14 18 16 25 -18 21 -20 -21 -22 22 -24 -25 -26 26 27 -29 -30 -31
leaf_value=-0.0083043319087149816 0.021493100685645819 0.00034554530640292869 -0.0053764342827294651 -6.7499575910316654e-05 0.0042296319231813458 0.0014493601440859157 0.012952365477711765 0.001904247846528211 0.025545772727709762 0.0062058020849666932 0.0061010926108744637 -0.0019192045669739258 0.01029630332580468 0.019794212601082474 0.012000614438494062 -0.0068916022953361619 0.025905544215450216 -0.0015134071593055692 0.010172391574136526 0.034345128884439087 0.00017360338342461268 -0.0025319487619483621 -0.0047435443429818223 -0.0039752484623121129 0.002900328283604764 -0.005337984897581919 0.0077802534417150109 -0.0030787676360166912 0.0073247480244107033 0.010195425773593742
leaf_weight=2416.1355559825897 638.79919195175171 595.75831437110901 2410.8118488788605 1537.6945829391479 595.84710359573364 1891.7553176879883 1084.4493255615234 3507.8688294887543 50.528417110443115 3232.6940517425537 1104.3499240875244 2944.7898199558258 576.58713507652283 204.25342893600464 132.68880033493042 2735.6932139396667 83.333656787872314 1961.9348373413086 59.589803457260132 62.087169885635376 2441.472718000412 3102.0192863941193 3971.247967004776 735.38864612579346 179.10500049591064 1682.9342126846313 90.878677606582642 333.82171154022217 1207.6092901229858 691.63700008392334
leaf_count=1041 238 244 1023 647 247 782 420 1446 20 1303 448 1235 223 79 51 1177 32 832 23 24 1015 1309 1687 310 70 725 38 142 482 274
internal_value=4.67867e-05 0.00796518 -0.00263462 -0.00143732 -0.00260151 0.00524678 0.0148631 0.00150943 0.00648957 0.0052942 0.00291025 -0.000452124 0.0130769 0.0148118 0.0105462 -0.00664389 0.0174593 -0.00372472 0.02094 0.023302 0.000970426 -0.00328345 -0.00377413 -0.00133293 0.00854955 -0.00581402 -0.00441272 -0.000742303 0.00883281 0.0112735
internal_weight=42263.8 10690.9 31572.9 24313.4 17428.1 7669.98 3020.89 6885.3 5778.23 3828.45 4612.22 5982.11 2382.09 1410.38 971.715 7259.46 216.022 11446 325.93 266.341 3037.32 9035.2 7073.27 2273.08 755.692 4843.33 2107.63 424.7 1949.77 742.165
internal_count=17587 4265 13322 10199 7348 3105 1160 2851 2323 1547 1894 2497 922 546 376 3123 83 4851 126 103 1262 3828 2996 957 293 2082 905 180 776 294
is_linear=0
shrinkage=0.04


Tree=6
num_leaves=31
num_cat=0
split_feature=4 1 4 6 1 4 4 1 6 6 1 5 23 18 4 1 6 19 6 9 16 12 14 21 4 1 5 5 14 4
split_gain=527.916 110.729 105.238 42.8952 20.9547 18.9345 18.3521 16.9312 13.8841 10.3119 7.88556 7.08601 6.61789 6.50517 5.39412 5.63792 5.36714 7.09991 5.33941 5.24152 5.14416 5.13849 5.85992 7.52216 5.12232 4.9158 10.4019 6.38182 4.84485 5.14562
threshold=-0.43645639605194109 0.24898241696460935 -1.2024323281165128 0.50386600506167689 0.28708283627623377 -1.8265615987810795 -0.83093489205270432 0.17311083563382071 0.55368860142482201 0.59328415932872536 0.31303753607606449 0.022270801142404543 68.500000000000014 13.29166666666667 -0.1564585762268256 0.22599068780567097 0.4034870592322391 4.8166666666666673 0.60842659361448603 1670.4028442350971 1.4500000000000002 1.0833333333333337 13.183333333333335 0.49999999999999989 -2.6372938997176543 0.21154669227018899 0.030933496927754937 0.029595935304236879 7.4500000000000011 0.4767055823368101
decision_type=2 2 2 2 2 2 2 2 2 2 2 2 2 2 2 2 2 2 2 2 2 2 2 2 2 2 2 2 2 2
left_child=2 7 5 6 12 18 21 -2 -7 -5 -8 -9 -3 -10 -13 25 17 -6 -1 20 -15 22 -4 -24 -20 -16 27 -27 -17 -30
right_child=1 4 3 9 16 8 10 11 13 -11 -12 14 -14 19 15 28 -18 -19 24 -21 -22 -23 23 -25 -26 26 -28 -29 29 -31
leaf_value=-0.0089412264555584851 0.018971492481772375 0.0061901421317257302 -0.0026621337158131016 0.0016655742002218189 0.0010101782782832712 -0.0050497068992387305 0.001112091245270407 -0.0014640951130647933 -0.0029538224620522676 0.0060631022319908206 -0.0017757097527945234 0.023114926674672381 0.017240391669003378 -0.0016318101420962677 0.012011534426154352 -0.00085923915003248256 0.0030848845841858459 -0.0082450850283929279 -0.0087746129680033851 -0.010468045284452204 0.0054388712496383643 -0.0041245771229458062 0.0046179766627234588 -0.0075688439640242524 -0.0046367059924966939 0.017814458125231827 0.0098076975747899784 0.03076583354704784 0.011296329122037992 0.0010581441932770697
leaf_weight=1993.0938692092896 688.58231353759766 4111.2935473918915 2848.7802889347076 3780.8716492652893 643.82741737365723 7404.295346736908 3516.4298861026764 60.951398611068726 1525.9361364841461 1101.3411235809326 2653.8349030017853 72.056881427764893 87.935986995697021 276.53257250785828 1023.6248776912689 61.084438800811768 1638.3313977718353 165.96581077575684 729.45450305938721 52.203182220458984 404.49160289764404 3766.7416532039642 387.04430413246155 101.47317719459534 1405.7299168109894 244.76398062705994 212.67125940322876 84.718508720397949 1242.2665231227875 84.073183536529541
leaf_count=867 252 1640 1208 1555 267 3175 1460 24 647 444 1116 28 35 117 389 24 669 69 317 22 170 1596 164 43 610 93 81 32 484 33
internal_value=2.34233e-06 0.00781919 -0.00254783 -0.000546902 0.00471107 -0.00518178 -0.00172598 0.0132898 -0.00421227 0.00265862 -0.00013004 0.0120165 0.00642559 -0.00146657 0.0122884 0.0120165 0.00176875 -0.000894503 -0.00744965 0.00162838 0.00256961 -0.00311194 -0.0019681 0.00207628 -0.00605381 0.0136703 0.0167742 0.0212276 0.0101417 0.0106486
internal_weight=42370.4 10422.1 31948.3 18156.5 6647.35 13791.7 13274.3 3774.79 9663.46 4882.21 6170.26 3086.21 4199.23 2259.16 3025.26 2953.2 2448.12 809.793 4128.28 733.227 681.024 7104.04 3337.3 488.517 2135.18 1565.78 542.154 329.482 1387.42 1326.34
internal_count=17631 4120 13511 7586 2680 5925 5587 1440 4131 1999 2576 1188 1675 956 1164 1136 1005 336 1794 309 287 3011 1415 207 927 595 206 125 541 517
is_linear=0
shrinkage=0.04


Tree=7
num_leaves=31
num_cat=0
split_feature=2 1 2 6 1 2 2 1 6 6 1 18 5 22 17 5 6 5 5 5 12 5 21 22 12 14 21 13 0 5
split_gain=504.846 107.84 98.6684 40.3115 20.5744 18.6499 16.7446 15.5492 12.7188 10.373 7.92655 7.23987 6.65358 6.34916 5.87869 5.18666 7.296 5.41652 6.57845 8.04846 5.30724 5.13791 5.56386 5.08856 4.9823 5.64307 7.23513 4.62671 4.60938 4.41881
threshold=0.38791022347191179 0.24898241696460935 0.23104280321486234 0.50386600506167689 0.28708283627623377 0.16393359797109822 0.30344743020555942 0.17311083563382071 0.53392814983867176 0.59328415932872536 0.31303753607606449 13.29166666666667 0.022270801142404543 62.500000000000007 0.91666666666666685 0.033431429399854447 0.65053304785163879 0.027117489446927271 0.027653136046584152 0.028257820409357651 0.91666666666666685 0.028284479389977805 -0.16666666666666682 14.500000000000002 1.0833333333333337 13.183333333333335 0.49999999999999989 1.0833333333333337 0.28538846923780181 0.034392253481766451
decision_type=2 2 2 2 2 2 2 2 2 2 2 2 2 2 2 2 2 2 2 2 2 2 2 2 2 2 2 2 2 2
left_child=2 7 5 6 13 -1 24 27 -7 29 -8 -10 -9 -3 23 17 -17 -14 -19 -20 -21 22 -13 28 25 -4 -27 -2 -6 -5
right_child=1 4 3 9 14 8 10 12 11 -11 -12 21 15 -15 -16 16 -18 18 19 20 -22 -23 -24 -25 -26 26 -28 -29 -30 -31
leaf_value=-0.0067290262382434032 0.0093809764055409126 0.0059561387789461243 -0.0026162968891038632 0.0018504449229431721 -0.0028513510978294553 -0.0047233364092901641 0.0010825316770755988 -0.0014375729658529424 -0.002713433217749014 0.0059892679564410838 -0.001864313194639046 -0.0011852507094838878 0.010319502248212721 0.016146111099256413 0.0032505615489469759 0.0063058710821669592 0.019123940295819743 0.02520120840603032 0.0033409878294564893 0.010484955485562813 0.016039014600925321 0.0002856787340093696 0.013470839179614613 0.011887724908409796 -0.0040595443553539693 0.0045054721828642584 -0.0074763541626645252 0.019460697628603311 0.0032674242130211585 -0.0045870045933907658
leaf_weight=6204.0760715007782 85.84959864616394 4250.8114802837372 2841.2064552307129 3522.0895705223083 736.11605477333069 5611.9089140892029 3401.0841827392578 60.862224102020264 1254.9702453613281 1082.8281669616699 2558.0093538761139 64.309607744216919 984.32113575935364 99.525169134140015 1595.4309573173523 458.31191062927246 83.639330387115479 81.988902568817139 115.35135722160339 401.65307140350342 939.87967109680176 470.47851204872131 114.79271340370178 48.757694959640503 3751.2373855113983 388.83579182624817 100.70803785324097 615.92085814476013 267.8992018699646 178.35259747505188
leaf_count=2709 31 1686 1208 1446 303 2414 1411 24 530 434 1078 27 375 39 653 175 31 31 44 153 356 197 48 20 1596 164 43 221 110 74
internal_value=1.96516e-06 0.00745451 -0.00255593 -0.000593113 0.00450102 -0.0051056 -0.00174515 0.012852 -0.00376491 0.0025475 -0.000182536 -0.000939824 0.0116363 0.00619292 0.00172038 0.0118963 0.00831566 0.0126618 0.0141523 0.0135136 0.0143852 0.00248564 0.00823097 -0.00059943 -0.00305979 -0.00193294 0.00203038 0.0182427 -0.00121707 0.00153902
internal_weight=42371.2 10826.3 31544.9 17824.4 6998.54 13720.5 13041.1 3827.78 7516.46 4783.27 5959.09 1904.55 3126.01 4350.34 2648.2 3065.15 541.951 2523.19 1538.87 1456.88 1341.53 649.581 179.102 1052.77 7081.99 3330.75 489.544 701.77 1004.02 3700.44
internal_count=17631 4252 13379 7454 2811 5925 5500 1441 3216 1954 2489 802 1189 1725 1086 1165 206 959 584 553 509 272 75 433 3011 1415 207 252 413 1520
is_linear=0
shrinkage=0.04


Tree=8
num_leaves=31
num_cat=0
split_feature=2 1 2 6 1 2 2 1 6 6 1 23 5 18 17 6 9 2 22 16 5 6 5 15 16 6 8 21 17 18
split_gain=482.584 101.029 95.582 38.7178 19.5185 18.2212 16.1679 14.3023 13.2694 9.86423 7.62237 6.413 6.25224 6.05859 5.62241 5.28359 5.0721 5.05396 4.84306 4.82996 4.82149 7.39148 6.89886 6.01369 5.80122 5.11085 5.27774 7.06124 7.86134 4.73732
threshold=0.38791022347191179 0.24898241696460935 0.23104280321486234 0.50386600506167689 0.28708283627623377 0.13864839685674724 0.30344743020555942 0.17311083563382071 0.55368860142482201 0.59328415932872536 0.31303753607606449 70.500000000000014 0.022270801142404543 13.29166666666667 0.91666666666666685 0.60842659361448603 1670.4028442350971 0.066776523266600454 14.500000000000002 1.4500000000000002 0.032072063658007195 0.65053304785163879 0.028284479389977805 3.0833333333333335 1.6333333333333335 0.53392814983867176 1500.7674075422631 1.6333333333333337 1.8166666666666669 8.7083333333333339
decision_type=2 2 2 2 2 2 2 2 2 2 2 2 2 2 2 2 2 2 2 2 2 2 2 2 2 2 2 2 2 2
left_child=2 7 5 6 11 15 -4 -2 29 -5 -8 -3 -9 -10 18 -1 19 -17 -6 -15 22 -22 25 24 -24 -14 27 28 -27 -7
right_child=1 4 3 9 14 8 10 12 13 -11 -12 -13 20 16 -16 17 -18 -19 -20 -21 21 -23 23 -25 -26 26 -28 -29 -30 -31
leaf_value=-0.0087688133938623979 0.017555186041222928 0.0058063714382856502 -0.0030083508061260868 0.001506070165979391 -0.0011944179953360195 -0.0074153244508769357 0.0010598759464495659 -0.0014114946840661955 -0.0028334157395094573 0.005835033543328854 -0.0018307390975428701 0.016508762638140027 0.0049585755713061272 -0.0015749818088652177 0.0031755968409777516 -0.0086015974233660218 -0.010373326947219678 -0.0044627814936953648 0.011519964668745813 0.0052736566602224347 0.007268995291875119 0.017877886181821127 0.00065816852419442223 0.01641748865710177 0.013687315104425099 0.017677169012402568 0.0073109147607618398 0.0055757118377453285 0.0029153508222203961 -0.0044883402016805398
leaf_weight=1962.1050124168396 714.68323373794556 4286.5259540081024 7060.3724179267883 3706.149441242218 1002.7960848808289 1032.0794534683228 3404.7679510116577 60.774794340133667 1515.1402742862701 1089.3329920768738 2553.2449421882629 90.824682474136353 228.6296112537384 275.67018795013428 1600.6254730224609 718.23254132270813 51.672170639038086 1389.8432104587555 49.340771675109863 407.15671849250793 701.47593688964844 123.52839756011963 83.782134056091309 836.35140752792358 156.96567940711975 454.50342798233032 311.79021024703979 138.15036606788635 66.60083532333374 6298.7990889549255
leaf_count=867 252 1690 3011 1520 413 448 1411 24 647 434 1078 35 88 117 653 317 22 610 20 170 265 45 32 312 59 170 117 52 25 2727
internal_value=1.63274e-06 0.00725159 -0.00251175 -0.000581772 0.00439162 -0.0050301 -0.00171356 0.0124347 -0.00407678 0.00249044 -0.000178967 0.00603215 0.0112724 -0.00138872 0.0016833 -0.0072725 0.00159122 -0.00587631 -0.000587795 0.00251047 0.0115213 0.00887719 0.0124751 0.0148086 0.00917455 0.0103695 0.0116371 0.0136689 0.0157997 -0.00490137
internal_weight=42371.9 10907.3 31464.6 17813.9 7030.11 13650.7 13018.4 3877.24 9580.52 4795.48 5958.01 4377.35 3162.55 2249.64 2652.76 4070.18 734.499 2108.08 1052.14 682.827 3101.78 825.004 2276.77 1077.1 240.748 1199.67 971.045 659.255 521.104 7330.88
internal_count=17631 4252 13379 7454 2811 5925 5500 1441 4131 1954 2489 1725 1189 956 1086 1794 309 927 433 287 1165 310 855 403 91 452 364 247 195 3175
is_linear=0
shrinkage=0.04


Tree=9
num_leaves=31
num_cat=0
split_feature=2 2 2 6 6 2 2 6 6 6 6 20 6 23 5 5 6 8 14 6 12 20 23 19 8 6 2 22 6 6
split_gain=481.552 90.5737 74.0289 44.4389 21.6366 18.0954 17.4172 16.6145 12.5669 12.1409 8.76247 6.72231 6.42209 5.7554 5.72721 8.1768 5.59324 5.55053 5.40386 5.26296 5.14895 4.79907 4.69894 4.65758 4.54872 5.19302 4.20185 4.13845 4.12409 4.06097
threshold=0.38791022347191179 0.23104280321486234 0.53125570164879854 0.4858973431777987 0.5064102985555462 0.16561168797789097 0.30344743020555942 0.53392814983867176 0.52435913451107508 0.65053304785163879 0.57376944900321891 -2.0833333333333326 0.40174068550707603 7.5000000000000009 0.036810853221245672 0.032699404054646448 0.43527877089573874 1495.75162115427 13.183333333333335 0.40773009950248762 2.9166666666666674 1.5500000000000005 76.500000000000014 4.8166666666666673 1356.1999963283604 0.55368860142482201 0.45678866462499662 7.5000000000000009 0.6379924631723195 0.59577173691082475
decision_type=2 2 2 2 2 2 2 2 2 2 2 2 2 2 2 2 2 2 2 2 2 2 2 2 2 2 2 2 2 2
left_child=1 5 8 6 -4 29 18 19 11 24 -5 -2 23 -11 15 -15 17 -8 -3 -7 -9 -12 26 -13 25 -6 -14 -27 -26 -1
right_child=2 3 4 10 9 7 16 20 -10 13 21 12 22 14 -16 -17 -18 -19 -20 -21 -22 -23 -24 -25 28 27 -28 -29 -30 -31
leaf_value=-0.0073822020318638337 -0.0069713254150323666 -0.0039836446464856972 0.0055569080651260514 0.0013068887160450255 0.007529976509964089 -0.0066157829311011187 -0.00022654817833138484 -0.00065435007567631921 0.0071873932243564122 0.014733566159077512 0.0041951135831083198 0.0021262506797747015 0.0033449643854068642 0.023729961635051901 0.031419061802408395 0.0059151441201828478 0.0014832797980106355 -0.0036594863000266073 -0.0010304690028306366 -0.0038488100719327595 0.01034348208298495 0.013637484567207446 0.01561065152631823 -0.0053153675169548458 0.011558820487260743 0.024718851528798248 0.0061740167912722778 0.011425769088114742 0.0051655661333447431 -0.0053370129821689377
leaf_weight=3420.1316785812378 93.621098041534424 5058.2593321800232 783.40646052360535 4332.4227504730225 71.275228261947632 1534.3587493896484 2591.0565936565399 1767.9496412277222 2319.8130836486816 479.38482451438904 1587.6203649044037 703.87044548988342 2395.5426194667816 135.25610709190369 77.386690139770508 60.285953998565674 1830.6591215133667 1061.696982383728 1234.0625710487366 3911.670548915863 69.840232133865356 90.336762189865112 59.321913719177246 165.33598899841309 2129.334410905838 119.6727283000946 1297.8941195011139 58.441102266311646 177.18799352645874 2877.8871545791626
leaf_count=1515 38 2167 305 1788 27 668 1088 747 897 169 635 291 963 48 26 21 759 447 527 1697 29 36 23 69 789 43 513 21 64 1269
internal_value=0.000117296 -0.00241878 0.00726626 -0.000540443 0.0115442 -0.00487834 -0.00196882 -0.00351985 0.00477701 0.0129599 0.00225794 0.00358996 0.00380535 0.0174383 0.0221178 0.0182957 -0.00032078 -0.00122508 -0.00340472 -0.00462945 -0.000231009 0.00471129 0.00452278 0.000706263 0.0116355 0.016799 0.00434051 0.0204454 0.0110701 -0.00644865
internal_weight=42495 31368 11127 17786.1 4091.63 13581.8 11775.7 7283.82 7035.4 3308.23 6010.38 4715.59 4621.97 752.314 272.929 195.542 5483.41 3652.75 6292.32 5446.03 1837.79 1677.96 3752.76 869.206 2555.91 249.389 3693.44 178.114 2306.52 6298.02
internal_count=17679 13372 4307 7447 1513 5925 4988 3141 2794 1208 2459 1897 1859 264 95 69 2294 1535 2694 2365 776 671 1499 360 944 91 1476 64 853 2784
is_linear=0
shrinkage=0.04


Tree=10
num_leaves=31
num_cat=0
split_feature=2 2 1 6 2 1 2 6 1 6 9 20 5 6 14 6 6 23 12 23 10 14 6 18 6 2 11 2 2 2
split_gain=460.293 87.7051 85.5407 42.7033 17.6468 17.5253 16.8288 16.0976 10.2427 8.38099 6.60676 5.76014 6.04668 5.89931 5.2357 5.23427 5.13404 4.98058 4.90223 4.64451 4.10013 4.5224 4.00269 3.98971 3.97776 6.07745 3.9618 5.49505 4.69033 3.7809
threshold=0.38791022347191179 0.23104280321486234 0.23977703948455145 0.4858973431777987 0.16561168797789097 0.28708283627623377 0.30344743020555942 0.53392814983867176 0.17311083563382071 0.58868058280694213 1478.8367311368736 -2.0833333333333326 0.03868581914834935 0.63971428248255291 13.183333333333335 0.35217926947024941 0.40773009950248762 5.5000000000000009 2.9166666666666674 70.500000000000014 37.208538860343886 16.208333333333339 0.53855745252253995 16.550000000000004 0.59577173691082475 0.12518807825740258 0.48734426342139342 0.31207578704830136 0.33530795218098858 0.32129206026687879
decision_type=2 2 2 2 2 2 2 2 2 2 2 2 2 2 2 2 2 2 2 2 2 2 2 2 2 2 2 2 2 2
left_child=1 4 8 6 24 11 14 16 -2 -5 -8 22 13 19 -3 -12 -6 -11 23 20 21 -13 -4 -9 -1 -26 -19 -28 -29 -17
right_child=2 3 5 9 7 -7 10 18 -10 17 15 12 -14 -15 -16 29 -18 26 -20 -21 -22 -23 -24 -25 25 -27 27 28 -30 -31
leaf_value=-0.0072897495558093828 0.016588200103335383 -0.0039202714526716791 -0.0075162377566253113 0.0014593108130839076 -0.0065279066601053341 0.0021844395055407944 0.0017716248913832995 -0.0010436764704686915 0.011260388591082294 -0.00071929586495233957 -0.0047603186339188544 0.0063700221764453821 -0.0031760419893965882 0.016013374493161772 -0.0010110680510929033 -0.0030449525413980363 -0.0037870697399016613 0.0011212787073207554 0.010036991124769216 0.014525317781525944 0.0025652903767857237 0.015210836611949847 0.0063658943259032362 0.0083310002747618035 -0.0062893194103396692 -0.0019583470661200335 0.0049255307602841351 0.017746080259354296 0.0076780785632870928 0.00015783526670587778
leaf_weight=3394.976597070694 755.61573839187622 5038.1492073535919 81.598930597305298 4813.5756890773773 1524.2412958145142 2681.3413136005402 1682.3742108345032 1691.8964319229126 2536.6034319400787 192.2637357711792 572.3834125995636 4234.0483646392822 103.26228928565979 103.24187207221985 1232.7915704250336 775.51958322525024 3896.6442811489105 192.46786689758301 70.566372871398926 108.91576027870178 454.66003561019897 94.22266411781311 54.657721042633057 74.896719455718994 2181.0879011154175 681.48081707954407 511.31969428062439 122.9012565612793 191.43197178840637 2451.3878309726715
leaf_count=1515 258 2167 33 1981 668 1093 702 716 925 76 244 1644 40 39 527 327 1697 76 29 41 177 36 21 31 971 298 203 48 75 1021
internal_value=0.000114692 -0.00237664 0.00706989 -0.000530064 -0.00480511 0.00481527 -0.00193361 -0.00346228 0.0124879 0.00220808 -0.00031455 0.00616219 0.00637912 0.00657724 -0.00334861 -0.00123856 -0.0045588 0.0051822 -0.000226414 0.00637486 0.00618627 0.00656595 -0.00194178 -0.000641784 -0.00636189 -0.00525931 0.00629626 0.00749978 0.0116584 -0.000612593
internal_weight=42500.5 31292.4 11208.2 17776.6 13515.8 7915.95 11752.6 7258.25 3292.22 6023.96 5481.67 5234.61 5098.35 4995.09 6270.94 3799.29 5420.89 1210.38 1837.36 4891.85 4782.93 4328.27 136.257 1766.79 6257.55 2862.57 1018.12 825.653 314.333 3226.91
internal_count=17679 13372 4307 7447 5925 3124 4988 3141 1183 2459 2294 2031 1977 1937 2694 1592 2365 478 776 1898 1857 1680 54 747 2784 1269 402 326 123 1348
is_linear=0
shrinkage=0.04


Tree=11
num_leaves=31
num_cat=0
split_feature=2 2 1 1 2 2 1 8 15 2 1 1 10 18 5 20 5 1 9 1 13 19 14 0 5 1 0 8 23 10
split_gain=440.033 84.9164 80.1666 27.9758 17.8055 17.2524 16.6135 10.6538 7.85969 7.83618 7.40907 7.3408 6.01827 5.67097 5.54212 5.476 5.75315 5.41673 5.37221 5.13744 4.78709 7.25141 4.73332 4.53089 4.39583 4.2441 6.19051 5.63732 5.35646 4.58504
threshold=0.38791022347191179 0.23104280321486234 0.23977703948455145 0.28254110308651986 0.31982536311144349 0.17633327861573364 0.28708283627623377 1351.1714663125008 5.6333333333333337 0.28061887467132202 0.13091848254571339 0.31303753607606449 -44.816937334797665 10.91666666666667 0.036615073516104275 -2.0833333333333326 0.03868581914834935 0.22801970677249353 1540.8064345572564 0.25742633686007937 1.2250000000000003 4.0833333333333348 13.183333333333335 0.15312812783014293 0.022853844306059638 0.25461846564838636 0.19083883706667495 1392.2691382532116 68.500000000000014 37.208538860343886
decision_type=2 2 2 2 2 2 2 2 2 2 2 2 2 2 2 2 2 2 2 2 2 2 2 2 2 2 2 2 2 2
left_child=1 5 7 9 22 18 15 17 -7 19 14 -6 -11 -12 -9 -4 25 23 20 -3 -1 -22 -5 -2 -15 26 -17 -28 29 -27
right_child=2 3 6 4 11 8 -8 10 -10 12 13 -13 -14 24 -16 16 -18 -19 -20 -21 21 -23 -24 -25 -26 28 27 -29 -30 -31
leaf_value=-0.0071796938700010382 0.018564071926866734 0.0032330065742613447 -0.0019075087492873336 -0.0032687999364020277 0.0016068497431202581 -0.0037722709375758866 0.0021363477646923748 0.01271701863208639 0.00028759899485347496 -0.0010565036433839885 0.00034504715056630895 -0.0015594711180590512 0.0040847954982265742 0.0016931863598370618 0.029280578525060559 0.003423342207982843 -0.0031234686999900316 0.0084020060911586484 -0.0025901237325646493 -0.00086846771889746222 -0.0064257197474702401 -0.001448911564126762 -0.00074829090479715135 0.03154696197452956 0.011470604013226984 0.0060147644844558605 0.018927221093659585 0.0089872372978815462 0.01541131351182665 0.0015347926396093816
leaf_weight=4358.9094572067261 197.29201936721802 670.09380459785461 135.99468874931335 6079.2784423828125 2898.81853723526 5364.6768958568573 2687.2049465179443 72.045793294906616 889.27112174034119 427.5586576461792 79.157689571380615 1964.6894524097443 2446.7766635417938 76.000247716903687 62.077160835266113 290.14677548408508 102.93484449386597 63.384804487228394 648.54992938041687 1796.3131446838379 1509.6658892631531 679.97765326499939 1483.6813061237335 58.518403768539429 2725.1064467430115 3350.8537743091583 103.66092133522034 783.03307271003723 89.145659685134888 411.17772531509399
leaf_count=1950 67 269 54 2611 1193 2337 1093 24 378 173 29 831 988 29 20 112 40 23 287 750 673 300 632 20 971 1298 39 295 33 160
internal_value=0.00011212 -0.00233513 0.00688005 -0.000519884 -0.00156042 -0.00473264 0.00469675 0.0120866 -0.00319503 0.001901 0.0113431 0.000327708 0.00331992 0.0109078 0.0205432 0.00600242 0.00621241 0.0190499 -0.00606813 0.000246713 -0.00641213 -0.00488158 -0.0027745 0.0216453 0.011206 0.00640411 0.00851043 0.0101693 0.00575843 0.00552566
internal_weight=42506 31218.3 11287.7 17767.2 12426.5 13451.1 7954.15 3333.58 6253.95 5340.74 3014.39 4863.51 2874.34 2880.26 134.123 5266.95 5130.95 319.195 7197.1 2466.41 6548.55 2189.64 7562.96 255.81 2801.11 5028.02 1176.84 886.694 3851.18 3762.03
internal_count=17679 13372 4307 7447 5267 5925 3124 1183 2715 2180 1073 2024 1161 1029 44 2031 1977 110 3210 1019 2923 973 3243 87 1000 1937 446 334 1491 1458
is_linear=0
shrinkage=0.04


Tree=12
num_leaves=31
num_cat=0
split_feature=2 2 4 6 6 2 2 6 6 6 22 8 16 6 6 6 19 12 21 14 8 19 21 20 9 2 6 20 5 12
split_gain=410.806 84.8549 65.9327 35.6739 19.7431 18.9099 14.2923 13.1635 10.5922 10.5357 6.58026 6.77614 6.53237 6.08649 5.77463 5.31327 5.29859 4.85804 6.27652 7.17192 5.2125 4.83292 4.69205 4.42079 4.36358 4.17167 4.13985 4.10423 4.07204 4.69636
threshold=0.38791022347191179 0.23104280321486234 0.12324200261786054 0.50514142215173152 0.5064102985555462 0.17471120520980019 0.32129206026687879 0.54719418467685788 0.57376944900321891 0.66628264208909382 5.5000000000000009 1452.2203030261196 1.7750000000000001 0.34982352745313494 0.4067158406712747 0.38077788302154875 5.0833333333333348 1.0833333333333337 0.80000000000000027 13.183333333333335 1346.1027639135052 3.2250000000000005 -0.70833333333333337 -0.33333333333333331 1687.8925666734606 0.53686693903120475 0.34382199521843088 0.63333333333333353 0.036441426641012693 1.0833333333333337
decision_type=2 2 2 2 2 2 2 2 2 2 2 2 2 2 2 2 2 2 2 2 2 2 2 2 2 2 2 2 2 2
left_child=1 5 7 6 24 21 17 14 15 27 12 16 -5 -8 22 -7 -12 18 19 20 -3 -1 -2 -10 25 -4 -22 -6 -11 -30
right_child=2 3 4 10 9 8 13 -9 23 28 11 -13 -14 -15 -16 -17 -18 -19 -20 -21 26 -23 -24 -25 -26 -27 -28 -29 29 -31
leaf_value=-0.0076896828411551115 0.011255744586697227 0.008733502904475738 0.013135542936710459 -0.0029780409432162724 0.011182975088177099 -0.0067337620838105747 -0.0037506541864559496 0.0072439970713933993 -0.0050863711023899898 0.014516044955896697 -0.0016673826860789699 0.0040835623196985487 0.0042646487406677036 0.00075501234338116411 0.0038254978739851605 -0.0033122820551359806 0.0059689587383013314 -0.0034628284541958205 -0.006993804466719507 0.0032167936418368644 -0.0055302571207485121 -0.0054442361159756248 -0.00031599992352563495 0.0020003253780059129 0.0086705575201130834 0.001232830140130496 -0.0014626304610925345 0.005251053355383878 0.013964408779880292 0.027922407220807872
leaf_weight=2297.3805601596832 58.765866994857788 72.429718732833862 51.724802732467651 608.987384557724 2634.4069042205811 862.6836085319519 543.90132737159729 1705.5394532680511 170.87902402877808 461.4815149307251 657.37788653373718 2961.3727056980133 294.91534376144409 4008.0290892124176 4330.979104757309 4611.3656024932861 185.58230996131897 4502.4899344444275 314.46131634712219 524.98591828346252 466.43811631202698 4677.4825778007507 904.48371434211731 779.28120350837708 289.87657737731934 445.51854491233826 2799.9605143070221 203.65748715400696 71.717170000076294 93.167338132858276
leaf_count=1038 24 31 20 247 938 382 233 643 73 156 267 1192 119 1663 1701 2017 75 1936 135 222 202 2094 372 326 110 171 1203 73 23 30
internal_value=1.95106e-05 -0.0023343 0.00657557 -0.000535512 0.0105042 -0.00474261 -0.00159944 0.00418821 -0.00317604 0.0118036 0.00245441 0.00318316 -0.000612875 0.000215933 0.00320261 -0.00385262 1.88803e-05 -0.00255128 -0.00156841 -0.00112516 -0.00180863 -0.00618484 0.000400909 0.00072183 0.00477733 0.00249487 -0.002045 0.0107593 0.0165107 0.0219721
internal_weight=42591.3 31340 11251.3 17940.9 4251.55 13399.1 13232.7 6999.77 6424.21 3464.43 4708.24 3804.33 903.903 4551.93 5294.23 5474.05 842.96 8680.77 4178.28 3863.81 3338.83 6974.86 963.25 950.16 787.12 497.243 3266.4 2838.06 626.366 164.885
internal_count=17716 13455 4261 7525 1521 5930 5625 2740 2798 1220 1900 1534 366 1896 2097 2399 342 3729 1793 1658 1436 3132 396 399 301 191 1405 1011 209 53
is_linear=0
shrinkage=0.04


Tree=13
num_leaves=31
num_cat=0
split_feature=2 2 1 6 2 2 1 1 6 22 8 16 13 1 21 19 6 19 19 13 6 2 12 21 12 21 13 22 21 6
split_gain=392.952 82.1482 79.352 34.2596 18.4268 13.7852 11.6031 11.4475 10.2402 6.28972 6.46192 6.2718 6.22332 5.91464 5.85534 5.59262 5.17702 5.06888 4.73472 6.46751 6.51836 4.75506 4.70257 6.08995 4.67072 4.59815 4.59623 4.58373 4.55411 4.48153
threshold=0.38791022347191179 0.23104280321486234 0.24898241696460935 0.50514142215173152 0.17471120520980019 0.32129206026687879 0.17311083563382071 0.29192709269836775 0.57376944900321891 5.5000000000000009 1452.2203030261196 1.7750000000000001 2.2250000000000005 0.31303753607606449 -0.16666666666666655 3.4500000000000006 0.38077788302154875 5.0833333333333348 3.2250000000000005 1.2250000000000003 0.58868058280694213 0.16038796561266919 1.0833333333333337 0.80000000000000027 1.2250000000000003 0.16666666666666663 1.0833333333333337 12.500000000000002 0.80000000000000027 0.4221951727549666
decision_type=2 2 2 2 2 2 2 2 2 2 2 2 2 2 2 2 2 2 2 2 2 2 2 2 2 2 2 2 2 2
left_child=1 4 6 5 18 22 26 12 16 11 17 -5 15 -7 -14 24 -6 -11 -1 -20 -21 -22 23 29 -4 -23 -2 -28 -9 -3
right_child=2 3 7 9 8 13 -8 28 -10 10 -12 -13 14 -15 -16 -17 -18 -19 19 20 21 25 -24 -25 -26 -27 27 -29 -30 -31
leaf_value=-0.0075957509524143202 0.0073313164253785467 -0.0023015924375113682 -0.0023818494961844838 -0.0029277633570472888 -0.0066451551190789037 0.0014519495374503135 0.009781997408308719 0.0024466706089215922 0.00070683341952609228 -0.0016370638737856576 0.0039860055014013622 0.0041623156243229525 0.0058988427010430149 -0.0014634103000361377 -0.0016258423623366305 0.0058654431673387788 -0.0032573811357165857 0.0058160447089304528 -0.006401637317234192 -0.00613274481864063 -0.0021616149420891572 0.00043746206721503807 -0.0034059501371165729 -0.0069037697622806697 0.0077859074118762596 0.015868418931572176 0.01771816614406127 0.0080843738390657359 -0.001861834739924847 0.00044675187468220899
leaf_weight=2279.7821877002716 105.63329076766968 2177.5819022655487 247.25374484062195 607.17649269104004 856.89400863647461 2615.8856439590454 3351.2850515842438 1591.995573759079 950.85365748405457 656.28269958496094 2973.4903705120087 296.17573857307434 273.03903150558472 1937.0358595848083 416.81133151054382 4037.2621660232544 4596.1166779994965 186.69335460662842 3138.2490038871765 676.30601286888123 705.1352858543396 84.703866481781006 4486.9255797863007 312.26971578598022 100.98671984672546 47.692254304885864 587.05043482780457 94.172597885131836 520.05785751342773 1681.8945033550262
leaf_count=1038 35 940 96 247 382 1075 1195 645 399 267 1192 119 106 821 162 1548 2017 75 1418 304 316 36 1936 135 39 20 191 31 213 718
internal_value=1.88711e-05 -0.00229346 0.0064023 -0.000525251 -0.0046708 -0.00157027 0.0108144 0.00386088 -0.00312303 0.00239965 0.0031099 -0.000601157 0.00489055 0.000211564 0.00135661 0.00544601 -0.00379086 1.85067e-05 -0.00610001 -0.00536554 -0.00321485 -0.00085415 -0.00250711 -0.00153978 0.000580563 0.00607335 0.0151936 0.0164002 0.00138539 -0.00110411
internal_weight=42592.7 31267.1 11325.5 17931.4 13335.7 13211.6 4138.14 7187.41 6403.86 4719.82 3816.47 903.352 5075.35 4552.92 689.85 4385.5 5453.01 842.976 6931.87 4652.09 1513.84 837.531 8658.67 4171.75 348.24 132.396 786.856 681.223 2112.05 3859.48
internal_count=17716 13455 4261 7525 5930 5625 1452 2809 2798 1900 1534 366 1951 1896 268 1683 2399 342 3132 2094 676 372 3729 1793 135 56 257 222 858 1658
is_linear=0
shrinkage=0.04


Tree=14
num_leaves=31
num_cat=0
split_feature=4 4 1 6 4 4 1 1 6 18 21 22 8 16 6 13 8 4 19 13 19 13 6 4 12 21 14 8 10 19
split_gain=375.788 79.5268 74.6787 32.8958 17.9528 13.3074 10.9517 10.7507 9.92951 6.2527 6.02755 6.01271 6.16333 6.02186 5.77617 6.65173 5.19933 6.14452 4.84972 4.66318 4.63718 6.30799 6.32773 4.55623 4.55154 5.90811 6.87214 4.98821 4.49875 4.47924
threshold=-0.45634176738527304 -1.2024323281165128 0.24898241696460935 0.50514142215173152 -1.552599025141985 -0.74784034754929263 0.29300414683374232 0.17311083563382071 0.53392814983867176 14.91666666666667 0.80000000000000027 5.5000000000000009 1452.2203030261196 1.7750000000000001 0.34982352745313494 1.7083333333333337 1404.9665054939758 -0.11049762977508672 5.0833333333333348 1.6333333333333335 3.2250000000000005 1.2250000000000003 0.58868058280694213 -1.6553442773173914 1.0833333333333337 0.80000000000000027 13.183333333333335 1346.1027639135052 -77.055266334667962 5.916666666666667
decision_type=2 2 2 2 2 2 2 2 2 2 2 2 2 2 2 2 2 2 2 2 2 2 2 2 2 2 2 2 2 2
left_child=1 4 7 5 20 24 9 -2 -6 16 29 13 18 -5 15 -7 17 28 -13 -10 -1 -22 -23 -24 25 26 27 -3 -4 -8
right_child=2 3 6 11 8 14 10 -9 19 -11 -12 12 -14 -15 -16 -17 -18 -19 -20 -21 21 22 23 -25 -26 -27 -28 -29 -30 -31
leaf_value=-0.007502255405553937 0.014666071666440928 0.0085175428213094956 0.0073572588997941569 -0.0028781891447285132 -0.0039727287987467172 -0.005230055902364715 0.0028817832973672768 0.0094935050356894906 0.0012282552822679357 0.0068308940461346088 -0.0026544351537856319 -0.0016072471661439053 0.0038911626057045994 0.0040628552149570571 0.00073263872259285391 0.0088364369459257609 0.0047012570129864751 -0.0024509718106388769 0.0056679140861213293 -0.0033873107938997729 -0.0063152111999376769 -0.0060484051850270152 -0.0021233636262831842 0.0059187486688937682 -0.0033498140346682327 -0.0068142784415554259 0.0031600194002122414 -0.0019878364098144374 -0.00018614252770522458 -0.0092147354634076369
leaf_weight=2262.5311558246613 798.8921594619751 72.988468408584595 293.62401437759399 605.40142440795898 4810.6157839298248 481.45003867149353 1480.6255917549133 3384.2281799316406 1048.6971552371979 1585.1009125709534 478.97410726547241 655.20920372009277 2985.3663833141327 297.4110848903656 4010.4420399665833 59.622737646102905 2701.2494356632233 406.74660539627075 187.78233647346497 524.6014940738678 3118.2232322692871 672.17107939720154 703.61268782615662 133.19602108001709 4471.6693077087402 310.12130069732666 526.28297305107117 3255.9503660202026 221.58491635322571 49.697699785232544
leaf_count=1038 257 31 113 247 2131 208 599 1195 443 603 197 267 1192 119 1662 25 1035 157 75 224 1418 304 316 56 1936 135 222 1405 86 20
internal_value=1.82283e-05 -0.00225317 0.00623263 -0.000514843 -0.00459974 -0.00154131 0.00376718 0.0104846 -0.00307073 0.00473485 0.00125777 0.00234624 0.00303856 -0.000589654 0.00020898 -0.00366658 0.00381623 0.00122088 1.8142e-05 -0.000311935 -0.00601585 -0.00528759 -0.00316129 -0.000837753 -0.00246359 -0.00151162 -0.00108341 -0.00175501 0.00411886 0.00248318
internal_weight=42594.1 31193.3 11400.7 17919.7 13273.6 13188.5 7217.6 4183.12 6383.91 5208.31 2009.3 4731.17 3828.36 902.813 4551.51 541.073 3623.2 921.956 842.992 1573.3 6889.73 4627.2 1508.98 836.809 8637.01 4165.34 3855.22 3328.94 515.209 1530.32
internal_count=17716 13454 4262 7524 5930 5624 2810 1452 2798 1994 816 1900 1534 366 1895 233 1391 356 342 667 3132 2094 676 372 3729 1793 1658 1436 199 619
is_linear=0
shrinkage=0.04


Tree=15
num_leaves=31
num_cat=0
split_feature=2 2 2 6 6 2 6 6 2 6 6 2 10 6 16 21 13 16 16 2 5 8 2 13 5 5 2 5 8 17
split_gain=374.982 80.1889 58.14 32.4658 18.6417 15.9295 12.5539 11.466 10.9175 9.83687 7.5452 7.08141 5.6062 5.50886 4.807 5.30968 4.73344 5.26449 4.70094 4.4259 4.31857 4.2374 7.62712 3.94101 3.82414 3.90418 5.29938 4.36772 4.42588 5.97024
threshold=0.38791022347191179 0.23104280321486234 0.53125570164879854 0.49362240747610037 0.66628264208909382 0.16561168797789097 0.57376944900321891 0.52435913451107508 0.30344743020555942 0.5064102985555462 0.55256444815547778 0.48133848418936381 -50.722430794597805 0.4271242963991056 2.4500000000000006 0.49999999999999989 1.1833333333333336 1.9166666666666667 2.6333333333333337 0.53686693903120475 0.020821241394830218 1502.1858217852875 0.79144775475616391 2.0833333333333335 0.022152994126501849 0.023914094686881774 0.52533534371670243 0.027370414018237036 1384.4706709889547 1.4500000000000002
decision_type=2 2 2 2 2 2 2 2 2 2 2 2 2 2 2 2 2 2 2 2 2 2 2 2 2 2 2 2 2 2
left_child=1 5 7 8 9 16 -7 11 -3 19 -5 -2 -13 -10 15 -6 -1 -18 -16 -4 -12 22 -20 -17 -9 -26 27 -27 -29 -30
right_child=2 3 4 10 14 6 -8 24 13 -11 20 12 -14 -15 18 23 17 -19 21 -21 -22 -23 -24 -25 25 26 -28 28 29 -31
leaf_value=-0.0069419043751468637 0.0019913004131753022 -0.0028343282512507078 0.014009763489796632 0.00062823229838125693 0.0095906784845010817 -0.0041268663925744173 0.0004819517417039121 0.0017623300114207674 -0.0015086832557876032 0.009719112177934924 0.014394896989704127 0.0039905326304765908 0.010940266321338925 0.0010225300164339315 0.0048009075871898559 0.027423882327880445 -0.0050087487258860921 0.0048299775329603547 0.0054892873645957466 0.0037947929808968403 0.0033217065169450365 0.022386772383055462 0.022045003619638504 0.015729951702951415 0.010011104282193886 0.0015313309720096648 -0.0057671825560499804 0.013402286557386412 0.0083323565999282243 0.0021491544815703031
leaf_weight=4176.520446062088 3832.4918947219849 6605.3368363380432 73.981555461883545 3113.4334542751312 62.144485950469971 5935.4910790920258 1124.5568408966064 279.21528148651123 3249.3810639381409 2955.4705982208252 56.792210578918457 700.76499915122986 252.86135149002075 2384.329936504364 87.38124942779541 131.37939476966858 1861.0323314666748 90.516937971115112 116.53633666038513 738.69531440734863 2442.8030200004578 95.091021299362183 72.013101816177368 79.348219394683838 460.25812411308289 259.80534720420837 59.999532699584961 161.92648601531982 771.4514856338501 370.59971213340759
leaf_count=1923 1519 2873 28 1275 20 2635 473 105 1375 1021 22 270 97 986 28 42 849 40 37 277 966 31 22 25 171 97 22 60 286 138
internal_value=-3.31748e-05 -0.0023235 0.00611558 -0.000575988 0.00972613 -0.00468879 -0.00339279 0.00388637 -0.00173114 0.00864698 0.00194265 0.00275977 0.00584284 -0.000437418 0.0160183 0.0200817 -0.0061811 -0.00455017 0.0129838 0.00474078 0.00357895 0.0154789 0.0118954 0.0231157 0.00616586 0.00675471 0.0058261 0.00627431 0.00721741 0.00632952
internal_weight=42601.6 31040.2 11561.4 17852.1 4412.04 13188.1 7060.05 7149.37 12239 3768.15 5613.03 4786.12 953.626 5633.71 643.894 272.872 6128.07 1951.55 371.022 812.677 2499.6 283.64 188.549 210.728 2363.26 2084.04 1623.78 1563.78 1303.98 1142.05
internal_count=17713 13417 4296 7497 1531 5920 3108 2765 5234 1326 2263 1886 367 2361 205 87 2812 889 118 305 988 90 59 67 879 774 603 581 484 424
is_linear=0
shrinkage=0.04


Tree=16
num_leaves=31
num_cat=0
split_feature=2 2 1 6 2 6 1 2 1 6 1 1 15 6 13 5 21 18 18 0 6 2 5 18 18 2 0 5 5 10
split_gain=358.871 77.6302 65.4247 31.2012 15.5997 14.5401 13.1369 10.5413 10.3293 7.20397 6.05933 5.32888 5.14896 5.02859 6.67358 4.98156 4.73334 4.81708 4.60506 4.98565 4.3432 5.9687 4.24075 4.2338 4.2131 4.08889 4.49087 4.06489 4.03815 5.72875
threshold=0.38791022347191179 0.23104280321486234 0.23887413850237002 0.49362240747610037 0.1336136742054834 0.55368860142482201 0.29300414683374232 0.30344743020555942 0.17311083563382071 0.55256444815547778 0.29456315850173942 0.31303753607606449 5.291666666666667 0.53717973162216726 2.0833333333333335 0.022152994126501849 0.80000000000000027 10.91666666666667 13.29166666666667 0.64141030323828985 0.6100853304284678 0.066776523266600454 0.025041577370277349 14.083333333333334 16.450000000000003 0.17633327861573364 0.55194124447919368 0.020821241394830218 0.023195848640823472 -127.96738849408017
decision_type=2 2 2 2 2 2 2 2 2 2 2 2 2 2 2 2 2 2 2 2 2 2 2 2 2 2 2 2 2 2
left_child=1 4 8 7 20 25 13 -3 12 10 24 -9 -2 14 -4 -15 -8 -18 19 -7 -1 -22 -20 -16 -5 -6 -27 -11 29 -10
right_child=2 3 6 9 5 18 16 11 28 27 -12 -13 -14 15 23 -17 17 -19 22 -21 21 -23 -24 -25 -26 26 -28 -29 -30 -31
leaf_value=-0.0083421613855858608 0.015573320506901031 -0.002786001045981177 0.0048355388093045074 0.00058436818820546568 -0.0060893348317862962 -0.0011379019288919586 0.0023142323939720996 0.00067411885510907158 -0.0044673610092380708 0.013913637615757941 0.0084459451748185518 -0.0018011285190920408 0.0059669327296497376 0.0011386023798594985 -0.0015560052750375143 0.0072045984875437653 -0.01199419863241495 -0.00059723323834645289 0.0090028790251952505 -0.0066547045920171723 -0.0086198899649519121 -0.003974455902355639 0.00032479784497894981 0.0051551831578662633 -0.0059804724438108064 -0.0045147809196686151 -0.0010499217658872185 0.0032448514876162668 0.0096487311706738646 0.012184587379518708
leaf_weight=1674.1534702777863 734.39125609397888 6586.6416676044464 3258.2422049045563 2801.2534630298615 2227.8145296573639 1298.8237736225128 1541.9890947341919 3122.0561895370483 78.232227087020874 57.615640640258789 149.47545409202576 2509.195511341095 103.52293348312378 245.63650131225586 482.9496636390686 1858.7548282146454 67.604493141174316 440.18055653572083 103.61556696891785 327.56079316139221 673.15382170677185 1299.2656185626984 649.86817622184753 217.23221206665039 164.66112160682678 4172.6530423164368 699.55386352539062 2450.9308149814606 2547.7767066955566 55.785554170608521
leaf_count=782 229 2873 1238 1147 1024 563 621 1290 28 22 61 1071 33 92 189 683 28 181 44 149 313 596 277 84 67 1863 309 966 870 20
internal_value=-3.27005e-05 -0.00228278 0.00595728 -0.000564911 -0.00461752 -0.00376156 0.00398052 -0.00169975 0.0105111 0.00190036 0.000615367 -0.000428936 0.014395 0.00491634 0.00407438 0.00649742 0.00121149 -0.00213517 -0.00105521 -0.00225242 -0.00684109 -0.00556343 0.00152852 0.000530531 0.00021801 -0.00466843 -0.00401761 0.00349534 0.0092927 0.002503
internal_weight=42600.6 30968.3 11632.3 17841.8 13126.5 9479.89 8112.59 12217.9 3519.71 5623.94 3115.39 5631.25 837.914 6062.82 3958.42 2104.39 2049.77 507.785 2379.87 1626.38 3646.57 1972.42 753.484 700.182 2965.91 7100.02 4872.21 2508.55 2681.79 134.018
internal_count=17713 13417 4296 7497 5920 4229 3116 5234 1180 2263 1275 2361 262 2286 1511 775 830 209 1033 712 1691 909 321 273 1214 3196 2172 988 918 48
is_linear=0
shrinkage=0.04


Tree=17
num_leaves=31
num_cat=0
split_feature=2 2 1 1 2 1 2 1 19 13 2 1 8 19 11 14 21 1 8 2 0 5 13 22 9 5 17 16 19 8
split_gain=343.479 75.1455 61.5625 21.1684 15.2194 12.4929 12.1894 9.58473 7.92466 9.12432 6.44257 6.23265 4.90925 6.16082 4.88644 4.82242 4.54222 4.46757 4.58387 4.44953 4.25003 5.01452 5.19179 4.05818 3.87231 4.36671 4.34165 3.85697 9.43452 6.50912
threshold=0.38791022347191179 0.23104280321486234 0.23887413850237002 0.28282782102168863 0.1336136742054834 0.29300414683374232 0.30344743020555942 0.17311083563382071 4.0833333333333348 0.91666666666666685 0.28061887467132202 0.31303753607606449 1554.4420891081097 6.4500000000000011 0.48734426342139342 7.0833333333333348 0.80000000000000027 0.22446178726388902 1700.3253746574896 0.16038796561266919 0.5066540489054393 0.02814855632599134 2.2916666666666674 6.5000000000000009 1715.0525490942443 0.032246273517143605 0.63333333333333341 2.183333333333334 6.2250000000000005 1351.1714663125008
decision_type=2 2 2 2 2 2 2 2 2 2 2 2 2 2 2 2 2 2 2 2 2 2 2 2 2 2 2 2 2 2
left_child=1 4 7 10 -1 12 -5 -2 -6 -10 20 -8 13 15 -12 -4 -7 19 -19 -11 21 22 -3 -15 -17 26 -26 28 29 -9
right_child=2 3 5 6 8 16 11 27 9 17 14 -13 -14 23 -16 24 -18 18 -20 -21 -22 -23 -24 -25 25 -27 -28 -29 -30 -31
leaf_value=-0.0067518047525913861 0.013906072089258455 0.00067532346741175408 -0.0026146177788198034 -0.0027417306581810131 -0.0045569125092161985 0.0022630007407701807 0.00081288165276393513 0.016004526232968413 -0.0051530158700891461 -0.0011675397227226959 8.791720893319684e-05 -0.0017685797341466594 0.0081226123207582095 -0.0040392959324052928 0.0037635886473317711 0.0047569009047593253 -0.0020978510032411365 -0.0022831748567386286 0.0075713978691736164 0.0055069353905504168 0.0044047316148952808 -0.0022444783527990919 0.011035151413203983 0.0032138203909868918 0.0041609690050076337 0.00042825282488003397 0.016129247675834742 0.0071838688901211803 0.015849613068297172 0.007427942743894772
leaf_weight=3621.7337324619293 850.06018042564392 889.99269771575928 134.65373635292053 6116.3818120956421 6110.1204273700714 1545.5617282390594 3714.3594391345978 163.48850035667419 1079.8589382171631 320.98890066146851 789.91789221763611 2504.6802322864532 635.74150848388672 210.06160545349121 2163.4669978618622 4529.3998780250549 506.71621417999268 1538.2205872535706 78.456114053726196 316.68833374977112 311.33799743652344 1257.8652439117432 83.789165019989014 296.25676202774048 73.085712909698486 65.030234336853027 148.47112631797791 1100.0298359394073 373.64939761161804 1069.663715839386
leaf_count=1691 262 367 52 2673 2756 621 1529 54 482 145 317 1071 235 78 861 1705 209 679 34 133 123 522 34 110 27 24 55 374 125 365
internal_value=-3.22992e-05 -0.0022427 0.00580378 -0.000554048 -0.00454706 0.00388571 -0.00147397 0.0101937 -0.00370095 -0.00213145 0.00151042 -0.000226903 0.00479482 0.00440571 0.00278085 0.00483544 0.00118579 -0.000682448 -0.00180056 0.00215062 3.44494e-05 -0.00057695 0.00157714 0.000202614 0.00504425 0.00955329 0.0122177 0.00902312 0.010277 0.00857705
internal_weight=42599.7 30897.9 11701.9 17831.8 13066.1 8144.98 12335.4 3556.89 9444.33 3334.21 5496.37 6219.04 6092.7 5456.96 2953.38 4950.64 2052.28 2254.35 1616.68 637.677 2542.99 2231.65 973.782 506.318 4815.99 286.587 221.557 2706.83 1606.8 1233.15
internal_count=17713 13417 4296 7497 5920 3116 5273 1180 4229 1473 2224 2600 2286 2051 1178 1863 830 991 713 278 1046 923 401 188 1811 106 82 918 544 419
is_linear=0
shrinkage=0.04


Tree=18
num_leaves=31
num_cat=0
split_feature=2 2 6 6 2 6 2 4 8 0 6 9 2 6 14 6 2 22 6 15 19 8 9 6 22 21 8 2 12 14
split_gain=317.423 67.2937 49.8294 28.3288 17.2503 16.6021 11.6264 9.32903 8.54396 6.62495 6.04341 5.84144 5.72834 9.95648 5.9302 5.49463 5.05887 4.93602 4.92521 4.80195 5.31419 5.0223 4.63626 4.52428 4.34341 4.28513 4.25309 4.13522 4.07606 4.06681
threshold=0.38791022347191179 0.17471120520980019 0.54897037332270504 0.48138858860442441 0.30344743020555942 0.65053304785163879 0.28061887467132202 -0.1564585762268256 1399.9199016344576 0.24493787352263166 0.59328415932872536 1479.5845436867692 0.060814206054760463 0.62726124511082137 10.816666666666668 0.5566861408633561 0.14048407340939775 8.5000000000000018 0.37637085479621152 2.7750000000000004 5.7750000000000012 1578.236115650988 1382.243465820648 0.34982352745313494 5.5000000000000009 -0.16666666666666666 1428.6335619387535 0.32129206026687879 1.0833333333333337 13.083333333333334
decision_type=2 2 2 2 2 2 2 2 2 2 2 2 2 2 2 2 2 2 2 2 2 2 2 2 2 2 2 2 2 2
left_child=1 12 7 4 18 8 15 17 -4 -10 22 -6 -1 16 -15 24 -14 25 -3 -7 29 -22 -8 -13 -5 -2 -9 -25 -19 -21
right_child=2 3 5 6 11 19 10 26 9 -11 -12 23 13 14 -16 -17 -18 28 -20 20 21 -23 -24 27 -26 -27 -28 -29 -30 -31
leaf_value=-0.0094363521459609207 0.0039294871413355342 -0.0048572552147562202 0.011205401315528316 -0.0041009654131688843 0.0016416947095044272 0.021486580660067804 0.010096194768573921 0.0033033705967111847 0.008115348277019185 0.0041988705050745572 0.005491912765616047 -0.0046663620345191274 -0.0075861522280242354 0.010893080993606067 -0.0029380406494872607 0.0009541507120866845 -0.0049416944419498699 0.0023199169077828524 -0.0027315730771712457 0.022176504572479928 0.0093689213097516329 0.019316043212794461 0.0012148068273858206 -0.0032080204339469919 -0.00079543615160818548 0.00044334850881914864 0.006208609470141656 0.00014276402431992013 0.0082003124803825475 0.0093992547860702949
leaf_weight=584.00321102142334 761.40660285949707 2319.3717460632324 808.16715717315674 878.29644560813904 1575.363409280777 105.88909697532654 95.792438268661499 1374.2390134334564 1726.7342772483826 1158.4853138923645 720.73649430274963 534.62126684188843 2222.6120619773865 50.366825342178345 1467.7927696704865 2029.010128736496 2437.0479657649994 421.83389496803284 7058.3626527786255 133.63070034980774 600.3841986656189 94.454705715179443 3343.6783785820007 783.12226057052612 2301.2822911739349 2170.683819770813 1965.0870263576508 2371.2606127262115 341.78641128540039 59.823691368103027
leaf_count=276 298 1035 274 382 658 32 39 511 583 424 275 233 1049 23 674 834 1123 165 3125 42 188 31 1355 335 989 854 726 987 132 20
internal_value=1.07729e-05 -0.00212296 0.00561167 -0.0011302 -0.00222918 0.00880629 0.000587392 0.0034821 0.00756736 0.00654479 0.00216382 -0.000396611 -0.00564748 -0.00528783 -0.00247231 -0.000671905 -0.00620443 0.00209661 -0.00325777 0.0133967 0.0124093 0.0107469 0.00146502 -0.00126726 -0.00170953 0.00134966 0.00501436 -0.000689871 0.00495919 0.0182939
internal_weight=42495.3 30772.7 11722.6 24010.9 14642.1 4687.57 9368.8 7035.04 3693.39 2885.22 4160.21 5264.37 6761.82 6177.82 1518.16 5208.59 4659.66 3695.71 9377.73 994.182 888.293 694.839 3439.47 3689 3179.58 2932.09 3339.33 3154.38 763.62 193.454
internal_count=17672 13392 4280 10247 6373 1594 3874 2686 1281 1007 1669 2213 3145 2869 697 2205 2172 1449 4160 313 281 219 1394 1555 1371 1152 1237 1322 297 62
is_linear=0
shrinkage=0.04


Tree=19
num_leaves=31
num_cat=0
split_feature=2 2 1 6 2 6 1 2 1 6 2 6 14 6 18 5 2 9 6 15 5 9 14 17 0 6 2 10 17 16
split_gain=303.866 65.234 57.6552 27.2915 16.6703 11.5064 11.2693 11.1463 6.37078 5.7525 5.61826 9.70141 5.66929 5.28637 5.09994 5.0561 4.95305 4.94495 4.89497 4.43748 4.40739 4.39898 4.29623 4.09133 4.30022 4.62588 4.50793 8.3001 4.03939 4.30624
threshold=0.38791022347191179 0.17471120520980019 0.24898241696460935 0.48138858860442441 0.30344743020555942 0.65053304785163879 0.28785215060326924 0.28061887467132202 0.3474596817265288 0.59328415932872536 0.060814206054760463 0.62726124511082137 10.816666666666668 0.5566861408633561 5.916666666666667 0.023195848640823472 0.14048407340939775 1497.8703041414326 0.37637085479621152 2.7750000000000004 0.022152994126501849 1382.243465820648 9.8166666666666682 0.91666666666666685 0.29516110568426757 0.4067158406712747 0.41216832290455346 -74.595885820321186 1.4500000000000002 2.183333333333334
decision_type=2 2 2 2 2 2 2 2 2 2 2 2 2 2 2 2 2 2 2 2 2 2 2 2 2 2 2 2 2 2
left_child=1 10 5 4 14 15 -4 13 17 21 -1 16 -13 -5 -3 -2 -12 -6 -16 -7 -15 -9 -21 -8 25 -25 27 -27 29 -17
right_child=2 3 6 7 8 19 23 9 -10 -11 11 12 -14 20 18 28 -18 -19 -20 22 -22 -23 -24 24 -26 26 -28 -29 -30 -31
leaf_value=-0.0093376637460850093 0.0014455672151001059 0.0089724967205839154 0.0044617530208073009 -0.0016785129938511557 0.0013841817574706664 0.020615637857384773 -0.00086074906012496323 0.0097983168467702924 -0.006829640727919156 0.0053532365403854802 -0.0074927032551944843 0.010566284287196016 -0.0028882740423018588 0.011304916885272687 -0.0048826792452142985 0.01033261373147806 -0.0048678038385747231 -0.0011563966598232549 -0.0027499884082417916 0.0054168010937233144 0.00059933990933779837 0.0011892241086092698 0.013173245050662688 0.00056700823235421337 -0.0013398188775954297 0.024746493730742079 0.0039188156544721206 0.0051824028960041329 0.0052614927782258505 0.0069954070791448976
leaf_weight=578.51825785636902 178.26074075698853 53.788057565689087 4868.8482630252838 3174.1544589996338 2114.056587934494 108.1889111995697 970.43559050559998 96.76447582244873 233.76423954963684 724.70561099052429 2205.8147871494293 50.918474435806274 1463.4866683483124 62.521641731262207 2285.9284446239471 1602.5177459716797 2425.0344941616058 2914.476459980011 7007.5253131389618 137.44279599189758 1968.4253880977631 3347.7427625656128 739.38554501533508 493.3541624546051 371.49054384231567 50.554993391036987 578.41852355003357 108.39405965805054 555.41457772254944 1025.8457138538361
leaf_count=276 63 24 1813 1371 883 32 393 39 102 275 1049 23 674 25 1025 539 1123 1228 3111 42 809 1355 231 199 147 20 227 43 188 343
internal_value=1.03747e-05 -0.00208535 0.00546918 -0.00110908 -0.00218988 0.00912882 0.0033304 0.000575355 -0.000388954 0.00211625 -0.00556704 -0.00521061 -0.00242922 -0.000659049 -0.00320361 0.00801015 -0.00611947 -8.82437e-05 -0.00327504 0.0129351 0.000934307 0.00143385 0.011965 0.00118837 0.00242925 0.00356709 0.00557089 0.0115207 0.00837713 0.00903326
internal_weight=42496.2 30707.6 11788.6 23983.9 14609.5 4347.06 7441.5 9374.31 5262.3 4169.21 6723.77 6145.25 1514.41 5205.1 9347.24 3362.04 4630.85 5028.53 9293.45 985.017 2030.95 3444.51 876.828 2572.65 1602.21 1230.72 737.368 158.949 3183.78 2628.36
internal_count=17672 13392 4280 10247 6373 1438 2842 3874 2213 1669 3145 2869 697 2205 4160 1133 2172 2111 4136 305 834 1394 273 1029 636 489 290 63 1070 882
is_linear=0
shrinkage=0.04


Tree=20
num_leaves=31
num_cat=0
split_feature=2 2 6 6 2 6 2 4 0 2 6 6 9 14 6 18 2 22 6 11 5 2 18 14 6 21 22 5 9 21
split_gain=290.913 63.2289 44.8754 26.2914 16.1082 14.5263 10.6861 8.25199 6.99049 5.50887 9.45092 5.47681 5.44724 5.42108 5.08603 4.88971 4.84821 4.80855 4.75483 4.41386 5.29792 4.56614 4.36452 4.31871 4.30067 4.28749 4.20799 4.18265 4.17531 4.03335
threshold=0.38791022347191179 0.17471120520980019 0.54719418467685788 0.48138858860442441 0.30344743020555942 0.65053304785163879 0.28061887467132202 -0.1564585762268256 0.21442071784045832 0.060814206054760463 0.62726124511082137 0.59328415932872536 1479.5845436867692 10.816666666666668 0.5566861408633561 5.916666666666667 0.14048407340939775 8.5000000000000018 0.37637085479621152 0.44032419587889854 0.029291725213352774 0.59780081363182813 15.816666666666668 9.0833333333333339 0.34982352745313494 -0.16666666666666666 5.5000000000000009 0.022152994126501849 1382.243465820648 -0.54999999999999982
decision_type=2 2 2 2 2 2 2 2 2 2 2 2 2 2 2 2 2 2 2 2 2 2 2 2 2 2 2 2 2 2
left_child=1 9 7 4 15 8 14 17 -4 29 16 28 -6 -12 26 -3 -11 25 -17 21 22 23 -21 -9 -14 -2 -5 -16 -8 -1
right_child=2 3 5 6 12 -7 11 19 -10 10 13 -13 24 -15 27 18 -18 -19 -20 20 -22 -23 -24 -25 -26 -27 -28 -29 -30 -31
leaf_value=-0.012140668408563317 0.0038330081154868407 0.0087195837023160399 0.0088115972332305035 -0.0040097073801692515 0.0015827074042705073 0.012541602435082103 0.0095120306395777496 -0.00013056551078821291 0.0053724221940103243 -0.0073997075524933932 0.010252545081909417 0.0052187910037900373 -0.0045525263244317144 -0.0028392080025922617 0.010960000193088286 -0.0048093866153214784 -0.0047946604549469751 0.0048087067381858721 -0.002702868612348273 0.0029083656031737059 0.012140710615004545 0.0071334038989800206 0.013765342296625179 0.0041442988902046637 -0.00066276287596972461 0.00034564042579044823 -0.0007482250980760238 0.00058708564672632353 0.0011642101105833291 -0.0053265109217926175
leaf_weight=327.88098812103271 761.13466930389404 54.272841453552246 1976.3267595767975 873.23499321937561 1579.6991739273071 1020.4426341056824 97.717265844345093 496.64048504829407 1827.3470501899719 2189.3490459918976 51.459345579147339 728.59553575515747 530.63896775245667 1459.2658128738403 63.2324538230896 2274.7941825389862 2413.2586092948914 766.66261887550354 6988.2812187671661 340.64497327804565 257.08748030662537 582.02665662765503 70.958163499832153 1582.6521611213684 3149.9280004501343 2171.2870559692383 2295.5960743427277 1969.605504989624 3351.726352930069 245.26043081283569
leaf_count=158 296 24 646 382 658 313 39 187 655 1049 23 275 233 674 25 1025 1123 296 3111 127 95 199 26 588 1322 852 989 809 1355 118
internal_value=9.98698e-06 -0.00204832 0.005331 -0.00108831 -0.00215118 0.00830168 0.000563603 0.00329131 0.00716121 -0.0054873 -0.00513411 0.00206983 -0.000381436 -0.00238678 -0.000646379 -0.00315016 -0.00603516 0.00199011 -0.00322064 0.00473569 0.00764162 0.00400295 0.00480888 0.00312367 -0.00122465 0.00125181 -0.00164797 0.000914971 0.00140338 -0.00923909
internal_weight=42497 30643.8 11853.2 23957.3 14577.6 4824.12 9379.71 7029.09 3803.67 6686.47 6113.33 4178.04 5260.27 1510.73 5201.67 9317.35 4602.61 3699.08 9263.08 3330.01 668.691 2661.32 411.603 2079.29 3680.57 2932.42 3168.83 2032.84 3449.44 573.141
internal_count=17672 13392 4280 10247 6373 1614 3874 2666 1301 3145 2869 1669 2213 697 2205 4160 2172 1444 4136 1222 248 974 153 775 1555 1148 1371 834 1394 276
is_linear=0
shrinkage=0.04


Tree=21
num_leaves=31
num_cat=0
split_feature=2 2 1 6 6 2 2 2 1 1 22 5 20 6 8 1 6 1 2 6 15 2 5 19 13 14 2 6 20 14
split_gain=281.756 59.7857 49.9066 31.4013 13.0269 11.7985 11.5524 10.8354 8.7732 6.19488 4.96966 4.84369 4.50512 4.44663 5.2857 5.79926 4.14803 4.12571 4.08585 7.76146 4.05073 4.04291 4.90477 4.01451 4.17829 7.62248 4.00511 4.33927 4.98464 3.90326
threshold=0.38791022347191179 0.17471120520980019 0.25461846564838636 0.45140633176347467 0.5922699004975126 0.33041825481004977 0.65528264373988099 0.28061887467132202 0.28708283627623377 0.12546610820992601 28.500000000000004 0.026818298304537084 1.5500000000000005 0.4783161854187411 1356.1999963283604 0.22294563097666406 0.34982352745313494 0.25392549695394084 0.060814206054760463 0.62726124511082137 5.5500000000000007 0.14048407340939775 0.035029908145064244 6.0833333333333348 1.3666666666666669 11.816666666666668 0.24263645901604083 0.32534403669724771 -1.5499999999999996 7.4500000000000011
decision_type=2 2 2 2 2 2 2 2 2 2 2 2 2 2 2 2 2 2 2 2 2 2 2 2 2 2 2 2 2 2
left_child=1 18 6 5 7 26 13 20 10 -8 -4 -12 17 -2 15 -15 -7 23 -1 21 -5 -20 -23 24 25 -6 -3 -28 -29 -16
right_child=2 3 8 4 12 16 9 -9 -10 -11 11 -13 -14 14 29 -17 -18 -19 19 -21 -22 22 -24 -25 -26 -27 27 28 -30 -31
leaf_value=-0.0086883816219967408 0.00043645425091715014 -0.0044676234511910181 0.0038492210269093375 -0.0019171952727674911 0.014172469878784611 -0.0038671775590025425 0.018016269979083201 0.001115370356183816 0.0011688293502156505 0.0099762125595198644 0.020089656207334449 0.0040789926940588426 0.010260778010556882 0.021640667988427464 -0.00099793973381196019 0.0084599674964304129 0.00036536712642227121 0.0059675032044623636 -0.0072109635769459545 -0.002612033834659556 0.0010610636677237332 -0.0038975462914741916 -0.008231327844059071 0.0070023723619754927 -0.0014702864540412236 0.00099712229365320963 -0.0065643001439694235 0.0065703043280037335 -0.0025590814513490731 0.0068889437955081756
leaf_weight=569.90343832969666 169.43774318695068 3294.6975514888763 3970.7167949676514 4892.502861738205 86.550644159317017 442.84591197967529 170.5923433303833 4705.6536734104156 2736.6950387954712 1614.9674866199493 59.567648649215698 61.644643545150757 137.75438380241394 78.506963729858398 103.94639921188354 170.58487057685852 2240.3543908596039 467.42565441131592 2162.9972193241119 1474.8161792755127 858.27425980567932 1936.8757019042969 533.7161557674408 184.36080384254456 628.57561469078064 356.60653305053711 430.5974817276001 96.597453594207764 5083.2685420513153 2758.3780374526978
leaf_count=277 62 1497 1471 2129 35 194 48 1921 1090 506 21 22 54 24 36 58 934 176 1044 682 366 904 251 72 253 143 192 42 2230 934
internal_value=-6.84098e-05 -0.00210002 0.00515499 -0.00116518 0.000240964 -0.00265971 0.00816269 -0.000307953 0.00292259 0.010754 0.00409495 0.0120472 0.00332323 0.00674955 0.00709309 0.0126841 -0.000334369 0.0027631 -0.00544577 -0.00514187 -0.0014726 -0.00594635 -0.00483671 0.00156686 0.000626186 0.00359644 -0.00336025 -0.00270927 -0.0023876 0.00660228
internal_weight=42479.4 30584.4 11895 23906.1 12317.7 11588.4 5066.41 10456.4 6828.62 1785.56 4091.93 121.212 1861.27 3280.85 3111.42 249.092 2683.2 1723.52 6678.31 6108.41 5750.78 4633.59 2470.59 1256.09 1071.73 443.157 8905.16 5610.46 5179.87 2862.32
internal_count=17668 13396 4272 10238 5149 5089 1668 4416 2604 554 1514 43 733 1114 1052 82 1128 679 3158 2881 2495 2199 1155 503 431 178 3961 2464 2272 970
is_linear=0
shrinkage=0.04


Tree=22
num_leaves=31
num_cat=0
split_feature=2 2 1 2 1 1 1 1 1 19 1 8 15 12 1 22 12 20 0 2 18 22 17 2 21 2 9 15 0 2
split_gain=269.861 57.9458 47.1618 18.4598 15.5035 11.4816 10.8503 8.35909 5.99918 5.81782 5.26663 5.13506 5.0118 7.35338 4.87654 4.68325 4.65426 4.63635 4.90936 4.60919 4.39222 4.34396 4.13475 4.00288 3.92036 5.05787 4.10977 5.36432 3.86717 4.08543
threshold=0.38791022347191179 0.17471120520980019 0.25461846564838636 0.28061887467132202 0.30438128025595707 0.26910903811410702 0.18841313427626641 0.28708283627623377 0.264252428072904 3.5500000000000003 0.3474596817265288 1449.8597932452287 5.4500000000000011 1.6333333333333335 0.12546610820992601 28.500000000000004 1.8166666666666669 1.0000000180025095e-35 0.53985517247892567 0.2917420996778714 13.633333333333335 6.5000000000000009 0.91666666666666685 0.060814206054760463 -0.66666666666666663 0.29049413936062657 1455.7409607903014 3.4500000000000006 0.41968426791867236 0.30344743020555942
decision_type=2 2 2 2 2 2 2 2 2 2 2 2 2 2 2 2 2 2 2 2 2 2 2 2 2 2 2 2 2 2
left_child=1 23 6 5 8 9 14 15 11 -3 -6 -5 20 -14 -2 -4 -15 18 -11 -12 -7 -20 -13 -1 25 -10 27 -26 29 -29
right_child=2 3 7 4 10 12 -8 -9 24 17 19 22 13 16 -16 -17 -18 -19 21 -21 -22 -23 -24 -25 26 -27 -28 28 -30 -31
leaf_value=-0.008591037941915779 0.017343801824578647 -0.0027852024319516616 0.0037581441653831596 -0.0023256087925996802 -0.0013322591060506823 -0.0037636939655225072 0.0068507205592328001 0.0011442695458359516 -0.0071702081882331495 0.00053826771327577952 0.005308805933438754 -0.00098188909213166677 -0.0049365925041655549 0.012197349735809142 0.01010801932052892 0.011670244287001155 0.0015084461895357563 0.0015930639052294379 -0.0089437244430106231 -0.0084770331456276524 -0.0010305536645570633 -0.0014777560384222092 0.0071102011995928362 -0.0050660649783993116 0.0086514585322439424 -6.5815989577341748e-05 0.00088250899134679952 -0.0094243104660386504 0.0090839965634497005 0.0016797678539141143
leaf_weight=564.97334957122803 173.69363451004028 1337.5398004055023 3986.0304193496704 150.66456985473633 4399.1505589485168 6452.5206387042999 3801.476555109024 2739.8956508636475 186.49114918708801 754.81342220306396 44.282598733901978 120.8049738407135 249.54656505584717 83.210830926895142 1132.7417604923248 122.67304825782776 290.03053593635559 1925.684668302536 209.61622619628906 281.7820405960083 1102.3834037780762 306.84125208854675 609.2209324836731 6077.1072676181793 269.02974915504456 1107.2084538936615 3597.7731330394745 66.042491912841797 81.213348627090454 252.43813896179199
leaf_count=277 48 584 1471 59 1886 2892 1276 1090 79 314 20 46 111 37 344 43 127 810 92 125 489 134 230 2881 111 452 1475 29 34 102
internal_value=-6.72302e-05 -0.00206277 0.00502637 -0.00114343 4.3262e-05 -0.00218572 0.00793504 0.00285615 0.0013198 -0.000571173 -0.00169668 0.00438531 -0.00308079 0.000367603 0.0110826 0.00399716 0.00391767 0.000355713 -0.00151837 -0.00659428 -0.00336507 -0.00451942 0.00577161 -0.00536715 0.000833548 -0.00109469 0.00141835 0.0042956 0.00134944 -0.000645147
internal_weight=42476.9 30520.4 11956.5 23878.3 11166.1 12712.2 5107.91 6848.6 6440.89 4534.5 4725.22 880.69 8177.69 622.788 1306.44 4108.7 373.241 3196.96 1271.27 326.065 7554.9 516.457 730.026 6642.08 5560.2 1293.7 4266.5 668.724 399.694 318.481
internal_count=17668 13396 4272 10238 4648 5590 1668 2604 2617 1934 2031 335 3656 275 392 1514 164 1350 540 145 3381 226 276 3158 2282 531 1751 276 165 131
is_linear=0
shrinkage=0.04


Tree=23
num_leaves=31
num_cat=0
split_feature=4 4 6 6 7 6 4 4 4 14 9 11 9 17 4 6 17 6 8 14 18 4 15 6 10 17 21 15 17 5
split_gain=258.4 56.1664 39.9801 29.4721 14.4785 11.6317 11.1425 11.0029 9.66007 4.87284 6.0621 4.63544 4.63148 4.14996 4.36203 4.1256 4.05606 4.01318 5.71054 4.7761 5.68016 3.95941 3.80514 3.74887 3.65924 3.98629 3.57009 5.07169 6.45507 3.53544
threshold=-0.45634176738527304 -1.5413901524025675 0.52963937213952172 0.45140633176347467 1.3750000000000002 0.5922699004975126 -0.70629396691880364 -0.12396223377472036 -0.94139386359354993 7.4500000000000011 1608.0306175352082 0.12319211059562478 1540.8064345572564 0.70833333333333337 -0.34529644320550196 0.69747008249099585 0.22500000000000003 0.37880694091675177 1360.253979612354 9.0833333333333339 7.916666666666667 -1.617053076941106 5.5500000000000007 0.39184258455671145 113.77988704864164 2.2916666666666674 -0.33333333333333331 5.291666666666667 2.3666666666666671 0.040026793148158164
decision_type=2 2 2 2 2 2 2 2 2 2 2 2 2 2 2 2 2 2 2 2 2 2 2 2 2 2 2 2 2 2
left_child=1 12 7 6 -4 8 17 13 22 10 -9 -6 29 14 -2 21 -8 18 -3 20 -19 -14 -5 -22 25 -10 27 -7 -29 -1
right_child=2 3 4 5 11 26 16 9 24 -11 -12 -13 15 -15 -16 -17 -18 19 -20 -21 23 -23 -24 -25 -26 -27 -28 28 -30 -31
leaf_value=-0.0053451090001407544 0.0027425492792736267 0.009069062719307101 0.0062600743721496791 -0.0018141803046206073 0.015219317566616772 0.0035017990641158367 -0.009470772135132902 0.0035190603115154129 0.00098125446460089203 0.0052471888083240161 -0.010853193922424771 0.0096379917568924361 -0.0050647335640519008 0.0020190819249937303 -0.0032563707875222624 0.0055287045841054443 -3.8011306920884899e-05 0.013651207695466639 -0.0047086043788883633 -0.0030742714105326326 -0.0068948477911695309 0.0039397059696146871 0.0011039684858000383 0.00086170468145308214 0.0039440759784215209 -0.0039244294508890484 0.0043566685499931528 -0.0085553980830013164 0.0064798821376417246 -0.0096753326386153585
leaf_weight=5833.0057204961777 297.1454005241394 48.075076103210449 4571.891265630722 4800.304817199707 332.4935302734375 357.64701890945435 74.039974212646484 146.96824502944946 3814.8376371860504 2311.1654322147369 67.795605182647705 882.34316325187683 411.18974113464355 2855.1581337451935 554.17796397209167 99.025667905807495 2602.7235670089722 47.333038568496704 2829.7757861614227 5217.8414576053619 120.82253885269165 95.620257377624512 839.34642601013184 548.08560919761658 616.4470534324646 283.82767677307129 1276.4467499256134 156.39840745925903 63.527366876602173 318.96839261054993
leaf_count=2790 119 21 1551 2096 96 143 32 55 1555 839 25 263 194 1106 219 46 1095 21 1280 2324 54 43 357 242 251 115 495 63 25 153
internal_value=-6.60872e-05 -0.00202605 0.00490002 -0.00110863 0.00729403 0.000259784 -0.00256271 0.00267639 -0.000262746 0.00471182 -0.00104718 0.0111768 -0.00524251 0.00128838 -0.00116175 -0.00190161 -0.000302363 -0.00324921 -0.00447538 -0.0026539 0.000408518 -0.00336145 -0.00137975 -0.000547535 0.00107329 0.000640667 0.0031767 0.000565933 -0.00420266 -0.00557116
internal_weight=42474.4 30455.3 12019.1 23697.5 5786.73 12208.8 11488.7 6232.41 10354.8 2525.93 214.764 1214.84 6757.81 3706.48 851.323 605.836 2676.76 8811.93 2877.85 5934.08 716.241 506.81 5639.65 668.908 4715.11 4098.67 1854.02 577.573 219.926 6151.97
internal_count=17668 13395 4273 10169 1910 5100 5069 2363 4374 919 80 359 3226 1444 338 283 1127 3942 1301 2641 317 237 2453 296 1921 1670 726 231 88 2943
is_linear=0
shrinkage=0.04


Tree=24
num_leaves=31
num_cat=0
split_feature=2 1 2 6 1 6 6 1 16 2 2 15 6 13 18 15 13 10 1 5 14 23 5 20 13 20 6 6 2 14
split_gain=240.482 67.6322 33.8107 21.8097 11.9004 9.44179 7.19258 6.25242 5.96011 5.49712 5.75985 4.9835 4.91317 4.73794 4.41349 4.4095 5.56093 4.30715 4.10319 4.94237 4.08737 4.02846 4.01838 4.32853 5.41433 4.19362 6.59839 3.96237 5.59769 3.93268
threshold=0.32129206026687879 0.26235897776581019 0.17471120520980019 0.45140633176347467 0.28708283627623377 0.64810509706148267 0.57376944900321891 0.28595754870249196 1.9166666666666667 0.23104280321486234 0.23227871400882374 5.6333333333333337 0.34982352745313494 2.6333333333333337 8.7083333333333339 3.183333333333334 0.91666666666666685 13.768035088034368 0.22910865974423275 0.03165179935174945 9.6333333333333346 70.500000000000014 0.031359858493861033 -0.16666666666666682 1.8166666666666669 -0.81666666666666665 0.5613814756671901 0.4807691043333619 0.45678866462499662 14.083333333333334
decision_type=2 2 2 2 2 2 2 2 2 2 2 2 2 2 2 2 2 2 2 2 2 2 2 2 2 2 2 2 2 2
left_child=2 5 8 15 7 18 9 21 -1 -5 -11 13 -6 -7 20 -4 17 -17 -2 22 -12 -3 23 25 29 26 -20 28 -9 -25
right_child=1 4 3 6 12 11 -8 27 -10 10 14 -13 -14 -15 -16 16 -18 -19 19 -21 -22 -23 -24 24 -26 -27 -28 -29 -30 -31
leaf_value=-0.0053699682855515279 0.0074377691257842809 0.0026996852008665433 -0.0017886707427024087 -0.0023723261055944691 -0.0024874115666200236 0.01210759923032235 0.0017634298336796992 -0.0024984399385846227 -0.0002812921942791249 0.01083630528061161 0.0029754110994593538 0.0041909767464585815 0.0010092547029176367 0.0042204722135970587 5.5674692905455678e-05 -0.011138017433219053 -0.0029926155064164345 -0.0049592746192680228 0.0027504559647049277 0.0019760068413052995 -0.0086030521793115898 0.010836499287273444 0.015897393088592761 0.010088558164084329 -0.0011668687951888886 0.0020782090394384227 0.01008405937985553 0.013883820613064321 0.013911545580121134 0.0041190710719311062
leaf_weight=6061.0419067144394 2026.0135152339935 4431.8959739208221 2646.886491060257 2632.3335330486298 713.77112030982971 895.43280506134033 2054.7723352909088 80.765947818756104 392.2088794708252 75.217749834060669 66.423062086105347 206.02514743804932 6400.667031288147 142.65886092185974 4112.6355257034302 207.57089757919312 4180.1815361976624 1390.5507266521454 406.70837426185608 637.28911280632019 178.37822484970093 98.670105457305908 62.193862438201904 703.45660758018494 100.61575651168823 721.82094740867615 380.32980346679688 137.08134841918945 55.250652551651001 238.33565855026245
leaf_count=2917 639 1669 1191 1182 308 267 824 31 184 32 28 66 2604 41 1732 93 1880 630 145 225 76 35 21 246 35 253 132 53 20 84
internal_value=5.40253e-05 0.0034891 -0.00258534 -0.00167461 0.00169693 0.00676386 -0.000319004 0.00323495 -0.00506079 -0.00092482 -6.48776e-05 0.00990075 0.000658144 0.0110288 -0.000255496 -0.00314175 -0.00376115 -0.00576826 0.00602253 0.00513847 -0.00546209 0.00287925 0.00590858 0.00565894 0.00764248 0.00428445 0.00630266 0.00910384 0.00422026 0.00858385
internal_weight=42437.2 18439 23998.2 17545 11918.1 6520.88 9119.76 4803.66 6453.25 7064.99 4432.65 1244.12 7114.44 1038.09 4357.44 8425.19 5778.3 1598.12 5276.76 3250.75 244.801 4530.57 2613.46 2551.27 1042.41 1508.86 787.038 273.098 136.017 941.792
internal_count=17643 6874 10769 7668 4720 2154 3874 1808 3101 3050 1868 374 2912 308 1836 3794 2603 723 1780 1141 104 1704 916 895 365 530 277 104 51 330
is_linear=0
shrinkage=0.04


Tree=25
num_leaves=31
num_cat=0
split_feature=2 1 2 6 1 1 6 1 9 6 2 2 13 17 9 16 12 18 14 6 11 2 1 6 19 11 17 14 16 6
split_gain=230.804 64.1907 32.7889 20.5026 11.3688 8.88303 6.68424 5.91729 5.66105 5.22773 5.21781 5.47792 5.08839 4.8588 4.45151 4.78681 5.31413 4.2654 4.17486 6.29072 5.50374 4.0692 3.9974 3.97194 4.38688 6.04179 4.94634 3.97181 3.95827 3.87249
threshold=0.32129206026687879 0.26235897776581019 0.17633327861573364 0.45140633176347467 0.28708283627623377 0.18841313427626641 0.57376944900321891 0.28595754870249196 1540.8064345572564 0.64209243402820981 0.23104280321486234 0.23227871400882374 1.0833333333333337 0.18333333333333338 1617.0493976899149 1.0833333333333337 1.4500000000000002 8.7083333333333339 9.0833333333333339 0.39826240086695242 0.58655320561293944 0.16936856989733934 0.26235897776581019 0.38745461147421939 3.0833333333333335 0.60869883909043299 1.9166666666666667 9.6333333333333346 1.6333333333333335 0.55256444815547778
decision_type=2 2 2 2 2 2 2 2 2 2 2 2 2 2 2 2 2 2 2 2 2 2 2 2 2 2 2 2 2 2
left_child=2 5 8 18 7 -2 10 -3 12 21 -5 -12 -1 -6 15 -8 -17 27 19 20 -4 -10 -18 24 25 -15 -26 -13 -20 -14
right_child=1 4 3 6 13 -7 14 -9 9 -11 11 17 29 23 -16 16 22 -19 28 -21 -22 -23 -24 -25 26 -27 -28 -29 -30 -31
leaf_value=-0.0064023159762164614 0.0095033386998930342 0.0028139112669386046 0.0005934469301571055 -0.0023339936485571966 -0.0060967723313403071 0.0058399989917659401 -0.0013683961390224385 0.0088431666853897913 -0.0056879649519691634 0.0037276688467834862 0.010509725083653648 0.0029085606480535034 -0.005909219541995369 0.0011369600437377641 -0.0037961454001274497 -9.9720522910588772e-05 0.0042622538131468542 5.4566005840603153e-05 -0.0030701852777642786 0.002565543842101226 -0.0065223486422658896 0.0055837548587613552 0.012585737805728241 0.0013830789699634549 -0.0021374189033644708 0.016356844108228429 0.0095300252922239613 -0.0085063077135990577 -0.0059370535388148281 -0.0028335394317913877
leaf_weight=3218.638535618782 1331.7951588630676 4543.6220173835754 316.7351610660553 2551.2730960845947 166.06062006950378 5233.3193924427032 423.9719717502594 275.58689093589783 339.01491141319275 215.1776065826416 76.037265062332153 66.620993137359619 1086.8353189229965 278.0361704826355 209.35708546638489 449.31381416320801 842.07987260818481 4112.8645160198212 6271.7589108943939 497.45670104026794 384.26639437675476 59.512174606323242 103.15876531600952 5098.1885240077972 1469.1496913433075 48.140000581741333 59.553088426589966 176.85021162033081 879.33517670631409 1656.0801136493683
leaf_count=1569 387 1704 143 1148 70 1767 173 104 162 100 32 28 526 117 82 180 336 1732 2837 221 175 27 40 2060 620 20 25 76 395 787
internal_value=5.2802e-05 0.00340774 -0.00254069 -0.00162943 0.00166038 0.00658448 -0.000306206 0.00316046 -0.00494614 -0.00128561 -0.000893251 -6.362e-05 -0.00532269 0.000644627 0.00171491 0.00235111 0.00348208 -0.000250541 -0.00305735 -0.000871619 -0.00331094 -0.00399499 0.00518298 0.000806486 -0.000778189 0.00342638 -0.00167696 -0.00538374 -0.00342349 -0.00405394
internal_weight=42439.8 18503.5 23936.3 17361.1 11938.3 6565.11 9011.53 4819.21 6575.26 613.705 6983.65 4432.37 5961.55 7119.13 2027.88 1818.52 1394.55 4356.34 8349.55 1198.46 701.002 398.527 945.239 6953.07 1854.88 326.176 1528.7 243.471 7151.09 2742.92
internal_count=17643 6874 10769 7598 4720 2154 3827 1808 3171 289 3016 1868 2882 2912 811 729 556 1836 3771 539 318 189 376 2842 782 137 645 104 3232 1313
is_linear=0
shrinkage=0.04


Tree=26
num_leaves=31
num_cat=0
split_feature=2 1 2 6 1 6 6 16 1 2 2 8 6 15 8 8 18 8 13 5 6 14 1 5 8 5 19 13 14 6
split_gain=221.522 60.9413 31.8025 20.3483 10.8615 8.60615 6.63608 5.73685 5.6021 5.10369 5.21143 4.97006 4.61887 4.58096 7.94266 4.44706 4.12195 4.25808 4.65937 4.11695 3.88696 3.85911 3.74063 4.65914 4.22586 5.26751 3.6986 3.66905 3.60345 5.13331
threshold=0.32129206026687879 0.26235897776581019 0.17471120520980019 0.45140633176347467 0.28708283627623377 0.64810509706148267 0.57376944900321891 1.9166666666666667 0.28545616010957381 0.23104280321486234 0.23227871400882374 1396.0035896982126 0.34982352745313494 5.6333333333333337 1578.236115650988 1565.0672168593421 8.7083333333333339 1540.1062328116989 0.63333333333333341 0.036810853221245672 0.45025477831358235 9.6333333333333346 0.22910865974423275 0.03165179935174945 1654.5174939946103 0.031359858493861033 3.0833333333333335 1.2916666666666667 8.9166666666666696 0.39184258455671145
decision_type=2 2 2 2 2 2 2 2 2 2 2 2 2 2 2 2 2 2 2 2 2 2 2 2 2 2 2 2 2 2
left_child=2 5 7 15 8 22 9 -1 11 -5 -11 -3 -6 14 19 20 21 18 -18 -7 28 -12 -2 24 25 -24 -19 -9 29 -4
right_child=1 4 3 6 12 13 -8 27 -10 10 16 -13 -14 -15 -16 -17 17 26 -20 -21 -22 -23 23 -25 -26 -27 -28 -29 -30 -31
leaf_value=-0.0052176867450302459 0.0070466199155166534 -0.00030041129710412596 -0.0029703662069760451 -0.0022890986328276451 -0.0024247978210026537 0.0080094218134197578 0.0016894373131258556 -0.0025811536028651732 0.0079283137353458617 0.0101962625536974 0.0028433983434942331 0.0032944860439183903 0.00097069994542186417 0.0039304760874877363 0.022646962027503242 -0.0051850318715826642 0.012450234425265612 -0.011798237193860181 0.00070000456454553819 0.01420415165886508 -0.011483280811943266 -0.0084098387973508496 0.0050540474774262226 0.0018062395654665786 0.015239938991631865 0.016930355093285301 -0.0013778668790244862 0.0061003514286555004 -0.0029051365606425727 0.0028666346707848993
leaf_weight=5998.0106689929962 2055.4770514965057 736.09874725341797 521.10024738311768 2619.862738609314 711.20471549034119 754.56950616836548 2061.8299541473389 284.8343653678894 353.77693867683411 76.840609312057495 66.815046548843384 3744.5844569206238 6412.5137095451355 208.29170274734497 78.506790399551392 1302.9492809772491 54.080858707427979 56.018406629562378 2754.3720335960388 225.01743602752686 77.741416931152344 175.35224843025208 2513.6970987319946 642.28968667984009 70.214380741119385 60.419734477996826 1248.6176409721375 106.06704425811768 6024.3687255382538 446.85932397842407
leaf_count=2917 639 278 237 1182 308 223 824 136 133 32 28 1397 2604 66 24 595 23 24 1162 61 35 76 872 225 24 20 523 48 2729 198
internal_value=5.15855e-05 0.00332852 -0.00249671 -0.00161414 0.00162467 0.00641094 -0.000306201 -0.00491174 0.00308784 -0.000889836 -6.23867e-05 0.00270397 0.000631414 0.00937778 0.0104454 -0.00303758 -0.000245681 5.34794e-05 0.000930623 0.00944543 -0.00264114 -0.0053061 0.005706 0.00486567 0.00560783 0.00533927 -0.00183399 -0.000215962 -0.00254121 -0.000275533
internal_weight=42442.4 18566.7 23875.7 17486.8 11958.2 6608.48 9113.79 6388.91 4834.46 7051.96 4432.1 4480.68 7123.72 1266.39 1058.09 8373.02 4355.26 4113.09 2808.45 979.587 7070.07 242.167 5342.1 3286.62 2644.33 2574.12 1304.64 390.901 6992.33 967.96
internal_count=17643 6874 10769 7668 4720 2154 3874 3101 1808 3050 1868 1675 2912 374 308 3794 1836 1732 1185 284 3199 104 1780 1141 916 892 547 184 3164 435
is_linear=0
shrinkage=0.04


Tree=27
num_leaves=31
num_cat=0
split_feature=2 2 1 6 2 1 6 8 9 1 9 15 8 20 9 18 6 19 2 2 2 22 6 18 21 1 2 2 20 1
split_gain=200.53 40.4088 39.6638 20.429 11.6855 7.94763 5.83101 7.12571 5.35055 5.13639 4.56583 4.49919 5.40903 4.24951 4.15748 3.78478 3.79202 3.7453 6.01012 3.74444 3.73443 3.68879 3.67767 3.62279 3.51995 3.43045 3.39635 5.32285 4.05635 3.38684
threshold=0.37510434761311101 0.17633327861573364 0.24898241696460935 0.52827782183452299 0.28182566247701452 0.3474596817265288 0.4034870592322391 1425.2755860948582 1540.8064345572564 0.12546610820992601 1545.6495589286658 5.5500000000000007 1602.7685924282355 1.7083333333333337 1533.0571363666822 5.5833333333333348 0.34665116433211091 6.0833333333333348 0.5730048611735612 0.16561168797789097 0.51261705051522488 63.500000000000007 0.48209706959706972 14.633333333333335 0.18333333333333349 0.27808680946658854 0.23860293835139565 0.24120446385935204 -1.2916666666666663 0.23700793894114933
decision_type=2 2 2 2 2 2 2 2 2 2 2 2 2 2 2 2 2 2 2 2 2 2 2 2 2 2 2 2 2 2
left_child=1 8 9 4 15 14 7 -4 -1 -2 -10 12 22 26 -6 -3 -17 18 -13 -12 24 -8 23 -11 -9 -23 28 -28 -5 -15
right_child=2 3 6 13 5 -7 21 20 10 11 19 17 -14 29 -16 16 -18 -19 -20 -21 -22 25 -24 -25 -26 -27 27 -29 -30 -31
leaf_value=-0.0050098433106548481 0.013446163608775619 0.0091439920067525431 -0.0044665719275226315 -0.0095324091931335685 0.00033437147873601895 -0.0069910361434881779 0.0027561756850064674 0.0040283585730624648 0.010873708076379581 0.0062849630600684825 -0.0034099707589384039 -0.00031772411630807268 0.015743132663383553 -0.00056317106914801132 -0.0016585146009429339 -0.0052830648696751857 -0.0024524115712304122 -0.000888795654249666 0.016311302239762068 0.0059668538207620142 0.010123114365972092 0.015403188584973731 0.0071136042494857653 -0.0065067749982781684 -0.0014394901949009329 0.0029887202784316192 0.012142626554338728 0.0014804144649629234 -5.2259141999998649e-05 0.010626984722833974
leaf_weight=5903.2957335710526 191.73326849937439 42.432477235794067 400.37218594551086 74.487676858901978 5113.4158005714417 295.74890112876892 7289.1356375217438 354.7653181552887 46.495126724243164 77.775961637496948 469.41000711917877 73.689794301986694 113.02014470100403 64.277081251144409 2489.5311093330383 828.87483739852905 8767.0120625495911 215.07094979286194 64.788036346435547 78.746116638183594 81.032288551330566 71.018945932388306 3860.8007972240448 63.377238035202026 399.55876445770264 71.634945631027222 75.856228590011597 3007.8261358737946 1665.7310259342194 130.8403115272522
leaf_count=2883 50 19 163 32 2168 134 2715 144 22 27 224 24 35 26 1056 385 3963 67 20 35 30 24 1203 22 165 26 30 1174 706 51
internal_value=-2.97917e-06 -0.0018665 0.00405926 -0.00106573 -0.00170971 -0.000569016 0.00245873 -8.55367e-05 -0.00464558 0.00703489 -0.00102712 0.00675685 0.00712895 0.00118429 -0.000318317 -0.00264437 -0.00269744 0.00241804 0.00752347 -0.00205452 0.00201705 0.00288173 0.0068818 0.000536153 0.00113402 0.00923335 0.000949422 0.00174655 -0.000463285 0.00695656
internal_weight=42381.8 29054 13327.8 22556 17537 7898.7 8667.52 1235.73 6497.95 4660.26 594.651 4468.52 4114.97 5019.02 7602.95 9638.32 9595.89 353.549 138.478 548.156 835.356 7431.79 4001.95 141.153 754.324 142.654 4823.9 3083.68 1740.22 195.117
internal_count=17623 12908 4715 9744 7725 3358 3267 502 3164 1448 281 1398 1287 2019 3224 4367 4348 111 44 259 339 2765 1252 49 309 50 1942 1204 738 77
is_linear=0
shrinkage=0.04


Tree=28
num_leaves=31
num_cat=0
split_feature=2 2 1 6 2 1 6 8 9 15 6 8 9 20 9 16 11 23 18 6 2 2 19 2 18 21 23 15 1 16
split_gain=192.217 39.1182 37.5848 19.6574 11.2816 7.6974 5.57237 6.86398 5.19648 4.84111 5.18437 6.16331 4.35538 4.04601 4.00069 3.80606 4.38864 3.63949 3.62474 3.68188 3.59657 3.54194 3.54019 5.64305 3.52037 3.36917 3.28673 5.32413 6.07381 3.31276
threshold=0.37510434761311101 0.17633327861573364 0.24898241696460935 0.52827782183452299 0.28182566247701452 0.3474596817265288 0.4034870592322391 1425.2755860948582 1540.8064345572564 5.5500000000000007 0.64810509706148267 1567.9311475332377 1545.6495589286658 1.7083333333333337 1533.0571363666822 3.0833333333333335 0.12319211059562478 68.500000000000014 5.5833333333333348 0.34665116433211091 0.16561168797789097 0.51261705051522488 6.0833333333333348 0.5730048611735612 18.916666666666668 0.18333333333333349 7.5000000000000009 5.291666666666667 0.25944136728134709 0.81666666666666676
decision_type=2 2 2 2 2 2 2 2 2 2 2 2 2 2 2 2 2 2 2 2 2 2 2 2 2 2 2 2 2 2
left_child=1 8 9 4 18 14 7 -4 -1 10 -2 15 -10 -5 -6 16 -12 -8 -3 -20 -14 25 23 -11 -17 -9 29 28 -28 -21
right_child=2 3 6 13 5 -7 17 21 12 22 11 -13 20 -15 -16 24 -18 -19 19 26 -22 -23 -24 -25 -26 -27 27 -29 -30 -31
leaf_value=-0.0049352552275058236 0.0064523516089773905 0.008885982601139205 -0.0043978195360058325 0.00092964457970205988 0.00032762035361030194 -0.0069010360431174343 0.0026951668223013569 0.0039325764560332929 0.010548216577449665 -0.00031159630170262353 0.016760051712579858 0.020886645059632752 -0.0033538892326538477 0.0067716320903465181 -0.0016283086626792097 -0.0033990795576531712 0.0086472215172758004 0.0092916377160503737 -0.0052059256579263628 -0.001147035997447558 0.0058151029193674033 0.0098247339687091168 -0.00081520348331838707 0.015734786008528449 0.0082563587995544193 -0.0014130164184526174 -0.0096573722945791658 0.0035840322417443719 -0.0013532811220523025 -0.0034060607098106675
leaf_weight=5873.7950917482376 3331.5980701446533 42.822258234024048 398.58788156509399 4828.4901900291443 5115.1258568763733 293.68851804733276 7317.7173583507538 356.19732260704041 47.00346040725708 73.666385173797607 129.51369023323059 73.106973648071289 467.81205785274506 196.47905683517456 2485.4055740833282 70.661781549453735 632.44307327270508 135.50682902336121 824.50738739967346 1327.2412805557251 79.217387676239014 81.856753349304199 218.43603563308716 65.853479146957397 97.857967853546143 398.98401784896851 149.87766122817993 322.27034497261047 2148.0860047340393 4798.0628275871277
leaf_count=2883 1054 19 163 1942 2168 134 2718 144 22 24 34 21 224 77 1056 20 181 47 385 604 35 30 68 20 26 165 68 145 974 2172
internal_value=-3.03432e-06 -0.00183293 0.00396235 -0.00104573 -0.00167868 -0.000558078 0.00240393 -8.38961e-05 -0.00457473 0.00684647 0.00721568 0.00974076 -0.00100754 0.00115937 -0.000312107 0.00884355 0.0100464 0.00281633 -0.00259878 -0.0026511 -0.0020179 0.00197314 0.00236735 0.00732038 0.00337791 0.00111021 -0.00240967 -0.00122339 -0.00189886 -0.00291684
internal_weight=42381.9 28999.9 13382 22532.1 17507.1 7894.22 8688.85 1235.63 6467.83 4693.14 4335.18 1003.58 594.033 5024.97 7600.53 930.477 761.957 7453.22 9612.87 9570.05 547.029 837.038 357.956 139.52 168.52 755.181 8745.54 2620.23 2297.96 6125.3
internal_count=17623 12908 4715 9744 7725 3358 3267 502 3164 1448 1336 282 281 2019 3224 261 215 2765 4367 4348 259 339 112 44 46 309 3963 1187 1042 2776
is_linear=0
shrinkage=0.04


Tree=29
num_leaves=31
num_cat=0
split_feature=2 2 6 6 2 0 2 9 9 6 13 6 19 5 5 20 9 5 14 15 12 13 9 8 8 9 9 16 21 20
split_gain=184.263 37.8638 30.8371 18.915 10.8912 6.74637 6.26345 5.09674 5.046 4.80022 4.38361 5.35772 4.42273 4.23162 6.63576 4.99202 4.20217 4.73064 4.95464 4.94482 4.6199 4.41804 4.15569 4.04636 3.92407 6.62563 4.1707 4.36157 3.85977 3.85305
threshold=0.37510434761311101 0.17633327861573364 0.54897037332270504 0.52827782183452299 0.28182566247701452 0.12400752380607453 0.59780081363182813 1478.8367311368736 1540.8064345572564 0.34982352745313494 2.0833333333333335 0.43164513151822803 4.8166666666666673 0.03315974138902978 0.028898256765581557 0.49999999999999989 1529.8014927550578 0.027893322114801004 10.91666666666667 2.8166666666666669 1.2250000000000003 1.6333333333333335 1545.6495589286658 1429.8439580407237 1394.3090410587781 1614.957532394151 1663.2475352810434 1.6333333333333335 1.0000000180025095e-35 1.7083333333333337
decision_type=2 2 2 2 2 2 2 2 2 2 2 2 2 2 2 2 2 2 2 2 2 2 2 2 2 2 2 2 2 2
left_child=1 8 6 4 -3 -4 10 -6 -1 -9 11 12 16 14 -7 -15 20 19 21 -18 -2 -19 -10 -8 26 -26 27 -16 -14 -5
right_child=2 3 5 29 7 13 23 9 22 -11 -12 -13 28 15 24 -17 17 18 -20 -21 -22 -23 -24 -25 25 -27 -28 -29 -30 -31
leaf_value=-0.0048614114769199423 -0.0021370453483130769 -0.0025539086653875377 0.008795501798275894 0.00091032742754492801 0.00082246545672485453 0.0047386843938912642 0.0026818724950828199 -0.0046885406143027178 0.0102356936715081 -0.00085584783669749316 -0.00031396312721270755 0.0031942762079939634 0.0067301337902955106 0.0010499580768635302 0.0092216658179324357 0.012099385425119971 -0.00090554940442726486 0.0012543462360837978 -0.0052630572304508908 0.0097540898086688615 0.0072519459760528827 0.012077060968316698 -0.0019818709494742073 0.0089786550450225554 0.0016568269517147596 0.0093843681476104956 0.0049288292416591684 0.023240180130621117 -0.0036352458328673073 0.0065927828564533563
leaf_weight=5844.8778340816498 530.40406799316406 9587.9442348480225 1272.5954802036285 4832.9810481071472 2801.8718161582947 2241.8927273750305 305.04463481903076 590.75877690315247 47.50188684463501 4497.2019755840302 1113.0909073352814 4371.5052523612976 64.424273014068604 541.23031711578369 65.696173906326294 73.45729398727417 92.885236024856567 280.2733850479126 140.08310556411743 275.18343424797058 98.569528579711914 76.013994216918945 545.92508375644684 353.33879709243774 241.55601358413696 673.91834211349487 65.950922012329102 82.052553653717041 475.94010710716248 197.81405520439148
leaf_count=2883 213 4367 358 1942 1184 751 99 268 22 1906 421 1608 26 175 20 24 37 112 56 109 39 30 259 113 79 211 20 25 189 77
internal_value=-3.08618e-06 -0.00179992 0.00386815 -0.0010261 -0.00164819 0.00625766 0.00233092 -0.000547344 -0.00450463 -0.00130169 0.00200275 0.00240533 0.000708798 0.00544536 0.00600199 0.00238791 0.00183064 0.00363895 0.00108649 0.00706888 -0.000656475 0.00359071 -0.000988321 0.0060697 0.00850378 0.00734942 0.0133917 0.0171108 -0.0023893 0.00113503
internal_weight=42382 28946.9 13435.1 22508.6 17477.8 5258.35 8176.76 7889.83 6438.3 5087.96 7518.37 6405.28 2033.78 3985.75 3371.07 614.688 1493.41 864.439 496.37 368.069 628.974 356.287 593.427 658.383 1129.17 915.474 213.7 147.749 540.364 5030.8
internal_count=17623 12908 4715 9744 7725 1663 3052 3358 3164 2174 2840 2419 811 1305 1106 199 596 344 198 146 252 142 281 212 355 290 65 45 215 2019
is_linear=0
shrinkage=0.04


Tree=30
num_leaves=31
num_cat=0
split_feature=2 2 6 6 2 6 22 2 14 6 2 14 8 17 10 0 13 2 9 6 2 8 9 10 10 12 17 10 0 22
split_gain=191.012 47.396 23.0728 21.3784 12.9399 9.54596 8.00176 7.15772 6.7674 6.51772 5.98296 5.58692 5.28964 5.10402 5.02222 4.69821 7.07984 4.59368 4.97308 4.50188 6.83574 4.39882 5.50733 4.23652 4.1359 4.0472 3.94024 5.93449 3.83484 5.33086
threshold=0.38791022347191179 0.23104280321486234 0.53392814983867176 0.55256444815547778 0.14048407340939775 0.51153853739998312 12.500000000000002 0.30107500441650864 12.91666666666667 0.65053304785163879 0.46531765613834081 7.4500000000000011 1392.2691382532116 0.18333333333333338 -79.080357127531769 0.40814801024657466 1.0833333333333337 0.17633327861573364 1418.2411078551434 0.61397127289547837 0.066776523266600454 1401.4667986229504 1504.2663246817808 104.09680502693494 -66.578818984709628 2.0833333333333335 2.0833333333333335 1.0000000180025095e-35 0.50563466671519941 4.5000000000000009
decision_type=2 2 2 2 2 2 2 2 2 2 2 2 2 2 2 2 2 2 2 2 2 2 2 2 2 2 2 2 2 2
left_child=1 4 10 6 19 17 7 8 23 12 25 14 24 -9 -12 -15 -17 -6 28 -1 -21 -13 -23 -3 -4 26 -2 -28 29 -19
right_child=2 3 9 -5 5 -7 -8 13 -10 -11 11 21 -14 15 -16 16 -18 18 -20 20 -22 22 -24 -25 -26 -27 27 -29 -30 -31
leaf_value=-0.0068907266406651969 0.0010449388743611796 -0.0038220724328840105 0.0073909707573068962 0.0031057465434027325 -0.0057097535828570089 -0.0010351472839546477 0.001343457523475648 -0.0089353742778686095 -0.00017849501616856085 0.0087577731370510302 -0.0069817022617673519 0.0015881303280237266 0.0047550084052198696 -0.00037206354016032148 0.0055404526019873692 0.017558315332545531 0.0012020222867138795 -0.0060570881672427539 -0.0038379971958936326 -0.0075773730760818276 -0.0023409620104735186 0.014776168063648511 0.0049048137859975197 -0.0012388158509499714 0.017595007164020501 0.011091289526895936 0.016420087980133662 0.00029986333356995945 -0.0026236652133577675 0.0051473015997924275
leaf_weight=1918.4069871902466 3451.2025771141052 3236.8756580352783 781.98831605911255 2476.2288825511932 1421.9440013170242 3324.843560218811 2167.1589076519012 106.96663188934326 1889.7808029651642 1130.3250377178192 134.06463050842285 650.69501972198486 3933.4466962814331 5937.0120666027069 81.659210920333862 57.251277446746826 155.64824867248535 87.355410099029541 3095.3231356143951 599.67067503929138 1191.7477662563324 94.262800693511963 1903.8543694019318 1481.977826833725 68.94057559967041 68.128865480422974 66.795648097991943 79.337314605712891 559.3251256942749 294.06808400154114
leaf_count=974 1329 1449 243 947 700 1492 929 47 826 315 49 234 1285 2481 30 23 63 41 1444 305 580 34 668 660 23 25 25 30 259 138
internal_value=4.78693e-05 -0.00168032 0.00421397 -0.000337324 -0.00356239 -0.00272518 -0.000904646 -0.00128341 -0.00220134 0.00602361 0.00257417 0.0039436 0.00537596 -0.000313677 -0.00223792 -0.00016229 0.00566195 -0.00375431 -0.00306414 -0.00554319 -0.00409708 0.00444769 0.00537766 -0.00301122 0.00823736 0.00150318 0.00131857 0.00772975 -0.000516568 0.00257209
internal_weight=42446.3 30001.6 12444.7 17508.9 12492.7 8782.86 15032.7 12865.5 6608.63 5914.7 6530 2864.54 4784.38 6256.88 215.724 6149.91 212.9 5458.02 4036.07 3709.83 1791.42 2648.81 1998.12 4718.85 850.929 3665.46 3597.34 146.133 940.749 381.423
internal_count=17648 13358 4290 7425 5933 4074 6478 5549 2935 1866 2424 1015 1551 2614 79 2567 86 2582 1882 1859 885 936 702 2109 266 1409 1384 55 438 179
is_linear=0
shrinkage=0.04


Tree=31
num_leaves=31
num_cat=0
split_feature=2 2 2 2 18 14 10 12 18 23 13 19 9 9 19 18 12 18 5 23 20 14 2 20 20 8 14 23 19 19
split_gain=183.65 40.9262 30.0577 8.83425 8.46147 6.10149 5.63164 5.62571 5.55527 5.45603 5.05631 5.41029 5.1976 4.8692 4.80731 4.76689 4.31727 3.91818 4.78494 3.90566 5.08413 3.81811 3.78429 3.76993 3.73847 3.72747 3.68266 3.55172 3.54987 3.54285
threshold=0.32129206026687879 0.46531765613834081 0.17633327861573364 0.62882868179027218 12.450000000000001 7.4500000000000011 -71.803690238639419 2.0833333333333335 12.083333333333334 77.500000000000014 1.0833333333333337 4.0833333333333348 1540.8064345572564 1500.8660778432045 4.0833333333333348 10.91666666666667 1.6333333333333335 6.366666666666668 0.02820533846986251 4.5000000000000009 0.45000000000000001 12.550000000000002 0.17802205509942856 1.5500000000000005 0.91666666666666696 1425.2755860948582 16.208333333333339 14.500000000000002 7.366666666666668 6.4500000000000011
decision_type=2 2 2 2 2 2 2 2 2 2 2 2 2 2 2 2 2 2 2 2 2 2 2 2 2 2 2 2 2 2
left_child=2 8 10 5 7 6 -3 13 -2 16 12 21 -1 17 -9 -16 26 18 -4 25 -21 -12 -19 24 -23 -5 28 -18 -10 -27
right_child=1 3 4 19 -6 -7 -8 14 9 -11 11 -13 -14 -15 15 -17 27 22 -20 20 -22 23 -24 -25 -26 29 -28 -29 -30 -31
leaf_value=-0.0062024314484517363 0.00041281049756515883 -0.0065904373505638629 -0.002972194994119391 -0.00090557553438068406 -0.0002808173426492963 0.0046684686987246296 0.005330460310700909 -0.0011611703144675856 0.0015580431516997826 0.012545708015319774 -0.0069635044877449648 -0.00094830456099109263 -0.0015296134794202615 -0.0037074537099974028 0.01687009386994184 0.0030626591895863038 0.0034014226590533946 0.0070538381205170224 0.015048291240009391 0.0087194631427587252 0.0018480556662247207 -0.0026658592007050624 -0.0019793290804095637 0.0086324083512777511 -0.00889114621714426 0.0024880116079921601 -0.00634562022986551 0.010620019520766513 0.010926421805571747 0.011966639641887671
leaf_weight=3142.2489569187164 4632.0061142444611 151.17865133285522 45.169758796691895 164.62350797653198 6434.2995445728302 4845.7487750053406 107.75118207931519 376.48754620552063 4968.7773561477661 79.83722710609436 701.32002007961273 970.70281708240509 434.25422942638397 2948.9867527484894 50.720176696777344 179.57447981834412 1382.1975872516632 74.039737701416016 47.690359830856323 1771.3851404190063 191.51869368553162 967.73452365398407 7027.5886497497559 40.404787659645081 183.08808135986328 139.47711038589478 92.200386762619019 117.74855327606201 64.601634502410889 115.23805809020996
leaf_count=1581 1856 55 20 48 2776 1636 38 165 1942 29 348 465 209 1322 21 75 521 34 21 510 56 481 3151 20 91 41 35 44 24 33
internal_value=4.67838e-05 0.00299413 -0.00230174 0.00528908 -0.00142817 0.00434882 -0.00162825 -0.0021148 0.00147827 0.00221411 -0.0046323 -0.00337747 -0.00563565 -0.00233862 0.00162432 0.0061634 0.00208774 -0.0017771 0.00634435 0.0073012 0.00805031 -0.00462225 -0.00188417 -0.00323918 -0.00366312 0.00378386 0.00153484 0.00397479 0.00168043 0.00680635
internal_weight=42448.6 18824.3 23624.3 7486.92 17184.6 5104.68 258.93 10750.3 11337.4 6705.36 6439.75 2863.25 3576.5 10143.5 606.782 230.295 6625.53 7194.49 92.8601 2382.24 1962.9 1892.55 7101.63 1191.23 1150.82 419.339 5125.58 1499.95 5033.38 254.715
internal_count=17648 6868 10780 2417 7585 1729 93 4809 4451 2595 3195 1405 1790 4548 261 96 2566 3226 41 688 566 940 3185 592 572 122 2001 565 1966 74
is_linear=0
shrinkage=0.04


Tree=32
num_leaves=31
num_cat=0
split_feature=2 1 2 1 18 1 12 1 8 13 19 9 9 14 2 22 8 1 0 19 18 18 18 2 14 16 2 5 2 14
split_gain=176.296 46.4226 29.1231 9.68553 8.16008 6.51095 5.42085 5.35146 5.25542 4.92465 5.24519 5.06521 4.71512 4.71326 4.73097 4.93931 4.80454 4.68314 4.60652 4.58947 4.4656 4.32776 4.21527 4.14952 3.99499 7.37889 4.31429 3.96386 4.35748 3.96044
threshold=0.32129206026687879 0.2609481419748883 0.17633327861573364 0.30991909906280629 12.450000000000001 0.22910865974423275 2.0833333333333335 0.28390521875256297 1351.1714663125008 1.0833333333333337 4.0833333333333348 1538.3503242468751 1500.8660778432045 7.0833333333333348 0.46531765613834081 8.5000000000000018 1401.4667986229504 0.3474596817265288 0.15312812783014293 4.0833333333333348 10.91666666666667 13.083333333333334 16.450000000000003 0.49129889977926894 8.9166666666666696 1.4500000000000002 0.29968634457456822 0.028384544208894361 0.20185229195550719 15.91666666666667
decision_type=2 2 2 2 2 2 2 2 2 2 2 2 2 2 2 2 2 2 2 2 2 2 2 2 2 2 2 2 2 2
left_child=2 5 9 13 6 8 12 27 18 11 -11 -1 -4 -3 15 29 21 -14 -2 -8 -21 -16 -17 -23 25 26 -9 28 -6 -15
right_child=1 3 4 -5 7 -7 19 24 -10 10 -12 -13 17 14 16 22 -18 -19 -20 20 -22 23 -24 -25 -26 -27 -28 -29 -30 -31
leaf_value=-0.0061323244773849482 0.008712906208989955 -0.0033802767515240784 -0.0017449102339275227 -0.0005141651038935444 -0.0029110405552820258 0.0044048943766568493 -0.0011394988571400452 -0.0048083366750607814 0.0063638755580100615 -0.004551791262965078 -0.00093037726718655654 -0.0016024700018222268 -0.0033451621051365293 0.0014717469539357281 -0.0035492585666464203 0.0043645880824837039 0.0053552298419912671 -0.012126535260949915 0.019144741035814612 0.016267280182710217 0.0029929389033101161 0.011989131655134778 -0.0031423526446512601 5.1952224039480889e-05 -0.0019846776480035469 0.017096442759553937 0.0091429441330789715 -0.00039865888206892688 0.0031665551545581078 -0.0041849767926792061
leaf_weight=3102.895691037178 251.65197920799255 242.87735319137573 7181.7054975032806 2964.4830222129822 219.61004304885864 3344.0979902744293 376.05063438415527 111.90965580940247 2871.5754733085632 1883.8339899778366 969.78274214267731 453.51452159881592 2838.275545835495 5581.3283364772797 213.52926850318909 1497.2608139514923 1290.8960289955139 99.798218727111816 93.848464250564575 51.583089351654053 180.1252977848053 74.970805883407593 129.36634516716003 120.50736260414124 2653.5426645278931 49.321177005767822 50.708094120025635 2034.4670262336731 1312.9342746734619 204.3689239025116
leaf_count=1571 68 94 3226 1249 96 1125 165 51 838 940 465 219 1275 2158 79 573 461 47 26 21 75 27 48 44 1194 22 22 856 535 78
internal_value=4.57427e-05 0.00292577 -0.00226132 0.00147809 -0.00140183 0.00564336 -0.00207722 -0.000275318 0.00692895 -0.00456167 -0.00332183 -0.00555529 -0.00229758 0.00210939 0.00225607 0.00181915 0.00415903 -0.00364747 0.0115936 0.00158984 0.00600529 0.00037979 0.00376599 0.00466788 -0.00156228 0.00371078 -0.000428703 0.000758681 0.00229432 0.00127125
internal_weight=42450.8 18880.8 23570.1 12319.6 17160 6561.17 10727.5 6432.49 3217.08 6410.03 2853.62 3556.41 10119.8 9355.11 9112.23 7412.32 1699.9 2938.07 345.5 607.759 231.708 409.007 1626.63 195.478 2865.48 211.939 162.618 3567.01 1532.54 5785.7
internal_count=17648 6868 10780 4811 7585 2057 4809 2776 932 3195 1405 1790 4548 3562 3468 2857 611 1322 94 261 96 150 621 71 1289 95 73 1487 631 2236
is_linear=0
shrinkage=0.04


Tree=33
num_leaves=31
num_cat=0
split_feature=2 1 2 6 6 11 1 11 1 14 15 19 1 21 6 19 5 5 8 11 21 8 8 5 19 19 0 11 8 17
split_gain=157.568 52.5919 27.8004 16.9935 8.82984 8.62393 5.09575 6.02508 5.03521 4.91589 4.89954 5.24031 5.99264 5.54222 4.84564 5.15812 4.63663 4.35484 5.09367 4.41776 4.30857 5.05474 4.36301 4.109 4.01588 3.96071 3.85351 5.46844 7.26987 3.76742
threshold=0.32129206026687879 0.26235897776581019 0.17633327861573364 0.49362240747610037 0.42550457545515424 0.12319211059562478 0.22141146458878033 0.57458719084450716 0.21154669227018899 9.2916666666666696 2.9166666666666674 4.8166666666666673 0.29063937767529907 1.0000000180025095e-35 0.59429338456233693 3.5500000000000003 0.033027030953487919 0.030933496927754937 1416.5963408998618 0.30134422139597733 -0.81666666666666654 1420.5251731056128 1460.5930304510089 0.025484862659661881 4.916666666666667 4.916666666666667 0.47141239292023213 0.63973680772361086 1566.4389553372841 0.91666666666666685
decision_type=2 2 2 2 2 2 2 2 2 2 2 2 2 2 2 2 2 2 2 2 2 2 2 2 2 2 2 2 2 2
left_child=2 5 25 23 10 -2 8 9 -7 -8 20 12 -12 -13 -5 -16 -11 18 -10 -20 21 -3 -23 -4 -17 -1 -25 -28 29 -29
right_child=1 4 3 14 -6 6 7 -9 17 16 11 13 -14 -15 15 24 -18 -19 19 -21 -22 22 -24 26 -26 -27 27 28 -30 -31
leaf_value=-0.0047828464910483898 0.010710636157196864 -0.0043630019841027004 -0.00054536339856392762 -0.00016288632589338405 0.0019896572803559226 0.0057856545614566549 0.00061519038028768746 0.0099890791072918123 0.021646614362294921 0.0051750553679307323 0.013090419887676378 0.0048464732910961841 0.0012657701114792478 -0.0042872907072080161 -0.0035241090514723412 0.006320400224785333 0.00060559976110408336 0.0052190232951918533 0.0020093060402750548 0.014284412294427246 -0.0030731537757233071 0.01775863147331138 0.0011708046137562174 -0.0019814842401560005 0.0015126548324888524 -0.0019202125721869111 -0.0057240244940955712 -0.0071420209767884529 -0.0054405270132993067 0.00062595040862814869
leaf_weight=5464.3031841516495 494.18674278259277 72.537629842758179 1985.7360308170319 4615.1135032176971 7989.6332592964172 1819.7236893177032 603.5267698764801 281.04893732070923 85.240932464599609 2661.2980556488037 70.004289388656616 132.54426240921021 2019.8952176570892 521.5860288143158 188.7182149887085 491.66559243202209 410.34684300422668 162.45555567741394 73.058623552322388 131.94736909866333 1210.4086003303528 49.498676538467407 51.289248943328857 6232.1010341644287 639.89729285240173 902.95602655410767 1267.786449432373 110.61227631568909 699.26651310920715 950.70668482780457
leaf_count=2751 135 30 902 1948 3035 522 203 97 25 877 25 55 839 214 77 195 138 49 22 39 499 20 21 2823 247 439 592 52 326 443
internal_value=6.1523e-05 0.00278797 -0.00211979 -0.001283 0.00121362 0.005625 0.00521985 0.00435052 0.00673075 0.00391672 -0.00028858 0.000690049 0.00166793 -0.00243197 0.000448557 0.0025844 0.00456501 0.0105086 0.0134412 0.00994088 -0.00222836 0.00365502 0.0094118 -0.00219682 0.00360536 -0.00437725 -0.00255085 -0.0037215 -0.00227706 -0.0001896
internal_weight=42389.1 18840.2 23548.9 17181.6 12117.4 6722.83 6228.65 3956.22 2272.43 3675.17 4127.76 2744.03 2089.9 654.13 5935.39 1320.28 3071.64 452.702 290.247 205.006 1383.73 173.326 100.788 11246.2 1131.56 6367.26 9260.47 3028.37 1760.59 1061.32
internal_count=17640 6845 10795 7605 4738 2107 1972 1315 657 1218 1703 1133 864 269 2467 519 1015 135 86 61 570 71 41 5138 442 3190 4236 1413 821 495
is_linear=0
shrinkage=0.04


Tree=34
num_leaves=31
num_cat=0
split_feature=2 6 2 6 0 6 6 2 10 5 5 21 14 17 14 16 6 2 6 14 21 2 14 0 5 20 5 22 6 0
split_gain=151.298 39.5045 27.9537 17.4062 15.1766 6.69985 5.4684 5.2724 5.79048 4.7609 5.75368 4.73094 4.64784 3.90408 3.831 5.9808 4.61808 3.81475 6.70692 5.17708 4.0239 3.80461 3.77816 3.65685 5.48554 4.27544 3.61104 4.42721 3.52387 4.14152
threshold=0.32553333494407599 0.4807691043333619 0.17633327861573364 0.53855745252253995 0.12400752380607453 0.59328415932872536 0.37880694091675177 0.48133848418936381 -1.317341039691996 0.033657716791072774 0.02820533846986251 -0.49999999999999989 7.4500000000000011 0.18333333333333338 8.9166666666666696 1.4500000000000002 0.43039605898473193 0.066776523266600454 0.62726124511082137 10.816666666666668 -0.16666666666666682 0.32872355288785388 13.583333333333334 0.18146632070201171 0.030110246985804893 -0.33333333333333331 0.026818298304537084 27.500000000000004 0.4858973431777987 0.15943150242760615
decision_type=2 2 2 2 2 2 2 2 2 2 2 2 2 2 2 2 2 2 2 2 2 2 2 2 2 2 2 2 2 2
left_child=2 7 17 6 22 9 -4 13 12 10 21 -12 -9 -2 15 -8 -17 20 -19 -20 -1 -6 -3 24 25 -13 27 -23 -28 -30
right_child=1 4 3 -5 5 -7 14 8 -10 -11 11 23 -14 -15 -16 16 -18 18 19 -21 -22 26 -24 -25 -26 -27 28 -29 29 -31
leaf_value=-0.0093752432359847978 -0.0062538349360968587 0.0087831885320512042 -0.0034529560050494748 0.0012745696294223208 0.011243584407726133 0.0055951549669661762 -0.00051247979564144112 -0.0066788247223628222 0.011910075498242273 2.4012635417047575e-05 -0.00020247889660566904 0.0085573992554055685 0.0030304934354132337 0.00030863117685766281 -0.0016736561853314626 -0.0010178784747377951 0.012870059598078526 -0.0046970696951164547 0.011788948030392765 -0.0018710831520366456 -0.0027684686497657556 0.003038228109961186 0.0017467160285543795 0.0049403323573138039 0.0059362479291200096 0.023144446432252976 0.008068251040561733 0.012320106549110556 0.01284942408342586 -6.5616880512925704e-05
leaf_weight=443.29713451862335 147.41485238075256 1330.3922929763794 2732.6146550178528 3585.901730298996 79.363381147384644 2362.8354480266571 721.43875217437744 85.45423412322998 107.89152121543884 709.99519276618958 229.90782999992371 65.847613334655762 906.6591739654541 6389.0251171588898 10463.124088048935 59.484539270401001 105.92001867294312 4439.0859130620956 45.121787309646606 1189.4997559785843 222.44989991188049 2518.4642295837402 135.04099822044373 1439.9059638977051 264.88968205451965 65.496298551559448 99.955800294876099 84.132500410079956 39.958338260650635 1321.3625686168671
leaf_count=232 63 364 1275 1445 31 746 321 33 38 247 83 20 322 2581 4699 27 46 2243 21 579 115 893 38 509 82 20 38 28 12 489
internal_value=6.01892e-05 0.00279093 -0.00203089 -0.00121319 0.0043538 0.0037558 -0.0018467 0.000591055 0.0031518 0.00312697 0.00348171 0.0052061 0.00218831 0.000159695 -0.00145971 0.00106355 0.00789943 -0.00430934 -0.00397187 -0.00136271 -0.00717515 0.00262079 0.0081364 0.00588306 0.00928786 0.0159513 0.00244967 0.00334289 0.000857607 0.000322627
internal_weight=42391.9 18384 24007.9 17668.5 10747.5 9282.11 14082.6 7636.44 1100 6919.28 6209.28 2066.05 992.113 6536.44 11350 886.843 165.405 6339.45 5673.71 1234.62 665.747 4143.24 1465.43 1836.14 396.234 131.344 4063.87 2602.6 1461.28 1361.32
internal_count=17640 6637 11003 7813 3600 3198 6368 3037 393 2452 2205 714 355 2644 5093 394 73 3190 2843 600 347 1491 402 631 122 40 1460 921 539 501
is_linear=0
shrinkage=0.04


Tree=35
num_leaves=31
num_cat=0
split_feature=4 1 4 6 6 11 22 19 1 22 19 6 1 11 1 14 5 18 5 8 11 1 19 5 0 11 8 4 17 18
split_gain=145.31 47.726 26.046 15.9051 8.18939 7.84363 4.77455 4.72351 5.1579 4.61259 4.5924 4.55293 4.54595 5.62576 4.77102 4.59369 4.2874 4.00947 4.00388 4.69586 4.1226 3.91468 3.81796 3.63154 3.98587 5.36115 6.75114 3.61807 3.53265 3.51675
threshold=-0.74784034754929263 0.26235897776581019 -1.5413901524025675 0.49362240747610037 0.42550457545515424 0.12319211059562478 69.500000000000014 4.8166666666666673 0.29063937767529907 13.500000000000002 3.2916666666666674 0.59429338456233693 0.22141146458878033 0.57458719084450716 0.21154669227018899 9.2916666666666696 0.033027030953487919 5.7500000000000009 0.030933496927754937 1416.5963408998618 0.30134422139597733 0.3474596817265288 4.916666666666667 0.025484862659661881 0.47141239292023213 0.63973680772361086 1566.4389553372841 -1.6292465827931462 0.91666666666666685 10.91666666666667
decision_type=2 2 2 2 2 2 2 2 2 2 2 2 2 2 2 2 2 2 2 2 2 2 2 2 2 2 2 2 2 2
left_child=2 5 22 17 7 9 -6 8 -3 -2 -5 -12 14 15 -7 -14 -17 -4 19 -16 -21 -10 -1 -19 -25 -26 28 -24 -27 -9
right_child=1 4 3 10 6 12 -8 29 21 -11 11 -13 13 -15 18 16 -18 23 -20 20 -22 -23 27 24 25 26 -28 -29 -30 -31
leaf_value=-0.0046429461355914628 0.011710305181535954 0.0073825262239895504 0.009342570174096447 -0.0023089730176032151 0.001768560663011523 0.005463578097382891 0.0087826946355003075 -0.01311457492686979 0.00040973842279983414 0.0007495886194776541 0.00021429856179193827 0.0030088988152683648 0.00053808540575297787 0.0095504487969055724 0.020564139764321473 0.0049293415309704944 0.00054407173363143872 -0.00061081917994319735 0.0049705670261070371 0.0018166599919597186 0.01359561840576393 -0.0058408768995422168 -0.0028806728027939315 -0.0019267041590992366 -0.0057052247571460924 -0.0070248935611688023 -0.0053351799220483559 0.0042569411857912983 0.00052948650178760758 -0.0022299843050509918
leaf_weight=5414.0683361291885 431.63399171829224 161.22100138664246 47.615499258041382 836.38724398612976 7862.3541564941406 1842.8773415088654 157.48099184036255 49.358810663223267 2892.4754467010498 71.762982606887817 3874.9331002235413 1227.5537488460541 605.81150388717651 285.25495362281799 87.550091505050659 2687.6833226680756 411.58704304695129 1961.3259859085083 164.09087729454041 73.716697931289673 134.68424844741821 168.71705722808838 765.6527224779129 6190.7640244960785 1249.1503794193268 109.59402370452881 694.1887378692627 132.49155187606812 947.36265254020691 855.32036423683167
leaf_count=2751 115 58 21 360 2980 522 55 21 1196 20 1628 479 203 97 25 877 138 893 49 22 39 77 378 2816 588 52 326 61 442 351
internal_value=5.89027e-05 0.00266439 -0.00204581 -0.00123668 0.00116238 0.00534821 0.00190737 -0.000285396 0.000431801 0.0101524 0.000436658 0.00088708 0.00496238 0.00414355 0.00637877 0.0037248 0.00434734 -0.00212394 0.0100251 0.0128014 0.00945768 6.3442e-05 -0.00424223 -0.00217373 -0.00250714 -0.00370377 -0.00227363 -0.00182419 -0.000259714 -0.00283767
internal_weight=42394.7 18943.6 23451.1 17138.9 12146.9 6796.65 8019.84 4127.09 3222.41 503.397 5938.87 5102.49 6293.26 3990.34 2302.92 3705.08 3099.27 11200 460.042 295.951 208.401 3061.19 6312.21 11152.4 9191.06 3000.3 1751.15 898.144 1056.96 904.679
internal_count=17640 6845 10795 7605 4738 2107 3035 1703 1331 135 2467 2107 1972 1315 657 1218 1015 5138 135 86 61 1273 3190 5117 4224 1408 820 439 494 372
is_linear=0
shrinkage=0.04


Tree=36
num_leaves=31
num_cat=0
split_feature=4 4 6 6 4 4 6 6 14 8 4 8 5 6 4 4 20 22 23 9 14 15 8 17 6 9 11 18 16 4
split_gain=145.708 34.2174 25.8303 17.4331 6.57366 6.56485 6.66664 6.33498 6.27186 5.98559 5.52516 5.71702 5.51045 4.95479 10.4669 5.33198 4.45604 4.25714 4.04332 4.50585 3.98719 3.92289 6.53196 6.06247 3.9042 3.81652 4.59294 3.95814 5.03641 5.80629
threshold=-0.51038043205280204 -1.552599025141985 0.54897037332270504 0.45140633176347467 -0.85479457926160196 -1.2024323281165128 0.55256444815547778 0.65053304785163879 7.4500000000000011 1399.9199016344576 -0.14046021638945308 1401.4667986229504 0.021034321361563139 0.62726124511082137 -2.7371899156792625 -1.9441917028755407 -1.3666666666666663 8.5000000000000018 7.5000000000000009 1435.9966245307899 13.583333333333334 5.6333333333333337 1578.236115650988 0.91666666666666685 0.37880694091675177 1606.3122751271696 0.41323987991222849 15.083333333333334 2.4500000000000006 0.022630820932357822
decision_type=2 2 2 2 2 2 2 2 2 2 2 2 2 2 2 2 2 2 2 2 2 2 2 2 2 2 2 2 2 2
left_child=1 13 8 4 24 -5 -7 9 -2 20 17 -12 -8 -1 -15 -16 -11 -10 19 -17 -4 22 -9 -23 -3 -18 27 -27 29 -29
right_child=2 3 7 5 -6 6 12 21 10 16 11 -13 -14 14 15 18 25 -19 -20 -21 -22 23 -24 -25 -26 26 -28 28 -30 -31
leaf_value=-0.0050394827947760909 -0.0026831269689298509 -0.0042291695829173989 0.0085162174770547563 -0.0012912918624656629 -0.00078977893173829794 5.2806046729543238e-05 0.013421097157757361 0.008075597402762839 0.00070456645381110046 0.0093026395221482913 0.00052025750402183879 0.0044735007235995865 0.0022292825553298992 -0.0077636233720301479 -0.0023686151045709219 -0.0019767139838527082 0.001648038771663329 0.0036652963469389955 -0.0017363032805934855 0.010164030642599613 -0.00033811996487424371 -0.0049895139038485872 0.020125800756064134 0.0099514167379655353 -0.0021731151817613518 0.0013379557896535613 0.0088484246106336727 -0.00027405245383605483 0.0022837550530522685 0.0096846839753274658
leaf_weight=4271.8120317459106 440.1954345703125 2180.1010882854462 827.05391383171082 3527.9381296634674 3999.2794704437256 5876.6150281429291 71.702390909194946 950.35310220718384 3634.741991519928 235.57173371315002 775.10477709770203 2392.8888103961945 2264.9011995792389 456.84794676303864 958.13450133800507 69.435773968696594 1061.6834735870361 987.57374167442322 158.97385191917419 162.17950963973999 90.156812429428101 86.392249584197998 77.517759561538696 85.529539346694946 4599.2542243003845 667.81832432746887 339.62130856513977 116.40370416641235 500.18659925460815 477.53720641136169
leaf_count=2185 166 1032 249 1576 1719 2460 26 252 1402 75 269 812 859 242 477 33 352 371 75 76 28 25 21 25 2131 208 113 39 151 141
internal_value=-6.76602e-06 -0.00163358 0.00337745 -0.000914706 -0.00207618 0.000151639 0.000771522 0.00549535 0.00195761 0.00477848 0.00222015 0.00350674 0.00257832 -0.0042968 -0.00253785 -0.000763307 0.0040025 0.00133779 0.00317059 0.00653151 0.00764646 0.00806802 0.00900305 0.00245803 -0.00283483 0.00360498 0.00459234 0.00376741 0.00524769 0.00773574
internal_weight=42343.5 28597.2 13746.3 22519.8 10778.6 11741.2 8213.22 5515.83 8230.5 4316.03 7790.31 3167.99 2336.6 6077.38 1805.57 1348.72 3398.82 4622.32 390.589 231.615 917.211 1199.79 1027.87 171.922 6779.36 3163.25 2101.57 1761.95 1094.13 593.941
internal_count=17590 12891 4699 9803 4882 4921 3345 1679 3020 1356 2854 1081 885 3088 903 661 1079 1773 184 109 277 323 273 50 3163 1004 652 539 331 180
is_linear=0
shrinkage=0.04


Tree=37
num_leaves=31
num_cat=0
split_feature=2 1 2 6 2 5 18 6 15 8 5 6 2 1 12 1 15 10 5 1 18 8 1 6 5 2 10 1 15 1
split_gain=139.743 35.8039 27.413 18.064 5.67617 5.61876 5.62134 5.32139 5.07375 5.62853 5.31145 4.81672 10.1692 5.66853 4.66658 4.399 4.22301 5.35175 4.41403 4.18344 4.12677 4.12611 5.16435 3.89263 3.85904 3.71508 4.53156 4.29699 3.61315 3.56317
threshold=0.34157940210316956 0.2609481419748883 0.17471120520980019 0.45140633176347467 0.30226508782628025 0.022152994126501849 14.083333333333334 0.64810509706148267 5.7750000000000012 1578.236115650988 0.040026793148158164 0.62726124511082137 0.060814206054760463 0.19108974798625902 2.9166666666666674 0.31303753607606449 4.916666666666667 -25.045474430917576 0.027947423472014402 0.25893848858885388 5.5833333333333348 1392.2691382532116 0.25392549695394084 0.37166994981473672 0.027754806348361364 0.14048407340939775 115.37313861495069 0.13671218364234691 3.183333333333334 0.31199331228008209
decision_type=2 2 2 2 2 2 2 2 2 2 2 2 2 2 2 2 2 2 2 2 2 2 2 2 2 2 2 2 2 2
left_child=2 5 11 20 14 -2 21 19 9 10 -9 25 -13 -14 -5 29 18 -18 24 -8 -4 22 -7 -22 -6 27 -27 -1 -25 -3
right_child=1 15 3 4 16 6 7 8 -10 -11 -12 12 13 -15 -16 -17 17 -19 -20 -21 23 -23 -24 28 -26 26 -28 -29 -30 -31
leaf_value=0.0052017649014493754 -0.0012236631537243447 0.0016089502977355713 0.01121155714439289 -0.00058666369498912784 0.0014529420042268513 0.0081746072101826651 0.0050414100419825377 0.0074751367713786765 0.001319673539464431 0.019658137951331187 0.017175781621723837 -0.0076695271781262401 -0.0018577546340613359 0.0053087236298060437 0.0074856939366114766 -0.00050460166465481082 -0.0054468090080283015 0.005838233676235636 -0.002247501424737544 0.012110735038756827 -0.0038099572110512842 0.0026198367498998809 -0.0021066158898109038 -0.00048436850981476689 0.0099736453647142481 -0.0076412050188534074 -0.0029673230988913517 -0.0064942615599665535 -0.0025549451674510312 0.008586814500753312
leaf_weight=50.859335064888 216.80676412582397 8425.6397664546967 34.393869638442993 7912.1531889438629 855.61287403106689 491.89727807044983 3040.1726198196411 723.97861957550049 132.11863279342651 82.495292186737061 103.2102427482605 453.3148832321167 1139.7449699640274 207.9557865858078 115.26937294006348 1731.537412405014 75.291440010070801 577.1677770614624 531.46542429924011 139.73443007469177 2544.2379944324493 1604.6337621212006 92.477640151977539 1880.4067504405975 93.508763551712036 406.44387292861938 1808.878210067749 1984.1570349931717 4770.0674335956573 117.79917407035828
leaf_count=27 73 3165 15 3415 343 147 931 193 39 22 25 242 565 96 45 729 30 222 212 48 1192 507 32 849 37 205 912 1041 2183 48
internal_value=-6.73086e-06 0.00281235 -0.00187972 -0.00114608 1.75585e-05 0.00510441 0.00531858 0.00617197 0.00865575 0.00971859 0.00870479 -0.00422985 -0.00249405 -0.000748821 -0.000469831 0.00133359 0.00185114 0.00452964 0.000668532 0.00535577 -0.00242701 0.00367068 0.00654678 -0.00247924 0.00230203 -0.00496461 -0.0038279 -0.00619954 -0.00196966 0.00170616
internal_weight=42343.4 16902.5 25440.9 19389.6 10160.5 6627.53 6410.72 4221.71 1041.8 909.684 827.189 6051.35 1801.02 1347.7 8027.42 10275 2133.05 652.459 1480.59 3179.91 9229.11 2189.01 584.375 9194.71 949.122 4250.34 2215.32 2035.02 6650.47 8543.44
internal_count=17590 5959 11631 8543 4304 2017 1944 1258 279 240 218 3088 903 661 3460 3942 844 252 592 979 4239 686 179 4224 380 2185 1117 1068 3032 3213
is_linear=0
shrinkage=0.04


Tree=38
num_leaves=31
num_cat=0
split_feature=2 2 1 6 2 6 2 6 22 5 6 2 18 2 1 23 10 5 6 6 20 8 5 10 15 17 8 2 2 12
split_gain=134.227 31.9916 25.6476 16.1614 6.23086 6.20632 6.18404 6.30943 5.90812 5.1791 4.70274 8.07821 4.4419 4.26634 4.24274 4.1278 4.89141 3.71243 3.70626 3.65723 3.62361 3.57159 3.47924 5.10038 3.47488 5.76131 5.64832 3.46984 3.44146 3.38305
threshold=0.37510434761311101 0.17471120520980019 0.2609481419748883 0.45140633176347467 0.29842805335968287 0.65053304785163879 0.23104280321486234 0.55256444815547778 61.500000000000007 0.021034321361563139 0.59725746268656732 0.12209086105899605 12.450000000000001 0.14264661607564602 0.3474596817265288 7.5000000000000009 262.50207765033605 0.022152994126501849 0.38263988522238174 0.65294202320843298 1.916666666666667 1630.1487905265424 0.035455007431922321 64.236320499687068 5.6333333333333337 0.91666666666666685 1578.236115650988 0.20185229195550719 0.060814206054760463 1.9166666666666667
decision_type=2 2 2 2 2 2 2 2 2 2 2 2 2 2 2 2 2 2 2 2 2 2 2 2 2 2 2 2 2 2
left_child=1 10 5 4 18 17 20 -8 -4 -9 13 28 -10 -1 -6 19 -17 -2 -3 -13 22 -15 -5 -24 26 -26 -7 -25 -12 -21
right_child=2 3 8 6 14 24 7 9 12 -11 11 15 -14 21 -16 16 -18 -19 -20 29 -22 -23 23 27 25 -27 -28 -29 -30 -31
leaf_value=-0.0066263292058956549 -0.001304067589325042 -0.0040355302670146117 0.001426826074061117 -0.0019794793659018571 -0.00043552883142374682 0.0076336214613771779 4.4199616965358517e-05 0.012929768554030607 0.0001563845756374722 0.0021580784366262234 -0.0071458279203296705 0.00073075660658115287 0.013427507734144818 -0.0047933877992321098 -0.0061480485975268411 -0.0065505603137822263 0.004284516506038609 0.0046558010260087214 -0.002062741836579709 -5.8021143784604271e-05 0.0074097791640669007 -0.00073448660417870415 -0.0079949475197334911 0.00047289185316362831 -0.0049420145699734467 0.0095901228634847693 0.018639505612469139 0.0078135795726215745 -0.003204088664962153 0.013298049360996463
leaf_weight=1608.1055389642715 172.49014568328857 2330.3203667402267 7165.6583449840546 2934.5882742404938 3771.9207155704498 965.64475917816162 5879.1560311317444 72.791665315628052 61.930879354476929 2272.2277467250824 491.22111093997955 304.90520429611206 114.9434289932251 1454.8611779212952 219.18106865882874 198.79666650295258 99.209978938102722 5102.7471106052399 4413.4328300952911 46.454928278923035 74.527039766311646 455.89254200458527 74.819698810577393 273.37942600250244 86.114053010940552 86.590960741043091 80.548714399337769 164.47547698020935 1279.9561749696732 86.44679057598114
leaf_count=852 58 1110 2681 1315 1617 252 2460 26 22 859 264 147 38 741 102 96 48 1577 2053 22 31 230 34 122 25 25 21 74 648 40
internal_value=-6.68782e-06 -0.00157571 0.00322573 -0.000881859 -0.00200365 0.00505675 0.000143445 0.000744034 0.0016058 0.00249781 -0.00416369 -0.00283789 0.00880775 -0.00510718 -0.000750707 0.000684341 -0.00294117 0.00446071 -0.00274494 0.00315323 -0.00125888 -0.00382585 -0.00144838 0.00158959 0.00763057 0.00235738 0.00849798 0.00324186 -0.00430071 0.00866395
internal_weight=42343.3 28506.7 13836.7 22480.8 10734.9 6494.14 11746 8224.18 7342.53 2345.02 6025.85 2506.99 176.874 3518.86 3991.1 735.814 298.007 5275.24 6743.75 437.807 3521.79 1910.75 3447.26 512.675 1218.9 172.705 1046.19 437.855 1771.18 132.902
internal_count=17590 12891 4699 9803 4882 1958 4921 3345 2741 885 3088 1265 60 1823 1719 353 144 1635 3163 209 1576 971 1545 230 323 50 273 196 912 62
is_linear=0
shrinkage=0.04


Tree=39
num_leaves=31
num_cat=0
split_feature=2 2 1 1 19 13 18 1 22 9 18 5 18 9 1 21 2 5 20 9 2 10 10 5 3 12 3 18 9 21
split_gain=139.018 32.249 24.5323 10.887 6.95201 5.93879 5.01544 4.85697 4.53705 4.19966 5.09395 4.11591 4.03242 3.95206 4.20073 4.03415 3.94471 5.09585 4.14628 5.57359 3.93998 5.85801 4.27196 3.77931 3.7609 4.50136 3.79077 4.024 3.60892 3.53732
threshold=0.37510434761311101 0.23104280321486234 0.2609481419748883 0.28254110308651986 4.8166666666666673 0.91666666666666685 5.916666666666667 0.28708283627623377 12.500000000000002 1468.3568970068848 14.083333333333334 0.020266287447519574 15.183333333333335 1473.4989730593713 0.3474596817265288 -0.91666666666666641 0.32733560677454004 0.022853844306059638 -0.91666666666666641 1430.410138452942 0.13864839685674724 100.34971682405059 365.05774775975618 0.032812637297795939 -0.39679087686557429 1.0833333333333337 -0.36547549059474077 10.450000000000001 1663.2475352810434 -1.5499999999999996
decision_type=2 2 2 2 2 2 2 2 2 2 2 2 2 2 2 2 2 2 2 2 2 2 2 2 2 2 2 2 2 2
left_child=1 4 -2 11 6 -6 -1 12 13 10 -7 -3 -4 15 24 -5 17 -17 19 -18 -8 -22 -23 -19 -15 -26 -27 -28 -11 -10
right_child=2 3 7 8 5 9 20 -9 29 28 -12 -13 -14 14 -16 16 18 23 -20 -21 21 22 -24 -25 25 26 27 -29 -30 -31
leaf_value=0.0083825420353124108 0.0050901019780461056 0.012524165254260517 0.0019928602355241166 -0.0029034451958971082 -0.0037362138951137309 0.00026968394116287637 -0.0048736979666207025 0.00065343395098543691 -0.0097137929515899186 0.0028889239635070427 -0.008792108514232325 0.00099250328673413562 0.0050317169376945352 -0.0010800932681731448 -0.0069274980845305013 0.0040418827228604652 0.0078341306362510726 -0.0024831573211107415 0.0052553250038359983 -0.0055070799713612915 -0.0049283752855768135 -0.0022750065049485448 -0.014364062448622374 0.001858662627768665 -0.00089445518167216305 -0.010825172938714019 -0.0083563663692079494 -0.0026008054779017055 -0.0073489040834339714 0.0011732086482053356
leaf_weight=54.932378768920898 6506.2944319248199 49.014960765838623 3019.6369240283966 778.47459602355957 828.64587128162384 325.81825935840607 2924.9973121881485 3534.6244835853577 48.249474048614502 817.37149786949158 141.69895076751709 5124.637556552887 909.21272897720337 3799.1731107234955 269.55400705337524 327.7917366027832 71.925725698471069 1279.7558658123016 445.67306923866272 159.19853639602661 2049.2034081220627 4969.3119822740555 46.253482103347778 427.12961149215698 820.33474588394165 142.81821274757385 251.00763845443726 857.49511003494263 58.120455265045166 1574.3415768146515
leaf_count=27 1952 18 1074 342 400 155 1538 1392 21 371 66 2046 318 1632 128 146 29 579 183 65 978 2383 23 195 375 65 116 392 26 688
internal_value=2.36174e-05 -0.00157193 0.00329493 -0.000414415 -0.00312821 -0.0010754 -0.00357188 0.00172952 -0.00111263 0.000567895 -0.00248974 0.00110415 0.00269721 -0.0014423 -0.00205311 -0.000367321 0.000361612 -0.000518566 0.00300458 -0.00133944 -0.00363844 -0.0031264 -0.00238933 -0.00139621 -0.00182817 -0.00319887 -0.00470766 -0.00391044 0.00220167 0.000843689
internal_weight=42612.7 28642.9 13969.8 16426.6 12216.4 2171.66 10044.7 7463.47 11252.9 1343.01 467.517 5173.65 3928.85 9630.33 6140.38 3489.95 2711.47 2034.68 676.797 231.124 9989.77 7064.77 5015.57 1706.89 5870.83 2071.66 1251.32 1108.5 875.492 1622.59
internal_count=17723 12987 4736 7020 5967 1018 4949 2784 4956 618 221 2064 1392 4247 2708 1539 1197 920 277 94 4922 3384 2406 774 2580 948 573 508 397 709
is_linear=0
shrinkage=0.04


Tree=40
num_leaves=31
num_cat=0
split_feature=2 2 6 6 2 19 2 13 13 17 22 18 14 9 18 2 8 21 8 14 9 18 6 8 13 9 11 20 2 22
split_gain=133.318 31.1419 19.5658 14.3015 8.23478 6.73019 6.00414 5.72913 5.29975 4.87771 4.81982 4.81492 4.63947 4.53931 5.60928 5.40189 4.4013 4.19497 4.20626 4.07145 4.03397 4.94959 3.97045 3.9106 3.89693 3.83017 5.50882 5.87115 5.13032 4.02279
threshold=0.37510434761311101 0.23104280321486234 0.48209706959706972 0.50386600506167689 0.53125570164879854 4.8166666666666673 0.23227871400882374 0.91666666666666685 1.9166666666666667 1.2916666666666667 12.500000000000002 5.916666666666667 13.450000000000001 1489.7146413619037 12.083333333333334 0.30344743020555942 1454.3593842482007 -1.2916666666666663 1360.253979612354 9.2916666666666696 1468.3568970068848 14.083333333333334 0.43039605898473193 1596.7696336609763 0.91666666666666685 1576.611278009226 0.58175106008564859 -0.91666666666666641 0.25222080729864921 6.5000000000000009
decision_type=2 2 2 2 2 2 2 2 2 2 2 2 2 2 2 2 2 2 2 2 2 2 2 2 2 2 2 2 2 2
left_child=1 5 8 10 9 11 -5 -7 -2 12 13 -1 19 15 22 -3 17 -8 -19 -4 21 -9 -15 -14 -16 26 27 -18 -27 -30
right_child=2 3 4 6 -6 7 16 20 -10 -11 -12 -13 23 14 24 -17 25 18 -20 -21 -22 -23 -24 -25 -26 28 -28 -29 29 -31
leaf_value=0.0081509398224688268 0.0018002557145342826 -0.0016083814444518619 0.00051520642692716077 0.014968580723152908 0.0054896413228585506 -0.0036759195777014047 -0.006693098281521803 0.00026427169475891219 -0.0015717372976966158 0.0017365961841807904 0.00082478032807176691 -0.0035793641497151979 -0.0003044802875693926 -0.0047883117932968153 -0.0032913187263285048 0.0011532292951288172 -0.0056825062761665058 0.0082537955840108097 -0.00081612051836045334 0.0062721935454927574 0.0021529561433690884 -0.0086950304160617348 -0.0014973436112203919 0.00646022802620557 1.8527099324753003e-05 -0.0072869850094857361 0.0016977759246773953 0.0071198115213571989 -0.0026763535467088872 0.0028880372847383674
leaf_weight=55.394786953926086 3908.7656073570251 3094.0297636985779 227.66434192657471 51.246893167495728 4633.5448482036591 825.55564606189728 170.58766508102417 325.90613985061646 920.72332906723022 2198.0669054985046 1703.3472285270691 9953.5189244747162 492.88501787185669 1661.3347606658936 823.26903176307678 1787.1003229618073 62.455989360809326 90.753897905349731 753.95580887794495 1446.0628266334534 877.43113279342651 140.45857799053192 908.27807068824768 188.17837333679199 1838.8539018630981 134.16266489028931 1788.3199234008789 614.93320631980896 309.69094061851501 627.52538061141968
leaf_count=27 1485 1416 80 20 1331 400 69 155 351 760 747 4922 169 756 366 745 24 36 298 498 397 66 394 62 803 53 698 237 119 239
internal_value=2.30087e-05 -0.00154327 0.00321873 -0.000406444 0.00430227 -0.00307588 0.00148463 -0.00105546 0.00115721 0.00309292 -0.00114327 -0.00351363 0.0043577 -0.00147481 -0.00229328 -0.00059726 0.00132958 -0.000991118 0.00016694 0.00548989 0.000555942 -0.0024469 -0.00362609 0.00157135 -0.0010059 0.00199581 0.00286317 0.00593279 -1.15853e-06 0.00104846
internal_weight=42614 28598.1 14015.9 16419.8 9186.4 12178.3 4603.63 2169.35 4829.49 4552.86 11816.2 10008.9 2354.79 10112.9 5231.74 4881.13 4552.39 1015.3 844.71 1673.73 1343.8 466.365 2569.61 681.063 2662.12 3537.09 2465.71 677.389 1071.38 937.216
internal_count=17723 12987 4736 7020 2900 5967 1793 1018 1836 1569 5227 4949 809 4480 2319 2161 1773 403 334 578 618 221 1150 231 1169 1370 959 261 411 358
is_linear=0
shrinkage=0.04


Tree=41
num_leaves=31
num_cat=0
split_feature=4 4 1 6 19 4 9 4 6 9 1 10 22 1 17 1 21 9 18 4 1 21 1 9 4 18 4 6 12 17
split_gain=127.856 30.069 22.3475 13.7393 6.52757 5.67125 5.11163 4.71976 5.40198 4.71367 5.334 4.72155 4.63887 4.5191 4.59351 4.7366 4.42603 4.38037 5.42667 5.19502 4.53902 4.3144 4.71317 4.10769 4.07463 3.78504 3.61236 3.56781 4.76099 4.31211
threshold=-0.51038043205280204 -1.2024323281165128 0.2609481419748883 0.50386600506167689 4.916666666666667 -1.1954887555396077 1663.2475352810434 -1.8265615987810795 0.57088653027739333 1519.6923322261489 0.26368302502915042 303.73868653589028 12.500000000000002 0.28708283627623377 1.9166666666666667 0.30232425782023914 -0.16666666666666655 1489.7146413619037 12.083333333333334 -0.83093489205270432 0.3474596817265288 -0.49999999999999989 0.29222534517817517 1576.611278009226 -1.0996108003935456 15.183333333333335 -0.53741909745270189 0.5566861408633561 0.91666666666666685 1.0833333333333337
decision_type=2 2 2 2 2 2 2 2 2 2 2 2 2 2 2 2 2 2 2 2 2 2 2 2 2 2 2 2 2 2
left_child=1 4 -2 12 7 -5 9 -1 16 11 -11 -6 17 25 -15 -16 -9 19 20 -3 -19 -7 23 27 -25 -4 -14 29 -29 -23
right_child=2 3 13 5 6 21 -8 8 -10 10 -12 -13 26 14 15 -17 -18 18 -20 -21 -22 22 -24 24 -26 -27 -28 28 -30 -31
leaf_value=-0.0047409267698860806 0.0048470920613284578 -0.0015790063105141482 0.00189906990997193 0.014460838446450564 -0.00053728947451593483 -0.00053048622849818233 -0.008117937468996448 -0.0025398631405081306 -0.00031818501476648964 0.0039427272008917416 -0.006384769820326497 -0.0073492483121838752 0.0011344915509943405 0.00030999292069655316 0.0020248106653248501 0.016793499802809336 -0.0047881733028892507 -0.003124734222269927 -0.00098697055102406578 0.0011290198334470386 -0.010003462262636051 0.0054568351257654902 0.011592863381443375 -0.0076879610443180762 0.00066998859287625888 0.0048326680377105127 -0.009542619303031203 -0.0036996372671616144 0.0056253828977663933 -0.00028329387640999444
leaf_weight=3028.9161969423294 6570.288952589035 3089.0573885440826 3032.6550426483154 52.019756317138672 823.78331172466278 1417.2986867427826 140.31939721107483 4008.5631306171417 1129.7038407325745 557.67367744445801 92.471092700958252 201.95909833908081 1653.4443607330322 3392.5700602531433 94.935766220092773 54.101843118667603 2157.4973659515381 2397.0306897163391 2659.4518120288849 1789.1624500751495 163.28718268871307 288.88118886947632 81.014267921447754 102.47570776939392 950.61359786987305 916.54899048805237 51.308326721191406 96.74099326133728 867.6116156578064 753.84035587310791
leaf_count=1604 1952 1416 1074 20 386 559 64 1954 511 252 44 103 726 1335 36 21 1049 1071 1169 745 79 116 32 41 363 318 21 37 323 302
internal_value=2.24374e-05 -0.00151505 0.00314452 -0.000398612 -0.0030242 0.00145285 -0.000812269 -0.00341318 -0.00286137 -0.0001961 0.00246628 -0.00188435 -0.00112191 0.00165072 0.000612991 0.00746216 -0.00332719 -0.00144772 -0.00225301 -0.000585768 -0.00356717 0.00130127 0.00212766 0.00187338 -0.000149842 0.00258096 0.000807734 0.00293448 0.00468706 0.00131069
internal_weight=42615.2 28554.1 14061.1 16413.2 12140.9 4610.5 1816.21 10324.7 7295.76 1675.89 650.145 1025.74 11802.7 7490.81 3541.61 149.038 6166.06 10098 5219.77 4878.22 2560.32 4558.48 3141.18 3060.16 1053.09 3949.2 1704.75 2007.07 964.353 1042.72
internal_count=17723 12987 4736 7020 5967 1793 849 5118 3514 785 296 489 5227 2784 1392 57 3003 4480 2319 2161 1150 1773 1214 1182 404 1392 747 778 360 418
is_linear=0
shrinkage=0.04


Tree=42
num_leaves=31
num_cat=0
split_feature=2 1 2 6 1 1 6 0 2 23 1 1 1 20 19 23 10 2 19 6 2 2 5 16 14 21 8 16 14 22
split_gain=117.644 31.4872 20.2038 11.9089 6.84169 5.41512 5.54961 5.59255 4.90538 4.86811 4.65014 4.43516 4.29031 4.26245 4.95763 4.2315 4.0761 4.0225 4.13565 4.02187 7.87668 4.92917 3.8719 3.95998 3.95992 3.85357 3.81953 3.53441 5.20633 3.51526
threshold=0.32129206026687879 0.26235897776581019 0.17633327861573364 0.53855745252253995 0.28708283627623377 0.28545616010957381 0.4807691043333619 0.26663068244629012 0.30226508782628025 6.5000000000000009 0.3474596817265288 0.22021303477808118 0.21154669227018899 2.0833333333333339 7.1833333333333345 76.500000000000014 54.046018797906193 0.24596342910051636 2.9166666666666674 0.5922699004975126 0.066776523266600454 0.16204774103608363 0.039567236670862822 3.9166666666666674 10.633333333333335 -0.54999999999999982 1394.3090410587781 2.4500000000000006 16.81666666666667 7.5000000000000009
decision_type=2 2 2 2 2 2 2 2 2 2 2 2 2 2 2 2 2 2 2 2 2 2 2 2 2 2 2 2 2 2
left_child=2 11 19 17 5 15 7 -7 13 -10 16 12 22 14 27 26 -6 -4 -19 -1 25 -22 23 -2 -24 -21 -3 28 -5 -18
right_child=1 4 3 8 10 6 -8 -9 9 -11 -12 -13 -14 -15 -16 -17 29 18 -20 20 21 -23 24 -25 -26 -27 -28 -29 -30 -31
leaf_value=-0.004782469871765031 0.0041915770306394894 -0.00096591109234372714 -0.00254054506517839 5.5933176880563508e-05 -6.0764489322420232e-05 0.0092380379242780458 0.012099313493120475 -0.0045274850201762118 -0.0024756567312527599 0.0079391808359506096 -0.0061946023445488352 0.0035684295177923404 0.0094895161098319403 0.010855861517188379 0.011609799144638127 0.010533213634183395 0.0011308450710336734 -0.0033468241448068891 -0.00074587638549246046 -0.0097426923734191071 -0.0021739541901692567 0.0046029140730297017 0.0049916632218559688 0.013323551138625234 0.016196673813711024 -0.0033127136970802339 0.0021553081130931341 0.0059342625372471305 -0.0067811096415871033 0.0056134537917311971
leaf_weight=3514.6863802671432 2209.7623100280762 747.23985075950623 5929.8810049295425 2642.6543214321136 5645.7127778530121 90.399686098098755 171.07116341590881 96.800634622573853 96.762095212936401 273.07024359703064 173.10904312133789 4293.1508779525757 392.1418125629425 59.54386043548584 58.093538761138916 86.505219459533691 1047.851747751236 1155.404904127121 6352.3221498727798 321.09798622131348 1901.8205052614212 187.82538342475891 109.23355841636658 77.942547798156738 94.947175979614258 280.55086302757263 3891.1364343166351 147.07006621360779 190.08741784095764 381.30225658416748
leaf_count=1844 599 274 2802 1077 2282 31 63 36 37 102 81 1369 110 23 22 28 425 526 2846 176 963 85 27 20 23 151 1402 57 77 154
internal_value=-8.50054e-06 0.00227883 -0.0019393 -0.00122258 0.00105267 0.0021776 0.00691262 0.0021337 0.000867276 0.00521494 0.00026355 0.00438506 0.00559904 0.000346654 0.000137166 0.00181717 0.000422422 -0.00176185 -0.00114654 -0.0038911 -0.00272567 -0.00156291 0.00498324 0.00450839 0.0102557 -0.00675484 0.00165238 -9.03211e-05 -0.000405089 0.00232991
internal_weight=42619.2 19508.3 23110.9 16904.9 12331.1 5083.15 358.271 187.2 3467.28 369.832 7247.98 7177.18 2884.03 3097.45 3037.91 4724.88 7074.87 13437.6 7507.73 6205.98 2691.29 2089.65 2491.89 2287.7 204.181 601.649 4638.38 2979.81 2832.74 1429.15
internal_count=17712 6924 10788 7569 4776 1834 130 67 1395 139 2942 2148 779 1256 1233 1704 2861 6174 3372 3219 1375 1048 669 619 50 327 1676 1211 1154 579
is_linear=0
shrinkage=0.04


Tree=43
num_leaves=31
num_cat=0
split_feature=2 4 2 12 23 7 15 5 9 5 18 14 18 2 19 9 8 14 23 13 21 2 2 5 5 9 18 8 8 2
split_gain=112.982 25.9691 19.5495 6.48417 6.54737 5.19537 5.09827 5.0634 4.16698 4.11271 4.06878 4.06477 3.86037 3.85991 3.73725 6.25246 3.63639 3.53742 3.45627 4.33256 5.55934 4.71362 4.63609 4.07564 3.73174 3.69601 3.418 3.49265 3.40109 4.18825
threshold=0.32129206026687879 -0.1564585762268256 0.17633327861573364 1.1833333333333336 14.500000000000002 2.3750000000000004 5.4500000000000011 0.02885847368609085 1484.1884324512368 0.018207122135212587 8.9166666666666696 10.29166666666667 10.91666666666667 0.060814206054760463 3.0833333333333335 1443.1176933616232 1505.2227454811962 15.708333333333334 8.5000000000000018 0.91666666666666685 -0.33333333333333331 0.27232441871543317 0.2045164642104704 0.034907013538054039 0.029655210183208828 1536.2660092780131 11.775000000000002 1482.2121182005324 1406.6596303693839 0.32733560677454004
decision_type=2 2 2 2 2 2 2 2 2 2 2 2 2 2 2 2 2 2 2 2 2 2 2 2 2 2 2 2 2 2
left_child=2 3 13 9 -5 12 7 -4 17 -2 -9 14 16 -1 15 -11 -3 -8 19 20 21 22 -12 -21 -24 -20 27 -17 -16 -30
right_child=1 5 6 4 -6 -7 8 10 -10 11 18 -13 -14 -15 28 26 -18 -19 25 23 -22 -23 24 -25 -26 -27 -28 -29 29 -31
leaf_value=-0.0071994293442999195 0.016532877787861232 -0.00023488440915533538 -0.00078745004120303738 0.0017583812080749159 0.0075370333188405957 0.015405359495457857 -0.00027323955447163526 -0.0050931192633792942 0.0016609510678856176 0.010266606996711333 0.0036476378603023931 0.0010389674861380953 0.0041077501071290204 -0.0035313362169897434 -0.003893329632957391 -0.0042266195604230275 0.0098393666425712709 -0.0065663836388440144 0.0011422263258750091 -0.0023318113019401973 -0.0062714293112222106 0.0091475948735928927 -0.014260634422326165 0.0011482587112592293 -0.0028826610314853281 -0.0046077731720069962 0.0091717619070841288 0.0063691805416086281 -0.0090278153354197976 -0.00021122928149450878
leaf_weight=499.62160229682922 23.724042177200317 552.26938152313232 7838.1780481338501 3960.7372155189514 339.86538672447205 61.941330432891846 520.6831738948822 734.25037443637848 1616.6954015493393 119.14142417907715 130.84708416461945 3957.3944454193115 7502.1765806674957 5682.2862918376923 689.03171396255493 233.05461120605469 62.962480545043945 196.02623128890991 927.31567323207855 2863.5338113307953 853.90568721294403 64.487675666809082 59.659804582595825 662.43431150913239 195.68525755405426 220.54846596717834 50.656773567199707 62.274851560592651 89.43003511428833 1848.1515007019043
leaf_count=276 9 186 3506 1497 125 14 225 346 677 47 62 1544 2291 2943 270 96 21 84 421 1302 398 29 28 302 91 98 20 26 38 740
internal_value=-8.40405e-06 0.00222844 -0.00190455 0.000992068 0.0022167 0.00394729 -0.00119979 -0.00147813 0.000535733 0.000247231 -0.00228437 0.000190084 0.00385797 -0.00382891 -0.000896462 0.00240487 0.000810403 -0.00200122 -0.00193861 -0.00240736 -0.00437621 -0.0007794 -0.00245639 -0.00167786 -0.00558631 3.43831e-05 -0.000324126 -0.00197838 -0.00148176 -0.00062261
internal_weight=42619 19552.8 23066.2 11373.5 4300.6 8179.35 16884.3 14550.8 2333.4 7072.86 6712.67 7049.14 8117.41 6181.91 3091.74 465.128 615.232 716.709 5978.42 4830.55 1304.59 450.68 386.192 3525.97 255.345 1147.86 345.986 295.329 2626.61 1937.58
internal_count=17712 6924 10788 4412 1622 2512 7569 6583 986 2790 3077 2781 2498 3219 1237 189 207 309 2731 2212 608 210 181 1604 119 519 142 122 1048 778
is_linear=0
shrinkage=0.04


Tree=44
num_leaves=31
num_cat=0
split_feature=4 1 4 6 1 1 6 0 4 15 1 1 1 20 19 6 4 4 23 11 22 5 13 18 21 4 19 21 18 5
split_gain=108.508 28.967 18.9125 11.3779 6.36845 5.15042 5.20448 5.3026 4.66528 5.73718 4.46053 4.09887 4.03682 4.01481 4.69425 3.96255 7.54866 4.74811 3.94987 3.86443 4.307 5.13867 4.17647 3.87884 4.60983 3.84347 3.98218 3.79994 3.6466 3.61432
threshold=-0.74784034754929263 0.26235897776581019 -1.5413901524025675 0.53855745252253995 0.28708283627623377 0.28545616010957381 0.4807691043333619 0.26663068244629012 -0.83653484202772344 5.291666666666667 0.3474596817265288 0.22021303477808118 0.21154669227018899 2.0833333333333339 7.1833333333333345 0.5922699004975126 -2.6372938997176543 -1.6430701402355332 76.500000000000014 0.57268799858835107 7.5000000000000009 0.022984637201571737 0.81666666666666676 12.550000000000002 0.16666666666666663 -1.1202580066630923 2.9166666666666674 -0.54999999999999982 13.450000000000001 0.039567236670862822
decision_type=2 2 2 2 2 2 2 2 2 2 2 2 2 2 2 2 2 2 2 2 2 2 2 2 2 2 2 2 2 2
left_child=2 11 15 25 5 18 7 -7 13 -10 19 12 29 14 -5 -1 27 -18 -3 -6 21 -21 -23 -22 -25 -4 -27 -17 -11 -2
right_child=1 4 3 8 10 6 -8 -9 9 28 -12 -13 -14 -15 -16 16 17 -19 -20 20 23 22 -24 24 -26 26 -28 -29 -30 -31
leaf_value=-0.0046562283706671663 0.0042961839562289704 0.0015734725844094497 -0.0024691113578076355 -7.2064428220318247e-05 -9.0733024105267262e-05 0.0089033880891130224 0.011657822398446562 -0.0044722496918352377 0.0012452628220285761 0.0061742066526412221 -0.0061054223435925261 0.0034061506912497937 0.0090969553767164327 0.01049311669511146 0.011248950832585066 -0.0095772167064694207 -0.0020727956941872907 0.0045768492639119323 0.010091998333568766 -0.0043897765946003219 0.0024340014797692147 -0.0031226348422369325 0.0037235902423749458 0.004578263300239015 0.017950179651594091 -0.0032688801763336166 -0.00071121027215408973 -0.0031522863645852568 0.019505546754375373 0.0098088332041029788
leaf_weight=3485.5011351108551 2307.8077816963196 4655.4538023471832 5905.524470448494 2977.062136888504 5573.351500749588 91.462957143783569 173.48121786117554 96.449651002883911 233.02053451538086 84.256007432937622 171.98046088218689 4323.097710609436 397.47089028358459 60.267327785491943 58.778918504714966 315.91633677482605 1891.0009579658508 188.02675938606262 87.794090509414673 232.93748569488525 247.45318198204041 179.38967800140381 681.57352566719055 98.005627393722534 71.45710563659668 1149.9733180999756 6340.8224254846573 277.84796512126923 54.370105743408203 207.27083873748779
leaf_count=1844 619 1676 2802 1211 2251 31 63 36 88 31 81 1369 110 23 22 176 963 85 28 94 100 74 275 39 28 526 2846 151 20 50
internal_value=-8.32728e-06 0.00217926 -0.00187039 -0.00117747 0.00100249 0.00208483 0.00668192 0.00205076 0.000864446 0.00509284 0.000240884 0.00418914 0.00534977 0.000355403 0.000150761 -0.00376743 -0.00260707 -0.00146949 0.00173324 0.000395791 0.00218944 0.000868937 0.00229515 0.00564378 0.010289 -0.00170606 -0.00110424 -0.00658107 0.0115051 0.00475421
internal_weight=42618.8 19596.4 23022.4 16864.1 12360.8 5104.64 361.394 187.913 3467.76 371.647 7256.15 7235.65 2912.55 3096.11 3035.84 6158.29 2672.79 2079.03 4743.25 7084.17 1510.82 1093.9 860.963 416.916 169.463 13396.3 7490.8 593.764 138.626 2515.08
internal_count=17712 6924 10788 7569 4776 1834 130 67 1395 139 2942 2148 779 1256 1233 3219 1375 1048 1704 2861 610 443 349 167 67 6174 3372 327 51 669
is_linear=0
shrinkage=0.04


Tree=45
num_leaves=31
num_cat=0
split_feature=2 1 2 6 2 6 19 11 6 6 23 1 18 8 22 19 17 2 16 20 20 14 15 14 2 5 16 1 18 6
split_gain=103.19 27.5406 18.6734 15.2643 9.11771 6.11404 5.57253 5.77075 5.40755 4.60416 4.68389 4.27985 4.82513 4.1033 3.43994 4.08077 3.74822 3.84589 3.68073 3.53792 3.64344 3.79628 3.45797 3.3872 3.29101 8.2146 4.58984 3.25915 3.28763 3.18492
threshold=0.32872355288785388 0.26235897776581019 0.14048407340939775 0.50897441797776455 0.20882026778739479 0.45140633176347467 3.2916666666666674 0.52310423566765685 0.5922699004975126 0.34982352745313494 68.500000000000014 0.22910865974423275 11.083333333333334 1695.2341159402495 6.5000000000000009 5.5500000000000007 0.91666666666666685 0.27812975473162432 0.63333333333333341 -1.0833333333333328 1.4500000000000004 17.208333333333339 6.0833333333333348 11.29166666666667 0.31522706505655074 0.02885847368609085 1.8166666666666669 0.11137909142809364 11.633333333333335 0.64615358759467589
decision_type=2 2 2 2 2 2 2 2 2 2 2 2 2 2 2 2 2 2 2 2 2 2 2 2 2 2 2 2 2 2
left_child=2 11 8 4 13 -6 7 -5 -1 23 -11 12 -2 -4 15 19 -17 -18 -16 -8 21 -21 -22 -3 29 26 -26 -14 -29 -20
right_child=1 9 3 6 5 -7 14 -9 -10 10 -12 -13 27 -15 18 16 17 -19 24 20 22 -23 -24 -25 25 -27 -28 28 -30 -31
leaf_value=-0.0063413895089482978 -0.0028886294882796708 -0.0011841405112578479 -0.004152177954730123 0.0092489403970929945 -0.0021408996515826528 -7.1184321146686977e-05 0.0062438145864000729 -0.0034824342865613926 -0.0031614733715889243 0.0010361488286061544 0.0068236754392497949 0.0031787707392061633 0.012264929299564683 0.0036002580709623118 0.0091330457446475149 -0.0051676410643286966 0.0023777365165579506 0.012621892378436719 0.00049599692578049508 -0.001950891826930745 -0.0011946392070578001 -0.012789234943809277 0.012219122954000555 -0.0096598461280639376 0.0061006908968961092 0.019260655094251032 -0.0070023647546730078 0.013549310672605125 0.0049778659643475148 0.0044447556845222105
leaf_weight=1441.0818679332733 115.63556861877441 524.70911765098572 3205.6139885187149 60.137738466262817 7197.7458629608154 3344.7508678436279 91.689408183097839 842.65313851833344 2114.9138464927673 10673.858848571777 227.5698413848877 3772.0741012096405 106.68882751464844 112.36092758178711 97.628026247024536 65.676555752754211 201.32153844833374 82.110299825668335 2836.9931418895721 1429.2768669128418 68.627683639526367 52.697186231613159 54.47764265537262 87.191072463989258 129.17447185516357 54.716687202453613 62.747794628143311 72.620561838150024 3191.2618093490601 368.41753363609314
leaf_count=790 32 229 1603 25 3354 1487 38 387 1113 4074 78 1206 24 56 44 26 84 31 1201 618 30 23 23 38 49 20 23 20 863 150
internal_value=-3.50925e-05 0.00218466 -0.00177748 -0.00131021 -0.00206012 -0.00148432 0.000289365 -0.00262506 -0.00445157 0.000968012 0.00115758 0.00411415 0.00512503 -0.00388864 0.000759965 -0.000546248 0.00338614 0.00537941 0.00151275 -0.00135685 -0.00179465 -0.00234465 0.00479196 -0.00240565 0.00129466 0.00573782 0.00180264 0.00540073 0.00517267 0.000951097
internal_weight=42686.4 18771.6 23914.8 20358.8 13860.5 10542.5 6498.35 902.791 3556 11513.3 10901.4 7258.28 3486.21 3317.97 5595.55 2045.88 349.108 283.432 3549.68 1696.77 1605.08 1481.97 123.105 611.9 3452.05 246.639 191.922 3370.57 3263.88 3205.41
internal_count=17739 6564 11175 9272 6500 4841 2772 412 1903 4419 4152 2145 939 1659 2360 873 141 115 1487 732 694 641 53 267 1443 92 72 907 883 1351
is_linear=0
shrinkage=0.04


Tree=46
num_leaves=31
num_cat=0
split_feature=2 1 2 6 2 6 19 10 6 6 23 13 1 18 8 22 19 17 2 16 20 6 19 9 10 2 5 16 1 8
split_gain=99.0955 26.2644 18.0771 14.71 8.8254 5.8956 5.36196 5.529 5.26895 4.42552 4.45963 4.35313 4.06046 4.60077 3.96019 3.29942 3.91486 3.5897 3.62169 3.49527 3.3894 3.51801 4.53569 4.34525 9.12953 3.137 7.68945 4.40764 3.06156 3.18609
threshold=0.32872355288785388 0.26235897776581019 0.14048407340939775 0.50897441797776455 0.20882026778739479 0.45140633176347467 3.2916666666666674 16.61800403289465 0.5922699004975126 0.34982352745313494 68.500000000000014 1.7083333333333337 0.22910865974423275 11.083333333333334 1695.2341159402495 6.5000000000000009 5.5500000000000007 0.91666666666666685 0.27812975473162432 0.63333333333333341 -1.0833333333333328 0.59577173691082475 5.291666666666667 1440.1653966954282 160.99248299877141 0.31522706505655074 0.02885847368609085 1.8166666666666669 0.11137909142809364 1364.4822006494289
decision_type=2 2 2 2 2 2 2 2 2 2 2 2 2 2 2 2 2 2 2 2 2 2 2 2 2 2 2 2 2 2
left_child=2 12 8 4 14 -6 7 -5 -1 11 -11 -3 13 -2 -4 16 20 -18 -19 -17 -8 -22 23 -23 -25 -21 27 -27 -15 -30
right_child=1 9 3 6 5 -7 15 -9 -10 10 -12 -13 -14 28 -16 19 17 18 -20 25 21 22 -24 24 -26 26 -28 -29 29 -31
leaf_value=-0.0062554287562034041 -0.002839947075480524 -0.003525262776395954 -0.0040868269398834948 0.0089852676427510797 -0.0021029221957124819 -6.9775791992693801e-05 0.0060830561844106524 -0.0034253570898878879 -0.0031086121416951454 0.0010145070085701886 0.0066429800165620544 0.0074084223273490658 0.003105660525415643 0.011876877056591626 0.0035166759359792389 0.0088720745070952328 -0.0050926496778786745 0.0023251762937381969 0.012219285003855787 0.00093132502804542871 -0.0028823197543078965 -0.003835288092897932 -0.0090804619424190401 0.00044076583534955377 0.016261601610627542 0.0059439799199408339 0.018527454829486267 -0.0069134184103878463 0.0082851410841242312 0.0045608695342886727
leaf_weight=1431.9723063707352 115.30202174186707 546.17723631858826 3192.3313044309616 60.696529150009155 7182.3526877164841 3344.5127782821655 92.263691782951355 839.72375738620758 2108.2381602525711 10684.924292087555 229.12801575660706 64.263794898986816 3784.0837366580963 108.00541591644287 112.76618361473083 98.523751020431519 65.338038682937622 201.8007972240448 83.153255701065063 3208.4593390226364 1180.3058273792267 105.05504548549652 56.485511779785156 173.34162700176239 87.02386736869812 129.96493434906006 55.780781507492065 62.309946775436401 423.1732542514801 2857.6250472068787
leaf_count=790 32 240 1603 25 3354 1487 38 387 1113 4074 78 27 1206 24 56 44 26 84 31 1351 518 46 23 70 37 49 20 23 108 775
internal_value=-3.44701e-05 0.00213653 -0.00174535 -0.00128591 -0.00202343 -0.00145703 0.000283534 -0.00257973 -0.00438287 0.000947833 0.00113327 -0.00236399 0.00401577 0.00499743 -0.00382642 0.00074431 -0.000535771 0.0033078 0.00524504 0.00148052 -0.00133182 -0.00176233 0.0013703 0.00300611 0.00577067 0.00126733 0.0055922 0.00176311 0.00526485 0.00504362
internal_weight=42685.1 18812.7 23872.4 20332.2 13832 10526.9 6500.23 900.42 3540.21 11524.5 10914.1 610.441 7288.19 3504.11 3305.1 5599.81 2044.77 350.292 284.954 3555.04 1694.48 1602.21 421.906 365.421 260.365 3456.52 248.056 192.275 3388.8 3280.8
internal_count=17739 6564 11175 9272 6500 4841 2772 412 1903 4419 4152 267 2145 939 1659 2360 873 141 115 1487 732 694 176 153 107 1443 92 72 907 883
is_linear=0
shrinkage=0.04


Tree=47
num_leaves=31
num_cat=0
split_feature=2 6 2 6 2 6 6 14 22 8 2 8 17 6 15 15 17 18 8 22 18 14 10 17 9 14 14 18 9 12
split_gain=95.1654 23.7568 17.4976 14.1749 8.54137 5.68458 5.13282 5.11803 5.47051 4.95627 4.7386 4.98284 4.36785 4.41398 4.08338 4.03342 4.07728 3.84579 3.82189 3.81874 4.4192 3.79759 4.01161 3.60116 3.46552 4.95793 4.93876 3.60374 3.26852 5.51686
threshold=0.32872355288785388 0.52963937213952172 0.14048407340939775 0.50897441797776455 0.20882026778739479 0.45140633176347467 0.5922699004975126 13.450000000000001 7.5000000000000009 1495.75162115427 0.46531765613834081 1401.4667986229504 1.3666666666666669 0.60594818372787251 5.2250000000000005 4.4500000000000011 0.81666666666666676 16.225000000000005 1695.2341159402495 6.5000000000000009 14.083333333333334 7.4500000000000011 -77.055266334667962 0.18333333333333338 1631.5273595722524 14.91666666666667 15.29166666666667 11.633333333333335 1551.0882824777511 0.63333333333333341
decision_type=2 2 2 2 2 2 2 2 2 2 2 2 2 2 2 2 2 2 2 2 2 2 2 2 2 2 2 2 2 2
left_child=2 10 6 4 18 -6 -1 12 -9 -10 23 -12 15 17 -11 -3 -17 -14 -4 20 -5 22 -13 -2 26 27 28 -26 -25 -30
right_child=1 7 3 19 5 -7 -8 8 9 14 11 21 13 -15 -16 16 -18 -19 -20 -21 -22 -23 -24 24 25 -27 -28 -29 29 -31
leaf_value=-0.0061700981403590895 -0.0054879838456268265 0.0043561029691966246 -0.0040222391634354062 -0.0019423868885512178 -0.0020655391775057778 -6.8395060238125155e-05 -0.0030564717556646236 0.00046981639625103997 0.00060456998424711838 0.01204316759958008 -0.00055142321970600653 -0.0112392019830073 0.0023075435825782994 0.0055955906384174596 0.0040962431211026603 0.0033688343678723327 0.0088610083079298414 -0.0040410773616064875 0.0034353190307090248 0.0010121059932506082 0.0021648585838302901 0.0036626857514171348 0.0033661887253693631 0.00039498149355118221 -0.0082005148774282142 0.0065868978222986497 -0.0073271618724249843 -0.0014688800801482779 0.0074155075475300916 0.0014730309759120087
leaf_weight=1423.0426645278931 161.7682569026947 2952.8107192516327 3179.3114202022552 1828.1287971735001 7167.264630317688 3344.2794263362885 2101.694638133049 1282.6064534187317 265.75142526626587 183.91055583953857 737.39434576034546 56.960485458374023 1066.1557724475861 592.105060338974 238.56368851661682 308.04731512069702 739.1320219039917 177.22043704986572 113.16344463825226 4131.1064586639404 542.84039306640625 2036.7311866283417 61.84496283531189 4728.8845684528351 151.60902738571167 104.09757494926453 115.45136022567749 769.87383222579956 288.59590339660645 1833.4136910438538
leaf_count=790 68 850 1603 802 3354 1487 1113 407 83 58 256 20 358 168 77 90 222 57 56 1745 225 676 22 1878 60 39 45 296 115 719
internal_value=-3.38558e-05 0.00208956 -0.00171374 -0.00126204 -0.00198731 -0.00143021 -0.00431493 0.00377854 0.00201465 0.0048888 0.000895788 0.00228634 0.00437381 0.00275586 0.00757595 0.00511537 0.00725014 0.00140014 -0.00376496 0.000277806 -0.0010015 0.00325693 -0.00367163 0.000402199 0.000522097 -0.00164773 0.000841728 -0.00258411 0.000980439 0.00228433
internal_weight=42683.8 18852.9 23830.8 20306.1 13804 10511.5 3524.74 7806.3 1970.83 688.226 11046.6 2892.93 5835.47 1835.48 422.474 3999.99 1047.18 1243.38 3292.47 6502.08 2370.97 2155.54 118.805 8153.69 7991.93 1025.58 6966.35 921.483 6850.89 2122.01
internal_count=17739 6564 11175 9272 6500 4841 1903 2370 625 218 4194 974 1745 583 135 1162 312 415 1659 2772 1027 718 42 3220 3152 395 2757 356 2712 834
is_linear=0
shrinkage=0.04


Tree=48
num_leaves=31
num_cat=0
split_feature=2 1 2 6 6 19 8 12 18 14 6 9 20 9 8 11 6 13 2 2 6 17 2 14 19 2 18 8 1 1
split_gain=98.1474 23.3803 15.0485 11.6769 10.8013 6.23999 5.49787 5.03748 4.2348 5.09811 5.36173 4.82124 4.62129 4.8201 4.51038 4.29448 4.05024 5.92121 5.79635 3.92663 5.1744 4.33023 3.85352 3.84925 3.87393 3.83416 3.82689 3.73412 4.10965 3.66604
threshold=0.32129206026687879 0.22599068780567097 0.17471120520980019 0.45140633176347467 0.42550457545515424 3.3666666666666671 1364.4822006494289 2.9166666666666674 15.183333333333335 12.91666666666667 0.57088653027739333 1517.7640339495019 -1.8166666666666662 1649.6515679366892 1399.9199016344576 0.64325470036816335 0.62726124511082137 1.9166666666666667 0.09253010635754487 0.23104280321486234 0.58668396431885772 2.0833333333333335 0.31207578704830136 10.366666666666669 4.8166666666666673 0.36091668353560352 5.916666666666667 1441.1550889339389 0.3474596817265288 0.29486535703256472
decision_type=2 2 2 2 2 2 2 2 2 2 2 2 2 2 2 2 2 2 2 2 2 2 2 2 2 2 2 2 2 2
left_child=2 6 5 26 23 -1 -2 19 9 10 12 25 -6 -14 -13 -11 17 -7 -18 -5 -21 22 -22 24 27 -12 -4 -3 -29 -25
right_child=1 4 3 7 8 16 -8 -9 -10 15 11 14 13 -15 -16 -17 18 -19 -20 20 21 -23 -24 29 -26 -27 -28 28 -30 -31
leaf_value=-0.0052068726313504975 0.0090304010693748188 -0.0026934557847749542 0.010070956728304525 -0.0014394437182749784 -0.0023780519581145711 -0.0039532204995191859 0.004395939990950855 0.0073719847218118584 0.0032773489365601487 -0.00057757216240761204 0.0088052233541640844 0.014628101287209858 0.0024313786351743104 -0.00093549703730361384 0.0053945367505164521 0.0068975163568218882 -0.0034916757855623782 0.0073196692905511916 0.0017139476656643446 -0.00022840049513107662 0.00085093124375606359 0.0095862788019745668 0.010989587182469366 0.0063848240867092499 -0.0049094715985754604 -0.0018952682978638053 -0.0024296438037330805 0.0016990874998123835 -0.0069278855179447608 0.00039375323402533318
leaf_weight=2306.4930595159531 480.06711673736572 827.1828510761261 38.415008544921875 3491.1826773881912 423.34718704223633 2220.2091591358185 2809.4568917751312 134.84760427474976 3036.9235641956329 2057.4980170726776 69.455513000488281 100.4702775478363 4784.8652007579803 792.52973318099976 530.31247925758362 129.78258538246155 667.21644341945648 76.248910427093506 700.65504693984985 4758.8577980995178 592.78485727310181 140.9323353767395 65.763798475265503 179.57835865020752 425.63426470756531 222.72168612480164 7904.3398274183273 951.57339096069336 96.395601868629456 1721.8404231071472
leaf_count=1255 119 338 17 1592 156 1178 750 52 1029 731 25 30 1763 270 169 48 357 39 341 2014 220 52 23 64 172 72 3756 389 46 715
internal_value=-8.03536e-05 0.0019984 -0.00184788 -0.00124492 0.00137917 -0.00357695 0.00507482 -0.000273577 0.00198381 0.00155233 0.00208408 0.00492106 0.00164699 0.00195287 0.00688607 -0.000131087 -0.00254986 -0.00357591 -0.000825932 -0.000388306 0.000272051 0.00324752 0.00187852 -0.000368797 -0.00146906 0.000669779 -0.00236792 -0.000685933 0.000899702 0.000962635
internal_weight=42737.6 19639.6 23097.9 17127.1 16350.1 5970.82 3289.52 9184.37 12147.9 9110.98 6923.7 922.96 6000.74 5577.39 630.783 2187.28 3664.33 2296.46 1367.87 9049.52 5558.34 799.481 658.549 4202.2 2300.79 292.177 7942.75 1875.15 1047.97 1901.42
internal_count=17782 6886 10896 7726 6017 3170 869 3953 4293 3264 2485 296 2189 2033 199 779 1915 1217 698 3901 2309 295 243 1724 945 97 3773 773 435 779
is_linear=0
shrinkage=0.04


Tree=49
num_leaves=31
num_cat=0
split_feature=2 1 2 6 6 6 2 20 15 22 18 14 6 9 20 9 10 21 14 20 18 2 1 11 9 20 9 4 14 18
split_gain=94.2795 22.2698 14.5555 11.262 10.346 5.23702 7.76183 4.07311 6.10215 6.92465 4.04027 4.88019 5.10715 4.57397 4.43437 4.61454 4.10098 3.90214 3.70182 3.73391 3.66013 3.65731 3.49517 3.67133 3.48673 4.19671 3.95778 3.47086 3.44288 3.43484
threshold=0.32129206026687879 0.22599068780567097 0.17471120520980019 0.45140633176347467 0.42550457545515424 0.62726124511082137 0.066776523266600454 1.5500000000000005 6.0833333333333348 6.5000000000000009 15.183333333333335 12.91666666666667 0.57088653027739333 1517.7640339495019 -1.8166666666666662 1649.6515679366892 102.79330469478636 -0.54999999999999982 10.366666666666669 -0.7749999999999998 5.916666666666667 0.36091668353560352 0.29486535703256472 0.30134422139597733 1530.8797765782044 1.0000000180025095e-35 1624.4186094529907 -0.38585896100970013 10.91666666666667 8.6333333333333346
decision_type=2 2 2 2 2 2 2 2 2 2 2 2 2 2 2 2 2 2 2 2 2 2 2 2 2 2 2 2 2 2
left_child=2 -2 5 20 18 -1 17 29 -9 -10 11 12 14 21 -6 27 -13 -7 19 -3 -4 -14 23 -20 -15 -26 -27 -16 -8 -5
right_child=1 4 3 7 10 6 28 8 9 -11 -12 16 13 24 15 -17 -18 -19 22 -21 -22 -23 -24 -25 25 26 -28 -29 -30 -31
leaf_value=-0.0042968417835746765 0.0049486549171499456 -0.0037356424183577698 0.0097785376389069069 -0.003587699867363917 -0.0023365196828210788 -0.0090719524666317986 0.010306490718146353 -0.0019559908827398637 0.019678387406705973 0.0036451029213000843 0.0032016575781355036 -0.00056643540749324369 0.0085574338727027396 0.015605427903115286 0.0012626628126236211 -0.00091780415188341213 0.0067149643740814623 -0.0021520512249994742 0.013369232232127619 -0.00030862753047314811 -0.0023872398159590818 -0.0018613343025848973 0.00038578309764325655 0.0016809519195036698 0.0077962486581784176 -0.0062970018432680335 0.0063571888297629265 0.0034166043988953878 -0.00043269774292298448 -0.00024305222415911041
leaf_weight=4160.4730787277222 3306.2562279701233 759.17103385925293 38.803839206695557 521.24217689037323 422.34164214134216 275.13163805007935 48.713895916938782 163.17011523246765 60.197604417800903 147.87641429901123 3046.8929476737976 2056.3100109100342 70.069784879684448 62.714048624038696 2315.5620431900024 791.78867125511169 130.68085789680481 248.54962253570557 69.408582925796509 1538.2582454681396 7885.1584099531174 222.29996776580811 1722.5185358524323 111.32001996040344 416.20914483070374 77.124085664749146 79.084488391876221 2480.9511325359344 1216.6527833938599 8289.3608214855194
leaf_count=2243 869 311 17 237 156 157 23 69 24 58 1029 731 25 21 904 270 48 137 24 634 3756 72 715 40 128 25 25 859 610 3565
internal_value=-7.88307e-05 0.00195471 -0.00181458 -0.00122172 0.00134986 -0.00351865 -0.00170755 -0.000268197 0.00383035 0.00835561 0.00194052 0.00151912 0.0020384 0.00479984 0.00161156 0.0019103 -0.000128474 -0.00579799 -0.000361705 -0.0014422 -0.00232644 0.000656302 0.000942639 0.00621869 0.0067032 0.00570235 0.000109184 0.00237725 -1.14499e-05 -0.000441309
internal_weight=42734.3 19679 23055.3 17105.8 16372.7 5949.52 1789.05 9181.85 371.244 208.074 12172 9125.14 6938.15 927.502 6010.64 5588.3 2186.99 523.681 4200.68 2297.43 7923.96 292.37 1903.25 180.729 635.132 572.418 156.209 4796.51 1265.37 8810.6
internal_count=17782 6886 10896 7726 6017 3170 927 3953 151 82 4293 3264 2485 296 2189 2033 779 294 1724 945 3773 97 779 64 199 178 50 1763 633 3802
is_linear=0
shrinkage=0.04


Tree=50
num_leaves=31
num_cat=0
split_feature=2 1 2 6 6 2 6 2 8 14 14 6 12 1 6 2 20 18 14 6 9 20 18 8 6 21 21 9 12 2
split_gain=90.566 21.2157 14.1067 9.90975 9.83858 5.57681 7.8309 5.26333 5.15974 4.19581 4.23656 4.22676 4.16727 4.16751 4.15494 5.05812 4.51385 3.8553 4.67192 4.86553 4.34067 4.25517 4.52627 4.13556 3.83192 3.81416 3.80159 3.66752 4.27197 3.78048
threshold=0.32129206026687879 0.22599068780567097 0.23104280321486234 0.42550457545515424 0.50386600506167689 0.13864839685674724 0.55368860142482201 0.23227871400882374 1364.4822006494289 13.183333333333335 11.816666666666668 0.34382199521843088 1.4500000000000002 0.24832203854556698 0.62726124511082137 0.066776523266600454 -0.54999999999999982 15.183333333333335 12.91666666666667 0.57088653027739333 1517.7640339495019 -1.8166666666666662 14.366666666666669 1399.9199016344576 0.58668396431885772 -0.54999999999999982 -0.54999999999999982 1567.3982082842419 1.4500000000000002 0.2534765453026831
decision_type=2 2 2 2 2 2 2 2 2 2 2 2 2 2 2 2 2 2 2 2 2 2 2 2 2 2 2 2 2 2
left_child=2 8 5 -3 9 14 26 -6 -2 10 11 -4 -8 -14 16 25 -1 18 19 21 -21 -5 -23 -22 -9 -16 -7 -11 -29 -30
right_child=1 3 4 17 7 6 12 24 -10 27 -12 -13 13 -15 15 -17 -18 -19 -20 20 23 22 -24 -25 -26 -27 -28 28 29 -31
leaf_value=0.0043496394113643633 0.0086301252068999093 -0.00035465078042759291 -0.0046036926363220579 -0.0022956169635240382 0.013283823213759285 -0.0015576609953125483 -0.0027973692699291086 7.292803603770482e-05 0.0041703815955954158 0.001476379633736327 -0.0036590726185401355 -0.00088582413142130408 0.00054540224436154365 0.010023580460582075 -0.00897396671167708 -0.00082429431264057222 -0.0057847003606704755 0.0031279533314744119 -0.00012591282254522868 0.00064310464315980073 0.013848460478696572 0.0023258040235890434 -0.00095978448231028859 0.0051001080816413056 0.003271767743112395 -0.0021140476897096605 -0.0036108571306414888 -0.0062062160156646272 0.010120764552772268 -0.0016149626964359087
leaf_weight=72.50843071937561 486.82512331008911 4199.1571360826492 556.01308178901672 421.35598254203796 55.109156131744385 2207.0417807102203 647.06255602836609 2261.1937081813812 2835.8331739902496 1188.3210401535034 1733.0949578285217 4030.0635544061661 1432.6875690221786 77.290359735488892 272.64694654941559 962.2727484703064 1784.6650515794754 3056.6636915206909 2186.7068963050842 292.55855441093445 102.81693863868713 4820.2547242641449 778.73729395866394 536.57896614074707 814.20279908180237 248.01530504226685 4179.2574067115784 255.26514983177185 57.026052236557007 179.82979726791382
leaf_count=40 119 1724 270 156 21 1098 298 910 750 539 799 1855 643 33 157 493 997 1029 779 97 30 1760 273 169 299 137 2083 117 26 81
internal_value=-7.73325e-05 0.00191208 -0.00178183 0.00132123 -0.000758427 -0.00274021 -0.00219793 0.00114241 0.00482621 -0.00150234 -0.00197468 -0.00133748 -0.000114078 0.00103687 -0.00412616 -0.00254469 -0.0053869 0.00189825 0.00148666 0.00199381 0.00468212 0.00157695 0.00186874 0.0065263 0.0009206 -0.00571659 -0.00290165 0.000273983 -0.00262654 0.00124123
internal_weight=42731.1 19717.5 23013.6 16394.8 11130.1 11883.4 8543.34 3130.51 3322.66 7999.61 6319.17 4586.08 2157.04 1509.98 3340.11 1482.94 1857.17 12195.7 9139.01 6952.3 931.954 6020.35 5598.99 639.396 3075.4 520.662 6386.3 1680.44 492.121 236.856
internal_count=17782 6886 10896 6017 4917 5979 4155 1230 869 3687 2924 2125 974 676 1824 787 1037 4293 3264 2485 296 2189 2033 199 1209 294 3181 763 224 107
is_linear=0
shrinkage=0.04


Tree=51
num_leaves=31
num_cat=0
split_feature=2 6 2 6 6 2 18 22 6 16 20 12 20 15 15 21 13 19 5 1 6 22 18 8 7 0 4 1 8 13
split_gain=79.1748 23.8491 11.2988 11.009 10.6829 6.01251 4.80799 4.28207 4.1992 4.17004 4.70943 5.7587 4.2504 5.88822 4.01223 3.53015 3.52517 3.43842 3.42064 3.3716 4.43336 3.22145 3.18179 3.16084 3.84393 3.1369 5.14762 5.22977 4.3216 3.17439
threshold=0.30226508782628025 0.54897037332270504 0.13864839685674724 0.55368860142482201 0.4271242963991056 0.24120446385935204 5.916666666666667 13.500000000000002 0.69103016924208982 1.9166666666666667 0.50000000000000011 1.4500000000000002 1.4500000000000004 6.0833333333333348 6.0833333333333348 -0.36666666666666664 1.1833333333333336 4.916666666666667 0.029922979606676895 0.203075891599973 0.59725746268656732 17.500000000000004 9.2666666666666675 1392.2691382532116 1.0000000180025095e-35 0.29516110568426757 -0.34529644320550196 0.30571705643008479 1654.5174939946103 2.7750000000000004
decision_type=2 2 2 2 2 2 2 2 2 2 2 2 2 2 2 2 2 2 2 2 2 2 2 2 2 2 2 2 2 2
left_child=2 4 16 5 -2 6 -4 -7 23 12 11 -11 13 21 -8 22 -1 -13 -16 -14 -21 -5 -9 24 -3 26 27 -6 -27 -28
right_child=1 8 3 9 25 7 14 15 -10 10 -12 17 19 -15 18 -17 -18 -19 -20 20 -22 -23 -24 -25 -26 28 29 -29 -30 -31
leaf_value=-0.0047532145234572103 -0.00074393547738853759 -0.0023951618384545838 0.011020357334653612 -2.0053515457373605e-05 0.015096755596845224 -0.0013963748529769227 -0.0029755361653537723 0.0076313586655208281 0.0065862685378596563 0.00032268630505710141 0.00038377622757792803 0.001999769642795887 -0.0040492414892898737 -0.0051835839587652177 0.0052001337001862363 0.0035997473698749132 -0.0018916378565374959 0.014237205498341341 -0.0025112214315955203 0.0017968647776394331 0.014610296577474492 0.0085618465693741794 -0.0037107019725447698 0.0028803284229137471 0.0061919776103355308 0.0010205986447656885 0.0022164591545521723 -0.00062233033367350098 -0.0063283367841940764 -0.0039207200186585408
leaf_weight=2374.8698803186417 5060.8468873500824 91.731864929199219 39.793706297874451 2044.0098251104355 95.677552223205566 5724.8704640865326 6842.9550106525421 46.276749849319458 668.19005918502808 128.7855269908905 387.19530189037323 49.306648731231689 48.31421434879303 370.929652094841 181.7300660610199 536.8586540222168 972.74155223369598 147.38040399551392 184.55947589874268 92.251966118812561 80.797506332397461 71.465951561927795 242.91345930099487 5460.7165112495422 868.68046069145203 4870.6630368232727 4385.7947475910187 52.004473447799683 130.50007295608521 138.2401864528656
leaf_count=1314 2114 34 19 880 36 2617 3386 21 161 51 156 20 23 160 85 242 521 58 92 41 32 30 109 1683 238 1909 1471 20 51 49
internal_value=-1.58269e-05 0.00166238 -0.00179643 -0.00138292 0.000745036 -0.00188641 -0.00268007 -0.00100789 0.00356852 0.000648397 0.00336849 0.00690718 -6.84938e-05 -0.000542129 -0.00275722 0.00168291 -0.00392252 0.0111951 0.00131841 0.00523 0.00782908 0.000273772 -0.00187568 0.00325351 0.00537016 0.00152406 0.00226929 0.00959451 0.000827609 0.0020281
internal_weight=42391.1 21823 20568 17220.4 14733.7 13800 7249.04 6550.92 7089.32 3420.44 712.668 325.473 2707.77 2486.41 7209.24 826.049 3347.61 196.687 366.29 221.364 173.049 2115.48 289.19 6421.13 960.412 9672.88 4671.72 147.682 5001.16 4524.03
internal_count=17623 7766 9857 8022 5650 6571 3582 2989 2116 1451 285 129 1166 1070 3563 372 1835 78 177 96 73 910 130 1955 272 3536 1576 56 1960 1520
is_linear=0
shrinkage=0.04


Tree=52
num_leaves=31
num_cat=0
split_feature=2 6 2 6 6 2 14 1 18 18 18 14 22 21 15 6 9 13 1 23 18 23 8 6 8 15 9 12 12 19
split_gain=76.0724 22.8324 10.9331 10.6041 10.1875 5.80866 4.72918 4.67625 5.25051 5.19104 4.5969 4.53285 4.00739 4.35613 3.87162 3.43077 3.85436 3.63521 3.55477 3.27442 3.20263 3.30927 3.22939 3.1984 3.63493 3.32808 3.58401 3.17376 4.23705 5.9882
threshold=0.30226508782628025 0.4271242963991056 0.13864839685674724 0.55368860142482201 0.54897037332270504 0.24120446385935204 13.450000000000001 0.27423876981177259 13.816666666666668 15.083333333333334 5.916666666666667 12.91666666666667 13.500000000000002 -0.36666666666666664 6.0833333333333348 0.55953958155702777 1540.8064345572564 1.0833333333333337 0.19539587829668123 5.5000000000000009 14.29166666666667 6.5000000000000009 1523.9443729902198 0.65053304785163879 1394.3090410587781 4.291666666666667 1471.7485640516481 1.4500000000000002 1.8166666666666669 4.2250000000000005
decision_type=2 2 2 2 2 2 2 2 2 2 2 2 2 2 2 2 2 2 2 2 2 2 2 2 2 2 2 2 2 2
left_child=2 -2 15 5 -3 10 23 9 -9 20 -4 12 -7 -14 -12 18 17 -17 -1 -16 21 -8 -23 24 25 26 -6 -5 29 -29
right_child=1 4 3 27 6 11 7 8 -10 -11 14 -13 13 -15 19 16 -18 -19 -20 -21 -22 22 -24 -25 -26 -27 -28 28 -30 -31
leaf_value=-0.010833317323759263 -0.00072970934030332202 0.0014914709597709911 0.010690084346439421 -0.0011703327625512897 -0.0034190357751745439 -0.0020910084281580859 -0.0034067160514019566 0.01605415724869259 0.0014912183294456397 0.0032642392467862481 -0.002925218223799961 0.00067806804414603686 -0.0030319408491303167 0.0041625812865664549 0.0080941225604727503 -0.0050456343719593837 0.0020437481957737416 -0.0017614762627639943 -0.0046700264795311785 -0.00080069797335767631 -0.0050950749080665922 0.00013079699294072443 0.0078386881978899509 0.00606626906367608 0.0030192764160370551 0.012003566363859986 0.0059179767698518716 -0.00029492666451786146 0.00031773863383718941 0.0070496879814832348
leaf_weight=187.24424481391907 5057.083335518837 9687.644150018692 40.23467218875885 1069.9772877693176 73.181191444396973 4105.3586328029633 226.25481390953064 74.168321847915649 84.221020460128784 938.9944269657135 6822.6238088607788 1865.4605965614319 214.065181016922 359.43726682662964 85.554964423179626 1190.8024144172668 215.36137914657593 987.8369677066803 753.26660072803497 281.21917271614075 227.85876393318176 266.07049822807312 128.22714757919312 1070.3538365364075 3298.4314999580383 125.14510631561279 601.7550904750824 304.58641862869263 1623.2811814546585 424.80985927581787
leaf_count=107 2114 3536 19 457 24 1898 75 27 30 279 3386 831 97 163 41 661 110 528 429 136 75 86 43 261 1013 37 166 134 685 175
internal_value=-1.55731e-05 0.00162659 -0.00176397 -0.00135736 0.00233578 -0.00185247 0.00348506 0.0018029 0.00836848 0.00121674 -0.00263396 -0.000988883 -0.0016535 0.00147656 -0.00271 -0.00385991 -0.00305345 -0.00355803 -0.00590727 0.0012905 -0.00105054 0.000440366 0.00265092 0.00411784 0.00360764 0.00602642 0.00490203 0.00063511 0.00145636 0.00398647
internal_weight=42390.5 21859.4 20531.1 17196.6 16802.3 13774 7114.66 1945.79 158.389 1787.41 7229.63 6544.32 4678.86 573.502 7189.4 3334.51 2394 2178.64 940.511 366.774 848.411 620.552 394.298 5168.87 4098.51 800.081 674.936 3422.65 2352.68 729.396
internal_count=17623 7766 9857 8022 5652 6571 2116 615 57 558 3582 2989 2158 260 3563 1835 1299 1189 536 177 279 204 129 1501 1240 227 190 1451 994 309
is_linear=0
shrinkage=0.04


Tree=53
num_leaves=31
num_cat=0
split_feature=4 6 4 6 1 4 22 21 14 12 8 5 14 6 18 18 18 8 23 19 23 17 6 20 5 4 18 19 21 5
split_gain=73.0937 21.863 10.5869 11.287 9.77048 5.24945 4.32885 4.3517 4.30931 4.15968 4.81101 5.04484 3.99208 3.96769 3.43675 3.70098 3.31977 3.3133 3.24374 4.71178 3.22113 3.41309 3.12009 4.59804 8.51136 3.90501 3.27096 3.87471 3.09478 3.10337
threshold=-0.83653484202772344 0.4271242963991056 -1.7615961690918096 0.5566861408633561 0.26235897776581019 -1.1535872461836536 13.500000000000002 -0.36666666666666664 12.91666666666667 1.4500000000000002 1556.0170122941024 0.025962628813950509 16.550000000000004 0.69103016924208982 6.366666666666668 8.8166666666666682 9.2666666666666675 1407.7870789734307 5.5000000000000009 2.8166666666666669 12.500000000000002 0.81666666666666676 0.61397127289547837 -0.54999999999999982 0.029922979606676895 -2.7371899156792625 8.3666666666666689 2.7083333333333335 -0.33333333333333331 0.028257820409357651
decision_type=2 2 2 2 2 2 2 2 2 2 2 2 2 2 2 2 2 2 2 2 2 2 2 2 2 2 2 2 2 2
left_child=2 -2 22 5 13 12 8 16 -7 10 17 -12 14 -3 -4 -16 -8 -5 -10 -20 -9 -22 23 24 -1 -24 -25 -28 29 -21
right_child=1 4 3 9 -6 6 7 20 18 -11 11 -13 -14 -15 15 -17 -18 -19 19 28 21 -23 25 26 -26 -27 27 -29 -30 -31
leaf_value=-0.0080771463159527088 -0.00071574497734600061 0.0030681907693595281 0.0060324795857945382 -0.0078836933022123322 0.0014197993910029661 -0.0020612378078600454 0.0074888518126843377 0.011665335611535287 -0.002316894881698959 0.0018877827232581549 -0.015755101736911036 -0.0027672017073332436 0.0018893884227435521 0.0062814078844797951 -0.0053476636393038702 -0.0024992958676778661 -0.0040353492482742108 0.0013950028814999644 -0.007627585894490703 0.0013036165052967104 -0.0042080243405437949 0.00421379783423968 -0.0056781538189156575 -0.0092449687545151892 0.017460542454624205 -0.0013490901416591124 0.00052469100208112898 -0.0051632388367653381 0.00077834070718383924 0.0090174738730165148
leaf_weight=41.410668134689331 5053.3944898843765 6830.6141676902771 69.27614414691925 67.437617063522339 9334.9906251430511 4195.1089669466019 46.523065328598022 70.676281213760376 503.93572592735291 2112.9005742073059 62.253108143806458 199.03634333610535 307.00003659725189 675.99312424659729 838.07925522327423 5667.003014087677 252.97065091133118 613.33852922916412 82.350596904754639 156.78612399101257 94.804935455322266 393.55831718444824 440.2935779094696 260.79575276374817 40.256705641746521 1367.6627750396729 219.71025252342224 1488.7690627574921 724.70694422721863 178.35264992713928
leaf_count=23 2114 2004 33 28 3487 1943 21 32 227 876 27 84 148 161 424 2798 114 257 38 69 43 175 255 149 22 711 125 835 321 79
internal_value=-1.53298e-05 0.00159165 -0.00173207 -0.00129408 0.00228399 -0.0017882 -0.000990987 0.00165974 -0.0013808 0.00090248 -0.00130705 -0.00590988 -0.00256413 0.00335835 -0.00277235 -0.00286703 -0.00222623 0.000465641 0.000353463 0.00153262 0.00374182 0.00257363 -0.0036195 -0.00468761 0.00457021 -0.00240591 -0.00507367 -0.00443189 0.00225089 0.00542336
internal_weight=42390 21895 20495 16636.1 16841.6 13581.1 6699.77 858.533 5841.24 3054.97 942.066 261.289 6881.36 7506.61 6574.36 6505.08 299.494 680.776 1646.13 1142.2 559.04 488.363 3858.9 2050.94 81.6674 1807.96 1969.28 1708.48 1059.85 335.139
internal_count=17623 7766 9857 7737 5652 6465 3062 385 2677 1272 396 111 3403 2165 3255 3222 135 285 734 507 250 218 2120 1154 45 966 1109 960 469 148
is_linear=0
shrinkage=0.04


Tree=54
num_leaves=31
num_cat=0
split_feature=7 0 6 0 1 6 15 8 21 9 6 12 16 6 21 18 19 20 13 6 0 23 20 6 8 8 10 1 10 5
split_gain=68.9893 13.5821 14.9961 10.1011 10.0465 6.26971 4.72731 4.2123 4.13795 4.58596 3.9345 3.93166 3.87021 3.84871 3.97262 5.77632 3.58427 3.42631 3.33256 3.39294 5.21318 3.28847 3.32783 3.64296 3.24759 4.47735 3.11502 3.06294 4.25917 4.86925
threshold=1.0000000180025095e-35 0.64141030323828985 0.52827782183452299 0.45052726794842329 0.28708283627623377 0.34982352745313494 5.6333333333333337 1590.4652115389051 -0.54999999999999982 1324.3781144241082 0.65053304785163879 2.0833333333333335 2.2916666666666674 0.35705842620736244 0.80000000000000027 10.91666666666667 2.6333333333333337 0.49999999999999989 2.2916666666666674 0.62726124511082137 0.81613792375269767 7.5000000000000009 0.36666666666666681 0.50386600506167689 1483.5038548463904 1499.9925426374289 207.79856916219049 0.28323543316580041 -71.803690238639419 0.028941662890681345
decision_type=2 2 2 2 2 2 2 2 2 2 2 2 2 2 2 2 2 2 2 2 2 2 2 2 2 2 2 2 2 2
left_child=1 2 3 5 10 7 8 -1 9 -5 27 -11 18 -6 16 -16 -15 -8 19 -3 -21 22 23 -10 -17 -26 -13 -2 -29 -30
right_child=4 12 -4 6 13 -7 17 -9 21 11 -12 26 -14 14 15 24 -18 -19 -20 20 -22 -23 -24 -25 25 -27 -28 28 29 -31
leaf_value=-0.0026892522209406634 0.0024613609813266542 -0.0050582204281710329 0.00090347371212671373 -0.0098045335687622567 -0.0034305515611693783 -0.00020925032707482986 -0.0032017801153586198 -0.015051428158607065 -0.0038559264050725501 -0.0014238211577831015 0.0049979807281722985 0.014356137514731779 0.0045258828426215248 -0.0061176648109295155 -0.01064418547095374 -0.0028580997817795467 0.0020880082750356107 0.002667120787440106 0.0075737908783662647 -0.00099320466734376372 -0.0060975476565650732 -0.0018471916515697532 -0.0059050875050308971 0.0012077815461696356 0.012982894879769419 0.00053003362980976419 -0.0010462510365065729 0.0098273525756184463 -0.00030454125649231894 0.011237841245654738
leaf_weight=1320.7451965808868 8754.2900223731995 1732.1665797233582 6296.5192415714264 100.38937473297119 367.76497483253479 9632.5760875940323 240.26468658447266 44.690801024436951 1784.4061472415924 2373.2318067550659 1291.7619733810425 45.168444871902466 93.298068761825562 87.744786739349365 96.607254505157471 364.76002097129822 2142.8185987472534 466.80355525016785 40.544446468353271 1100.1995160579681 450.83238244056702 1385.5207412242889 1149.558100938797 260.01337647438049 54.405419111251831 278.49486756324768 38.318545460700989 220.61313366889954 235.20297122001648 76.80597710609436
leaf_count=634 2706 976 2552 51 155 4183 115 22 885 1176 314 21 47 34 39 143 827 225 21 567 261 685 579 120 21 109 20 76 81 26
internal_value=1.87705e-05 -0.00110815 -0.000786443 -0.0013512 0.00232195 -0.000568964 -0.00244779 -0.00310459 -0.00275686 -0.00146706 0.00292934 -0.00112251 -0.00347395 0.000427708 0.000897782 -0.00153013 0.00176262 0.000671139 -0.0036998 -0.00384128 -0.00247984 -0.00347658 -0.00418259 -0.00321164 -0.000254651 0.00259797 0.0073581 0.00264109 0.00558505 0.00256363
internal_weight=42526.5 28555.2 25138.2 18841.7 13971.3 10998 7843.67 1365.44 7136.61 2557.11 10578.7 2456.72 3417.04 3392.6 3024.83 794.268 2230.56 707.068 3323.74 3283.2 1551.03 4579.5 3193.98 2044.42 697.66 332.9 83.487 9286.91 532.622 312.009
internal_count=17671 13140 11268 8716 4531 4839 3877 656 3537 1268 3203 1217 1872 1328 1173 312 861 340 1825 1804 828 2269 1584 1005 273 130 41 2889 183 107
is_linear=0
shrinkage=0.04


Tree=55
num_leaves=31
num_cat=0
split_feature=2 1 2 6 2 1 6 18 10 2 12 23 20 0 20 16 15 8 12 5 1 0 18 2 6 12 18 22 0 5
split_gain=68.8046 14.5854 12.5869 12.8835 6.90445 5.6048 5.1788 4.61702 4.042 3.97465 3.96342 3.85086 5.31389 4.77252 3.70066 5.57018 3.68451 4.10021 3.90847 3.94597 5.71382 4.42571 4.99752 4.20337 4.13706 3.66612 3.79708 4.02898 3.64528 3.58275
threshold=0.32553333494407599 0.28708283627623377 0.12518807825740258 0.52827782183452299 0.24263645901604083 0.22910865974423275 0.32534403669724771 5.916666666666667 89.613227254710878 0.33041825481004977 2.2916666666666674 3.5000000000000004 -0.16666666666666666 0.55194124447919368 -0.4499999999999999 1.0833333333333337 3.0833333333333335 1519.6178504606639 1.6333333333333335 0.027947423472014402 0.32760073525496952 0.3490755214474584 12.29166666666667 0.36091668353560352 0.40903423260031752 1.0833333333333337 11.450000000000001 3.5000000000000004 0.35389478683238434 0.027701882996774011
decision_type=2 2 2 2 2 2 2 2 2 2 2 2 2 2 2 2 2 2 2 2 2 2 2 2 2 2 2 2 2 2
left_child=2 5 -1 4 7 -2 -6 -4 16 -7 -9 12 -5 -14 15 -10 -3 18 19 20 21 22 24 28 -18 26 -8 -28 -21 -24
right_child=1 8 3 11 6 9 25 10 14 -11 -12 -13 13 -15 -16 -17 17 -19 -20 23 -22 -23 29 -25 -26 -27 27 -29 -30 -31
leaf_value=-0.0040426206111895497 0.0038933327772529285 -0.001390380871339837 0.010177292926558725 0.010853823271117129 -0.0054843989627234215 0.0085970731013832336 -0.0010778108609093135 -0.0029170454813433871 0.0027922640850282805 0.0019279850990771116 0.0024420322938609657 0.00018946145166090771 -0.0041025977529980488 0.0052757058830085251 0.0015922653686041674 0.01863882009691236 0.010647378999819769 -0.0020300156373394261 0.0054603873242756815 0.0045781016371264551 -0.0050117647642948194 -0.0016221586246684008 0.00028526315558194892 -0.0022938939364927713 0.0039234461170139607 -0.0015181469904868667 -0.0037445349437435272 0.0022593373364499176 -0.0037002691048080311 0.0092150479846106938
leaf_weight=2665.1032340526581 3687.2099637985229 2065.7893003225327 43.60159695148468 128.56450581550598 378.71057879924774 144.46004295349121 1720.5239979028702 6675.3493101596832 93.451535224914551 8731.7976744174957 227.63760697841644 5128.432590007782 147.46081781387329 208.23022890090942 438.03826379776001 56.655446767807007 226.45602989196777 740.29812455177307 318.85182237625122 327.12466144561768 164.62899351119995 296.12121367454529 591.58801126480103 940.3953902721405 416.87205719947815 4018.5583271980286 201.23886370658875 1549.4340183734894 114.06817722320557 80.842828512191772
leaf_count=1484 951 840 20 55 186 53 787 3370 37 2914 111 2202 59 101 175 22 93 297 125 139 72 120 233 371 162 1825 91 698 46 32
internal_value=1.83132e-05 0.00177208 -0.00145765 -0.00112022 -0.00173849 0.00258241 -0.000926947 -0.00265746 0.000290284 0.00203748 -0.00273999 0.00051176 0.00391759 0.00138709 0.00345828 0.00885706 -6.77044e-06 0.00067115 0.00124669 0.000819668 0.00206607 0.00279163 0.00378546 -0.000783354 0.00630317 -0.000695804 0.000256375 0.00156745 0.00243424 0.00137093
internal_weight=42527.5 19434.6 23092.8 20427.7 14815.1 12563.5 7868.47 6946.59 6871.18 8876.26 6902.99 5612.69 484.256 355.691 588.145 150.107 6283.04 4217.25 3476.95 3158.1 1776.51 1611.88 1315.76 1381.59 643.328 7489.76 3471.2 1750.67 441.193 672.431
internal_count=17671 6682 10989 9505 7088 3918 3587 3501 2764 2967 3481 2417 215 160 234 59 2530 1690 1393 1268 712 640 520 556 255 3401 1576 789 185 265
is_linear=0
shrinkage=0.04


Tree=56
num_leaves=31
num_cat=0
split_feature=2 2 6 1 2 6 6 22 14 6 13 22 2 11 5 1 12 12 1 20 20 23 19 17 5 5 19 8 2 6
split_gain=66.2842 16.5353 7.8137 6.863 6.62389 8.68944 5.38011 4.25961 4.05311 4.04977 3.79747 6.65949 3.66529 4.56436 4.29418 4.47909 4.21092 3.79295 3.65099 4.90041 4.15874 3.62031 3.92948 4.8253 3.89546 3.59646 4.05999 4.66577 4.37456 3.51166
threshold=0.38791022347191179 0.23104280321486234 0.55256444815547778 0.22910865974423275 0.12518807825740258 0.53392814983867176 0.34982352745313494 12.500000000000002 9.0833333333333339 0.37880694091675177 1.7083333333333337 7.5000000000000009 0.17633327861573364 0.64640615007187996 0.035782249502784975 0.29063937767529907 1.0833333333333337 2.2916666666666674 0.27001206833254826 0.63333333333333353 0.45000000000000001 4.5000000000000009 4.0833333333333348 2.9166666666666674 0.033771672430964468 0.033218540881797883 3.8166666666666669 1524.7111667272854 0.50080984799264427 0.44076598506978254
decision_type=2 2 2 2 2 2 2 2 2 2 2 2 2 2 2 2 2 2 2 2 2 2 2 2 2 2 2 2 2 2
left_child=1 4 6 -2 -1 9 10 -8 29 -6 -3 -12 13 -11 17 16 -16 -14 19 -18 -20 24 23 -23 -7 26 27 28 -10 -5
right_child=3 2 -4 8 5 21 7 -9 25 12 11 -13 14 -15 15 -17 18 -19 20 -21 -22 22 -24 -25 -26 -27 -28 -29 -30 -31
leaf_value=-0.003978557861969022 0.0038010446472416123 -0.0037491270224765589 0.0017279190208440637 -0.0021587779024872912 -0.0050351150324393556 0.0048215652384757755 -0.00068464935784232333 0.0013388157750817452 -0.0018644039371426449 -0.0090589614468270709 0.0081357422773565991 -0.010289301179274613 -0.0021975123777031838 -0.002866066825626192 -0.0063553504874453168 0.013034645832303123 0.014255302294614998 0.0050188079276186374 -0.010618142928623684 -0.00055718963130775426 0.0047058516433438162 -0.0029370176156078669 0.00084606142239256109 0.0099081910959843665 -0.0045940760764990492 6.8043417202496629e-05 0.0029339679379486055 0.009493007736792753 0.0051945721562998617 0.0014200817548001088
leaf_weight=2654.3509817123413 3701.5934770107269 1228.9561095237732 2639.8683619499207 689.20705151557922 909.41225528717041 406.5297816991806 11379.289014101028 1948.788658618927 773.47953200340271 219.26695013046265 109.71275174617767 42.854036688804626 2973.0836367607117 1423.9203600883484 95.228714346885681 54.318262457847595 79.303829073905945 120.3663170337677 48.740403652191162 64.256857633590698 64.930482268333435 1037.6065002679825 1398.3529739379883 48.035431504249573 84.129006862640381 1111.8070068359375 5768.9552738666534 78.705339670181274 170.59654068946838 1202.743310213089
leaf_count=1484 951 591 967 265 476 193 4948 832 283 120 51 20 1461 781 47 27 38 56 24 31 32 500 629 23 41 389 1921 28 56 406
internal_value=1.78953e-05 -0.00105885 -0.000275477 0.0023338 -0.00222215 -0.00170534 -0.000635111 -0.000388707 0.00177901 -0.0025752 -0.00301026 0.00292708 -0.00213937 -0.00369745 -0.00140707 0.00245229 0.000789158 -0.00191519 0.00344847 0.00766733 -0.00190015 6.49362e-05 -0.00055558 -0.00236007 0.00320109 0.00217706 0.00252224 0.000199331 -0.000584685 0.000115909
internal_weight=42528.4 29031.3 17349.5 13497.1 11681.8 9027.48 14709.6 13328.1 9795.49 6052.83 1381.52 152.567 5143.42 1643.19 3500.23 406.779 352.46 3093.45 257.232 143.561 113.671 2974.65 2483.99 1085.64 490.659 7903.54 6791.74 1022.78 944.076 1891.95
internal_count=17671 13372 7409 4299 5963 4479 6442 5780 3348 3093 662 71 2617 901 1716 199 172 1517 125 69 56 1386 1152 523 234 2677 2288 367 339 671
is_linear=0
shrinkage=0.04


Tree=57
num_leaves=31
num_cat=0
split_feature=2 2 1 1 2 8 20 15 21 2 22 5 10 7 21 0 19 19 13 21 10 22 0 5 10 16 20 10 10 2
split_gain=62.8673 16.2824 9.7106 6.94418 5.86093 5.54881 5.00209 4.41696 4.72799 4.25904 4.10993 4.08899 4.01341 5.08951 3.42757 3.35207 3.28676 3.91447 3.22575 3.37551 3.98825 3.24057 3.06036 3.03425 3.02473 4.63081 4.79296 2.99525 4.88216 2.90748
threshold=0.38791022347191179 0.2210160177296977 0.25461846564838636 0.30794479674420144 0.12518807825740258 1700.3253746574896 0.49999999999999989 5.6333333333333337 -0.33333333333333331 0.15277078878056113 4.5000000000000009 0.034309992315585965 173.56667498230618 -0.87499999999999989 0.80000000000000027 0.29912501552172766 3.6333333333333337 3.9166666666666674 2.0833333333333335 -0.7749999999999998 -25.045474430917576 21.500000000000004 0.35724621915830462 0.034478491591310785 98.029947264799731 0.63333333333333341 0.91666666666666696 35.715558887176265 -4.5974928336727308 0.32129206026687879
decision_type=2 2 2 2 2 2 2 2 2 2 2 2 2 2 2 2 2 2 2 2 2 2 2 2 2 2 2 2 2 2
left_child=1 4 15 10 -1 7 9 24 -9 -7 11 -3 -8 -14 -5 16 -2 -18 21 20 -20 -4 -16 27 -6 -26 -27 28 -21 -12
right_child=2 3 18 14 5 6 12 8 -10 -11 29 -13 13 -15 22 -17 17 -19 19 23 -22 -23 -24 -25 25 26 -28 -29 -30 -31
leaf_value=-0.0039950871426795943 0.0086395373977043131 -0.00093338019865726288 0.001434928181626975 -0.0011647002893821628 -0.0040232156992228863 0.019850488227602825 -0.0075749760146138273 -0.0031370566699677332 0.0020512487220027313 0.0018930152545583695 3.1993938253160614e-05 -0.0080436038995321743 -0.00062835407315404729 0.0095733299327953898 -0.0018056317080961013 0.0083223833422611769 -0.0036277628273839891 0.0032286721393367883 0.012840282609828666 -0.0013352142598103364 -0.00013346239290461183 0.006172155566722618 -0.0071014602841585608 -0.0096355788166478194 0.00097181219666117884 -0.0019567347135863267 -0.0059836082129582548 -0.0085410605340084222 0.0079299092100191104 0.0014673689677720753
leaf_weight=2604.1812877655029 173.71396851539612 2332.8504428863525 5991.0097739696503 5054.9559471607208 1616.3955643177032 41.802731275558472 81.993751645088196 447.38598537445068 751.91438364982605 42.199344754219055 7135.3139033317566 136.04650449752808 293.24727654457092 105.6647732257843 398.8200888633728 213.99706840515137 135.72772598266602 5527.2954044342041 59.539441585540771 785.90132260322571 101.37549710273743 239.43506526947021 310.85381734371185 67.427337884902954 704.52940332889557 3129.6680793762207 556.63492405414581 74.943888664245605 101.89750456809998 3302.2012786865234
leaf_count=1462 51 998 2132 2315 809 22 36 219 352 20 3084 60 145 48 176 63 40 1502 21 280 36 78 148 25 364 1580 285 27 36 1255
internal_value=-3.50636e-05 -0.00108256 0.00222328 -0.000376531 -0.0023529 -0.00180217 0.0020127 -0.00210145 0.000114807 0.0109578 0.000139038 -0.00132828 0.000430727 0.00209107 -0.00153066 0.00341254 0.00323113 0.00306373 0.00125336 -0.000653487 0.00471655 0.00161794 -0.00413206 -0.00149606 -0.00254385 -0.00199846 -0.00256625 -0.000916588 -0.00026408 0.000486212
internal_weight=42518.9 29046.7 13472.3 18671 10375.6 7771.44 564.908 7206.53 1199.3 84.0021 12906.4 2468.9 480.906 398.912 5764.63 6050.73 5836.74 5663.02 7421.53 1191.08 160.915 6230.44 709.674 1030.17 6007.23 4390.83 3686.3 962.743 887.799 10437.5
internal_count=17669 13378 4291 8036 5342 3880 271 3609 571 42 5397 1058 229 193 2639 1656 1593 1542 2635 425 57 2210 324 368 3038 2229 1865 343 316 4339
is_linear=0
shrinkage=0.04


Tree=58
num_leaves=31
num_cat=0
split_feature=2 2 6 6 2 6 22 17 3 23 15 11 16 9 1 1 3 6 19 3 13 1 11 14 14 12 11 2 6 2
split_gain=60.328 15.7029 10.5418 8.78134 5.67694 8.26398 4.69905 4.46801 4.14313 3.97577 3.78138 3.47734 3.71199 3.77753 3.91575 3.47562 3.99393 3.41872 5.65494 4.09022 3.21621 4.78275 3.05586 4.61064 3.12029 3.00218 3.15044 6.9943 4.37065 3.71715
threshold=0.38791022347191179 0.2210160177296977 0.52963937213952172 0.4221951727549666 0.12518807825740258 0.50705650477245168 5.5000000000000009 0.18333333333333338 0.42542811384557466 4.5000000000000009 4.916666666666667 0.63973680772361086 0.63333333333333341 1430.410138452942 0.26731766259395362 0.29406831123806226 0.21799285358145878 0.55000032873325944 5.916666666666667 0.13503092553565785 2.0833333333333335 0.24329044841182401 0.48302544836588018 14.29166666666667 12.550000000000002 1.7750000000000001 0.65940351112580642 0.28182566247701452 0.52301805337519636 0.27006427535522343
decision_type=2 2 2 2 2 2 2 2 2 2 2 2 2 2 2 2 2 2 2 2 2 2 2 2 2 2 2 2 2 2
left_child=1 4 20 7 -1 8 -5 -3 11 10 -8 -6 13 14 -13 16 -15 18 25 22 -2 -22 23 24 -19 26 -11 29 -29 -28
right_child=2 3 -4 6 5 -7 9 -9 -10 17 -12 12 -14 15 -16 -17 -18 19 -20 -21 21 -23 -24 -25 -26 -27 27 28 -30 -31
leaf_value=-0.003931589427568381 0.0014180326155832635 -0.00823913063830925 0.0032939605414143303 -0.0011003113176690121 -0.0042790283302500433 -0.00031948107992933961 0.0028440666228676014 -0.0013970119456833147 -0.0068646856190084753 0.0003030682129230231 0.015216907193791252 0.0048875580921187217 -0.0024214347931276301 0.016629896318576837 -0.0045174166982218499 -0.0038045030213840385 0.0023034730103032352 -0.0016592121409116773 -0.0042694373680058871 -0.0076473934020235218 0.0076049226842451198 -0.0019528077090469819 0.0028023417473306569 -0.0071848346805584579 0.0066540623233927315 -0.0016857500271723206 0.0015401448192556915 0.0051171364273154222 0.016364027649753598 -0.0071816668460044867
leaf_weight=2593.7981089353561 5781.4957196712494 155.55706751346588 6738.1005663871765 3044.3315787315369 1257.9438022375107 3473.2173020839691 140.79748702049255 6292.5852227210999 391.33561718463898 4117.7089667320251 54.297769784927368 109.69721233844757 2165.0309891700745 63.117601871490479 195.78510963916779 40.090176463127136 61.248863697052002 171.48016333580017 438.90473556518555 69.388187170028687 91.465139865875244 891.20123529434204 1967.6026587486267 129.91874194145203 123.44108986854553 913.30148041248322 599.82833051681519 288.01940965652466 68.00469446182251 88.88222074508667
leaf_count=1462 2042 74 1894 1291 645 1659 59 2907 222 1747 22 57 1112 31 100 21 33 63 181 28 28 327 724 47 45 389 273 120 26 40
internal_value=-3.44358e-05 -0.00106227 0.00217421 -0.000369231 -0.00231171 -0.00176965 0.000261146 -0.00156333 -0.00294494 0.000713127 0.00634764 -0.00254925 -0.00172213 0.00149788 -0.00113521 0.0063662 0.00964897 0.000589972 0.000110016 0.0018595 0.00105846 -0.00105636 0.00213831 -0.000936436 0.00183109 0.000427033 0.000801065 0.0027617 0.00730524 0.000405762
internal_weight=42517.6 29015.3 13502.3 18664 10351.3 7757.47 12215.9 6448.14 4284.25 9171.58 195.095 3892.91 2634.97 469.939 305.482 164.457 124.366 8976.48 6514.65 2461.83 6764.16 982.666 2392.44 424.84 294.921 6075.75 5162.44 1044.73 356.024 688.711
internal_count=17669 13378 4291 8036 5342 3880 5055 2981 2221 3764 81 1999 1354 242 157 85 64 3683 2776 907 2397 355 879 155 108 2595 2206 459 146 313
is_linear=0
shrinkage=0.04


Tree=59
num_leaves=31
num_cat=0
split_feature=2 2 6 6 6 22 1 21 16 6 1 16 16 8 2 21 6 1 16 23 6 18 20 6 20 0 8 17 8 18
split_gain=57.8935 15.1562 10.4419 10.0605 5.63078 4.30224 4.56394 4.45897 4.7522 3.75226 5.17437 3.73733 3.67993 3.6932 3.67577 5.77631 5.37071 4.54471 3.87929 3.44353 3.32738 3.28772 4.07711 3.25956 3.22254 3.13388 3.35118 3.22571 3.11319 3.58928
threshold=0.38791022347191179 0.17301393301166532 0.37637085479621152 0.52963937213952172 0.57376944900321891 6.5000000000000009 0.29270990181775614 0.91666666666666696 0.70833333333333337 0.48138858860442441 0.29222534517817517 0.36666666666666675 1.7083333333333337 1454.3593842482007 0.066776523266600454 -1.0000000180025095e-35 0.67200006269461465 0.19108974798625902 1.2916666666666667 83.500000000000014 0.44373364730507592 11.633333333333335 1.0833333333333337 0.70887549843266073 1.2250000000000003 0.50563466671519941 1581.8252682028399 1.0833333333333337 1422.9394884602477 15.083333333333334
decision_type=2 2 2 2 2 2 2 2 2 2 2 2 2 2 2 2 2 2 2 2 2 2 2 2 2 2 2 2 2 2
left_child=1 14 25 -2 5 6 7 8 -4 21 -11 -8 13 -12 15 -1 19 18 23 -16 -13 22 -7 -18 -23 26 27 -3 -5 -30
right_child=3 2 4 28 -6 9 11 -9 -10 10 12 20 -14 -15 16 -17 17 -19 -20 -21 -22 24 -24 -25 -26 -27 -28 -29 29 -31
leaf_value=-0.0081345514462847004 0.0010363299088185906 -0.0033745400012824764 0.00050268141794928395 0.0044517128869293356 0.0013738174642909668 -0.0012933735680482506 0.00867579573394767 0.0018679259319376296 -0.0033281825420981583 0.00055363632195683027 0.002009410372323603 -0.0011654865219779143 -0.0019088185933283308 0.013296258238171647 -0.0029264423332610832 0.00091657527742954926 0.00098214040235262306 0.013969021448446172 -0.0027422576459899153 -0.014540466693813184 0.0018145604165824153 5.789962086457947e-05 -0.0095511534041998018 0.011703160825158527 0.0071688721039256933 -0.009020622188394372 -0.0073630432021449836 -0.00075958349624946186 0.0013854384996012617 0.0036419164024251494
leaf_weight=450.86515665054321 6771.3258564472198 1538.2116088867188 630.43495512008667 2205.8512210845947 2909.9193872213364 2957.5217678546906 73.979775667190552 388.29325878620148 2900.6750612258911 3906.5120748281479 74.887024641036987 2227.0473424196243 64.71373462677002 122.64005303382874 4336.2494758367538 150.10035109519958 149.62509953975677 39.785224914550781 310.88687872886658 40.304842233657837 819.18110167980194 2819.0885542631149 97.898159027099609 64.254578948020935 104.79436707496643 118.88274466991425 205.382981300354 1482.4651168584824 2064.9876689910889 2489.4933023452759
leaf_count=268 2397 741 292 593 1104 1360 33 165 1305 1638 30 1004 26 49 2381 86 79 17 158 22 348 1268 47 34 48 63 102 710 615 686
internal_value=-3.38209e-05 -0.00104235 -0.000597547 0.00212634 -0.000253085 -0.000528588 -0.00128834 -0.0021969 -0.00264428 -1.47932e-06 0.000919561 -0.000146732 0.00634781 0.00904883 -0.00292337 -0.00587613 -0.00256312 0.00110702 0.000107169 -0.0030367 -0.00036377 -0.000643673 -0.001561 0.00424247 0.000315127 -0.0026665 -0.00242963 -0.00209187 0.00321782 0.00261936
internal_weight=42516.3 28984.6 23442.5 13531.7 20097.6 17187.7 7039.61 3919.4 3531.11 10148.1 4168.75 3120.21 262.241 197.527 5542.07 600.966 4941.11 564.552 524.767 4376.55 3046.23 5979.3 3055.42 213.88 2923.88 3344.94 3226.06 3020.68 6760.33 4554.48
internal_count=17669 13378 10333 4291 8717 7613 3147 1762 1597 4466 1743 1385 105 79 3045 354 2691 288 271 2403 1352 2723 1407 113 1316 1616 1553 1451 1894 1301
is_linear=0
shrinkage=0.04


Tree=60
num_leaves=31
num_cat=0
split_feature=2 6 2 6 1 7 18 14 6 19 21 2 6 1 21 17 20 14 16 9 6 0 15 18 5 21 19 14 9 23
split_gain=57.7304 16.6076 10.9318 9.05891 6.44471 6.23308 5.25783 5.25193 4.48141 4.43222 4.41422 3.80927 6.23167 5.98963 5.31767 3.65415 3.6025 3.61859 3.59514 3.44846 3.48084 3.39626 3.34983 3.34564 4.17669 3.87364 3.75316 3.7324 3.31232 3.29288
threshold=0.32129206026687879 0.54897037332270504 0.1563674563672002 0.49362240747610037 0.31303753607606449 2.3750000000000004 5.416666666666667 13.450000000000001 0.4948848770277342 3.2916666666666674 -0.70833333333333337 0.066776523266600454 0.62726124511082137 0.21325492426477086 -0.54999999999999982 1.3666666666666669 -1.2249999999999999 7.0833333333333348 1.3666666666666669 1649.6515679366892 0.40270631067961166 0.33848052749947016 2.9166666666666674 16.450000000000003 0.028772853803133883 -0.49999999999999989 3.6333333333333337 10.450000000000001 1619.5892626209159 6.5000000000000009
decision_type=2 2 2 2 2 2 2 2 2 2 2 2 2 2 2 2 2 2 2 2 2 2 2 2 2 2 2 2 2 2
left_child=2 4 8 6 16 7 -4 15 -1 -5 -9 14 13 -13 -10 -3 28 -18 19 20 21 -6 -20 24 26 -26 -17 -27 -2 -12
right_child=1 5 3 9 18 -7 -8 10 11 -11 29 12 -14 -15 -16 23 17 -19 22 -21 -22 -23 -24 -25 25 27 -28 -29 -30 -31
leaf_value=-0.0058805696689999158 8.6440193196465288e-05 0.0044312813850764564 0.012099680796361614 -0.0022617098333705082 0.00028727268302646274 0.01464577097849239 -0.0016906932128051314 -0.0083357881134307962 -0.0091494640025923998 0.00064415037559766345 -0.00075896630769461612 -0.0047944017943422311 0.00044957252258708377 4.9976583678110981e-05 -0.001555325421765032 0.0088259833514218507 -0.0038571183617517948 0.0015685441904089419 -0.0081071988139697244 -0.010006376869523756 -0.0034372407426791719 0.0060382504251762607 -0.0018775284945231091 -0.001880780846418499 -0.00020851365710658414 0.0032791054270258349 0.00041188917791132638 0.012252976270098047 -0.0053657146314964226 0.002866831926217442
leaf_weight=801.4021897315979 1237.0975565910339 3422.7873117923737 43.42196524143219 984.12422561645508 1187.0421757698059 73.758750438690186 11428.212328672409 73.591555595397949 306.99695980548859 5693.4779906272888 615.60324859619141 1364.7076983451843 1073.1830297708511 582.52014005184174 284.11244738101959 94.500910758972168 200.16233420372009 8965.9771695137024 184.42224073410034 53.769348978996277 338.69348692893982 189.71607351303101 544.9761449098587 278.15066123008728 109.90687656402588 127.76141977310181 759.52449989318848 178.96617031097412 207.29951882362366 1145.4841024875641
leaf_count=460 460 933 19 449 512 15 5519 25 186 2398 190 776 556 323 164 31 73 3224 80 23 141 82 233 79 33 33 242 50 69 346
internal_value=-3.17287e-06 0.00156209 -0.00138994 -0.000955677 0.000726721 0.00315345 -0.00163744 0.00302678 -0.00317534 0.000215619 0.00119684 -0.00257358 -0.00199763 -0.00334591 -0.00550819 0.00370171 0.00115709 0.00144966 -0.00110061 -0.000125842 0.000189504 0.00108356 -0.00346159 0.00208757 0.00295705 0.00623564 0.00135217 0.00853789 -0.000699223 0.00159969
internal_weight=42551.4 19989.2 22562.2 18149.2 13109.2 6880.04 11471.6 6806.28 4412.92 6677.6 1834.68 3611.52 3020.41 1947.23 591.109 4971.6 10610.5 9166.14 2498.62 1769.22 1715.45 1376.76 729.398 1548.81 1270.66 416.634 854.025 306.728 1444.4 1761.09
internal_count=17724 6874 10850 8385 4897 1977 5538 1962 2465 2847 561 2005 1655 1099 350 1401 3826 3297 1071 758 735 594 313 468 389 116 273 83 529 536
is_linear=0
shrinkage=0.04


Tree=61
num_leaves=31
num_cat=0
split_feature=2 6 2 6 1 7 18 14 8 22 6 19 9 2 6 1 8 21 10 17 14 8 20 11 22 18 9 2 18 12
split_gain=55.4496 15.8677 10.5624 8.72332 6.18755 5.86788 5.011 5.00578 7.88517 6.12233 4.3561 4.26414 3.98945 3.69773 6.01658 5.80147 6.47946 5.19347 3.53144 3.47397 3.45683 3.56197 3.31783 3.59928 3.3021 3.21153 5.47271 5.69951 3.96917 3.87653
threshold=0.32129206026687879 0.54897037332270504 0.1563674563672002 0.49362240747610037 0.31303753607606449 2.3750000000000004 5.416666666666667 13.450000000000001 1498.4355520427118 8.5000000000000018 0.4948848770277342 3.2916666666666674 1612.4164699919468 0.066776523266600454 0.62726124511082137 0.21325492426477086 1641.6158757060391 -0.54999999999999982 257.8928783745817 1.3666666666666669 7.0833333333333348 1483.5038548463904 -1.2249999999999999 0.31215771258392927 10.500000000000002 11.91666666666667 1454.7842300734771 0.28182566247701452 8.7083333333333339 1.0833333333333337
decision_type=2 2 2 2 2 2 2 2 2 2 2 2 2 2 2 2 2 2 2 2 2 2 2 2 2 2 2 2 2 2
left_child=2 4 10 6 20 7 -4 19 -9 -10 24 -5 -11 17 15 -15 18 -12 -17 -3 21 -2 23 -22 -1 26 27 -8 -28 -27
right_child=1 5 3 11 -6 -7 25 8 9 12 13 -13 -14 14 -16 16 -18 -19 -20 -21 22 -23 -24 -25 -26 29 28 -29 -30 -31
leaf_value=-0.0047684233116742662 -0.00072705329782602585 0.0043238941526802018 0.01172381988168791 -0.0022218953542344189 -0.0010801805911082711 0.01415065544858376 -0.0017008822712066632 -0.0019765231687432485 0.0016589498288374269 0.0014055011531308812 -0.0090513100082047666 0.00063094697948249377 0.01205147060137142 -0.0047220347806087807 0.00044045091532171821 -0.0010217600242252479 0.0070501334144341225 -0.0015269282290988457 -0.011503599307883861 0.0020419011957410757 -0.004141930058767361 -0.010970760769818899 0.0015349573207163493 0.0006187415748684016 -0.012301286297536455 0.00061988131935690255 -0.0060502176088428929 0.0028201994352348983 -0.0025943515911731551 -0.0018164919110464062
leaf_weight=689.28626024723053 246.6888861656189 3437.9882967472076 43.950548648834229 981.9009405374527 2495.9006650447845 74.846953868865967 2409.4496277570724 751.49885010719299 825.11116075515747 82.683796644210815 304.20091021060944 5697.1466284990311 177.5957818031311 1358.1803996562958 1073.6656124591827 369.4485878944397 154.30705213546753 283.67090320587158 58.793613195419312 1552.041622877121 341.19823503494263 68.705129384994507 8980.0517385005951 986.19420289993286 107.41705751419067 1798.5086309909821 625.9269152879715 546.52583563327789 3537.1115972995758 2491.3844512701035
leaf_count=398 90 933 19 449 1071 15 1195 227 256 27 186 2398 51 776 556 205 85 164 33 468 117 26 3224 369 62 850 312 248 1724 1190
internal_value=-3.18705e-06 0.00152858 -0.00136429 -0.000937605 0.000711682 0.00308099 -0.00160757 0.00295757 0.00117151 0.00335095 -0.00312242 0.000211275 0.00868786 -0.00252918 -0.00196199 -0.00329063 4.89832e-05 -0.00542926 -0.00248426 0.00361468 0.00113275 -0.00298615 0.00125906 -0.000607157 -0.0057982 -0.00165995 -0.00218088 -0.000864315 -0.00311528 -0.000795153
internal_weight=42551.4 20020.5 22530.9 18131.9 13118.7 6901.77 11452.9 6826.92 1836.89 1085.39 4398.97 6679.05 260.28 3602.27 3014.4 1940.73 582.549 587.872 428.242 4990.03 10622.8 315.394 10307.4 1327.39 796.703 11408.9 7119.01 2955.98 4163.04 4289.89
internal_count=17724 6874 10850 8385 4897 1977 5538 1962 561 334 2465 2847 78 2005 1655 1099 323 350 238 1401 3826 116 3710 486 460 5519 3479 1443 2036 2040
is_linear=0
shrinkage=0.04


Tree=62
num_leaves=31
num_cat=0
split_feature=2 1 2 6 1 7 18 6 19 13 14 2 6 1 21 16 22 9 6 0 6 21 9 18 2 1 20 5 22 18
split_gain=53.262 15.1657 10.2052 8.40018 5.62752 5.62735 4.77722 4.23495 4.10235 5.30188 4.03365 3.58217 5.82106 5.67154 5.07112 3.47431 3.44375 3.35219 3.35538 3.24235 3.13925 3.83791 4.18642 4.16194 4.05912 3.99011 4.1821 3.36826 3.2968 3.20234
threshold=0.32129206026687879 0.26235897776581019 0.1563674563672002 0.49362240747610037 0.31303753607606449 2.3750000000000004 5.416666666666667 0.49362240747610037 3.2916666666666674 1.2916666666666667 7.0833333333333348 0.066776523266600454 0.62726124511082137 0.21325492426477086 -0.54999999999999982 1.3666666666666669 10.500000000000002 1649.6515679366892 0.40270631067961166 0.33848052749947016 0.35217926947024941 -1.6333333333333331 1450.9083039829923 8.7083333333333339 0.28182566247701452 0.28434920384905044 0.29166666666666657 0.030244651233561574 8.5000000000000018 10.225000000000001
decision_type=2 2 2 2 2 2 2 2 2 2 2 2 2 2 2 2 2 2 2 2 2 2 2 2 2 2 2 2 2 2
left_child=2 5 7 6 10 -2 -4 16 9 -5 -3 14 13 -13 -9 17 -1 18 19 -6 29 -22 24 27 -23 -26 -27 28 -24 -8
right_child=1 4 3 8 15 -7 20 11 -10 -11 -12 12 -14 -15 -16 -17 -18 -19 -20 -21 21 22 23 -25 25 26 -28 -29 -30 -31
leaf_value=-0.0046791500519073213 0.0027987961661676804 -0.0038445705961400118 0.011363755895024941 -0.0060825301036392847 0.00030324319320008611 0.013678937755446324 -0.0055986591520668493 -0.0089533272324325459 0.00061802248087756051 3.5229121953322133e-05 0.0011953368314049867 -0.0046579238396782406 0.00043151836527969244 5.5862129001204251e-05 -0.0014990070562501321 -0.0033872387558785653 -0.012468169620792446 -0.0098985165764737433 -0.0033630889271543886 0.0059108144745528913 -0.0057651697332374687 -0.00076920248773603361 -0.0046455204055493686 -0.0015545249655385641 0.013899385144297654 0.00050187084566485679 0.010112000779929294 -0.0097194077848644801 0.0072333830273783595 -0.0016575646729726173
leaf_weight=682.59353363513947 7483.7014389038086 259.9341881275177 44.468849420547485 354.55513799190521 1186.1013326644897 75.913615226745605 606.08120059967041 301.45991694927216 5700.7423573732376 625.16654324531555 9738.4134712219238 1355.0803170204163 1074.1386115550995 584.35583281517029 283.23808860778809 726.10228848457336 104.45474362373352 53.17652428150177 337.16691565513611 190.65903496742249 309.6673356294632 2574.6427907943726 221.0980052947998 6095.4853956699371 46.977760553359985 500.82771611213684 83.73155689239502 182.34607720375061 44.018733859062195 725.13282144069672
leaf_count=396 2102 100 19 167 512 15 310 186 2398 282 3586 778 556 324 164 313 61 23 141 82 150 1269 108 2922 20 225 38 92 21 364
internal_value=-3.21097e-06 0.00149587 -0.00133912 -0.000919884 0.000639991 0.00290985 -0.00157822 -0.00307033 0.000207019 -0.00218269 0.00106394 -0.00248772 -0.00193058 -0.00323835 -0.00535105 -0.00105989 -0.0057274 -0.000102206 0.00020733 0.00108353 -0.00162975 -0.0013879 -0.00124829 -0.00182845 -6.41284e-05 0.00280698 0.00189333 -0.00554815 -0.00265343 -0.00345474
internal_weight=42551.4 20051.2 22500.3 18114.9 12491.6 7559.62 11434.5 4385.32 6680.46 979.722 9998.35 3598.27 3013.57 1939.44 584.698 2493.21 787.048 1767.1 1713.93 1376.76 11390 10058.8 9749.13 6542.95 3206.18 631.537 584.559 447.463 265.117 1331.21
internal_count=17724 6874 10850 8385 4757 2117 5538 2465 2847 449 3686 2008 1658 1102 350 1071 457 758 735 594 5519 4845 4695 3143 1552 283 263 221 129 674
is_linear=0
shrinkage=0.04


Tree=63
num_leaves=31
num_cat=0
split_feature=2 1 2 6 22 8 6 14 9 12 11 1 8 19 2 1 8 22 19 15 6 13 15 13 5 6 11 6 5 16
split_gain=54.9771 12.8074 8.33625 6.71948 5.10216 3.58393 3.92662 3.52957 4.20312 5.1775 5.08306 3.78219 3.82794 3.48382 3.34858 4.66271 4.0469 3.28138 3.8354 4.50102 3.24181 5.24728 3.48563 3.89946 3.79079 3.09515 3.79502 4.69018 3.22229 3.34023
threshold=0.32129206026687879 0.26235897776581019 0.17471120520980019 0.45140633176347467 82.500000000000014 1574.807901699927 0.45025477831358235 9.5500000000000025 1629.1560165392739 1.4500000000000002 0.53225397051419387 0.30892871213941847 1415.1688894738211 3.2250000000000005 0.46531765613834081 0.26368302502915042 1401.4667986229504 4.5000000000000009 4.916666666666667 4.291666666666667 0.44076598506978254 0.81666666666666676 5.0833333333333348 1.2916666666666667 0.030042836363130102 0.65053304785163879 0.60869883909043299 0.60024813895781637 0.022152994126501849 2.183333333333334
decision_type=2 2 2 2 2 2 2 2 2 2 2 2 2 2 2 2 2 2 2 2 2 2 2 2 2 2 2 2 2 2
left_child=2 25 13 5 7 6 -4 8 9 11 -11 -3 -13 -1 -9 -16 -17 18 -18 -20 22 -22 -7 24 -24 26 28 -28 -2 -30
right_child=1 4 3 -5 -6 20 -8 14 -10 10 -12 12 -14 -15 15 16 17 -19 19 -21 21 -23 23 -25 -26 -27 27 -29 29 -31
leaf_value=-0.0042172231145296123 -0.0025659797088571209 0.00040666195108382926 -0.001434958000982148 -0.00027686342600246851 0.0080755085969152728 -0.0061455414232466478 -0.010278167662908566 0.00063771772122882145 -0.005234948911464826 0.011007852323135404 0.00028211726498621989 -0.0066429124899856362 -0.0010622406757352586 -0.0021025249839058853 -0.0050040330634965515 -0.0008891533207053123 -0.0062629730653012651 0.006340438614706824 0.012365559227098708 -0.0026680429450811173 -0.0082906311162021153 0.0070333136819830337 -0.001335466419865927 -0.0098207079907856078 0.013979796938793332 0.0044187321160798635 0.016625495882903345 0.003118073688618518 0.0029996021546085634 0.00097007731880196818
leaf_weight=1833.3037614822388 222.14660978317261 1714.8231959342957 6585.5461367368698 9098.0947785377502 144.31210660934448 729.42410063743591 80.360827088356018 7964.4079811573029 284.73496294021606 124.03094601631165 162.80127453804016 281.88366723060608 646.82470762729645 3905.3287091255188 108.01285862922668 242.48057270050049 79.869698286056519 654.62361836433411 62.913408517837524 62.962767839431763 56.018568754196167 94.917377948760986 66.998008012771606 40.807804226875305 40.954160094261169 1375.3143448829651 64.221557140350342 112.99886989593506 3952.1035645008087 1933.378945350647
leaf_count=1052 70 641 3200 3941 48 364 39 3052 105 46 64 120 278 2131 36 85 27 219 21 21 28 46 33 20 20 333 20 35 1145 540
internal_value=-0.00010429 0.00141125 -0.00146265 -0.00101278 0.000623696 -0.00188272 -0.00154309 0.000536259 -0.000604096 -0.000152497 0.00494223 -0.000706952 -0.00276142 -0.00277872 0.000935872 0.00289482 0.00367227 0.00495737 0.000547459 0.00488405 -0.00407898 0.00132883 -0.00500889 0.000568372 0.00454972 0.00269972 0.00232291 0.00807875 0.0021546 0.00233318
internal_weight=42726.6 20194.8 22531.8 16793.1 12534.7 7695.03 6665.91 12390.4 3215.1 2930.36 286.832 2643.53 928.708 5738.63 9175.27 1210.86 1102.85 860.369 205.746 125.876 1029.12 150.936 878.184 148.76 107.952 7660.16 6284.85 177.22 6107.63 5885.48
internal_count=17780 6906 10874 7691 4763 3750 3239 4715 1254 1149 110 1039 398 3183 3461 409 373 288 69 42 511 74 437 73 53 2143 1810 55 1755 1685
is_linear=0
shrinkage=0.04


Tree=64
num_leaves=31
num_cat=0
split_feature=2 1 2 6 22 13 15 11 18 20 19 5 5 19 14 10 16 22 2 1 18 2 22 10 1 1 16 20 3 5
split_gain=52.8238 12.2458 8.05096 6.47672 4.85739 3.46599 4.51043 4.82927 3.99582 4.35797 3.47415 3.68843 3.41272 3.37789 3.29227 3.26121 3.73741 3.23616 3.09302 5.54801 4.6823 4.10144 3.05477 3.04756 3.35012 3.7109 3.04388 5.52587 3.03373 3.01395
threshold=0.32129206026687879 0.26235897776581019 0.17471120520980019 0.45140633176347467 82.500000000000014 0.91666666666666685 3.2250000000000005 0.51861609967146516 13.816666666666668 0.91666666666666696 2.5500000000000003 0.02885847368609085 0.018207122135212587 3.2250000000000005 9.5500000000000025 132.62374310192982 1.8166666666666669 5.5000000000000009 0.46531765613834081 0.26368302502915042 15.450000000000001 0.46943664048471817 7.5000000000000009 108.41009493249193 0.27001206833254826 0.28708283627623377 1.6333333333333335 -1.0000000180025095e-35 0.15825452786468838 0.022456584715469189
decision_type=2 2 2 2 2 2 2 2 2 2 2 2 2 2 2 2 2 2 2 2 2 2 2 2 2 2 2 2 2 2
left_child=2 -2 13 5 12 6 15 -8 9 29 -9 -12 -3 23 -14 16 -4 -13 22 -20 21 -21 -16 -1 -25 -26 -23 -28 -5 -7
right_child=1 4 3 28 -6 8 7 10 -10 -11 11 17 14 -15 18 -17 -18 -19 19 20 -22 26 -24 24 25 -27 27 -29 -30 -31
leaf_value=-0.0090522154739549471 0.0026389219457597706 0.011485277516110509 0.0023367731853631861 0.00013441470874828393 0.0078523301700424118 0.0012355711000970665 -0.010630130502893966 0.0031130123886934369 0.0017260303721939518 0.0073960897692548757 -0.0017528981397136219 -0.011308957920370786 -0.00061807141527988252 -0.0020651525642821481 6.4369379698033506e-05 -0.0049033541996994891 -0.0094259031200690443 -0.0046623914688158127 -0.0060197262326514688 0.011107334496314116 0.008235915799486267 -0.001088031797053962 0.0017690424471527941 -0.0041554828562270895 0.0072693042437476244 -0.0060551259527539085 0.0079937072197322663 -0.0021036533011292219 -0.00158614602863495 -0.0021756052960347854
leaf_weight=182.13082849979401 7680.8637008666992 44.29259181022644 443.13428485393524 6950.7485384941101 145.48221874237061 456.83549356460571 178.76960623264313 111.28306710720062 611.33000373840332 81.901859760284424 516.92364263534546 155.62757253646851 3204.9636828899384 3897.1262822151184 5517.9215710163116 195.51417255401611 46.891064047813416 479.22192573547363 104.45337510108948 73.259218454360962 263.05839347839355 411.23470377922058 2418.5064524412155 1502.6904625892639 88.186183214187622 52.58111834526062 215.09784388542175 144.26455211639404 2144.8276691436768 4403.156149148941
leaf_count=104 2143 16 217 2972 48 217 88 56 291 40 252 79 1251 2131 2127 97 23 240 35 25 87 140 913 868 50 30 73 48 969 2150
internal_value=-0.000102291 0.00138122 -0.00143576 -0.000993725 0.00061087 -0.00184893 -0.0032216 -0.0044909 -0.00132259 -0.00169999 -0.00361424 -0.00426636 0.000525263 -0.00273121 0.000485038 -0.000549355 0.00119429 -0.00630696 0.000871542 0.00275337 0.00358592 0.00212833 0.000584 -0.00415114 -0.00360282 0.0022846 0.00126143 0.00394557 -0.00027144 -0.00185477
internal_weight=42722.3 20223.4 22498.9 16776.2 12542.5 7680.59 2127.37 1441.83 5553.22 4941.89 1263.06 1151.77 12397.1 5722.71 12352.8 685.54 490.025 634.849 9147.8 1211.37 1106.91 843.856 7936.43 1825.59 1643.46 140.767 770.597 359.362 9095.58 4859.99
internal_count=17780 6906 10874 7691 4763 3750 1052 715 2698 2407 627 571 4715 3183 4699 337 240 319 3448 408 373 286 3040 1052 948 80 261 121 3941 2367
is_linear=0
shrinkage=0.04


Tree=65
num_leaves=31
num_cat=0
split_feature=2 1 2 6 6 17 17 13 15 9 21 11 19 6 19 19 6 20 6 20 11 1 1 3 9 16 6 15 6 5
split_gain=50.7573 11.7115 7.77487 6.24278 4.83329 3.87432 3.80901 3.35302 4.3693 4.7438 3.90007 3.65827 3.46261 3.34981 3.27514 3.18271 6.12541 3.069 3.61234 3.03903 2.97869 3.23595 3.55474 2.92018 3.07193 3.92017 4.12304 3.21464 2.9036 2.81883
threshold=0.32129206026687879 0.28677347104068179 0.17471120520980019 0.45140633176347467 0.65053304785163879 1.7083333333333337 0.18333333333333338 0.91666666666666685 3.2250000000000005 1456.7675991165227 -0.33333333333333331 0.51861609967146516 2.5500000000000003 0.36320059839210678 3.2250000000000005 3.6333333333333337 0.52827782183452299 0.22500000000000012 0.38077788302154875 -0.16666666666666682 0.65027778086021881 0.27001206833254826 0.28708283627623377 0.14627333211898405 1539.5329604628093 1.9166666666666667 0.47051262664448817 3.9166666666666674 0.64209243402820981 0.02885847368609085
decision_type=2 2 2 2 2 2 2 2 2 2 2 2 2 2 2 2 2 2 2 2 2 2 2 2 2 2 2 2 2 2
left_child=2 4 14 7 5 -2 19 8 17 10 13 -11 -13 -10 20 16 -7 18 -4 -3 -1 -22 -23 24 25 -5 -27 -28 -26 -14
right_child=1 6 3 23 -6 15 -8 -9 9 11 -12 12 29 -15 -16 -17 -18 -19 -20 -21 21 22 -24 -25 28 26 27 -29 -30 -31
leaf_value=-0.0089544474880496622 0.0020865159472734664 -0.012688398922191731 -0.0018310837327180397 0.00031996817987453043 0.0043094505693839248 -0.0041421699688343845 0.00022332247227248398 -0.0012980560362797625 -0.0073419316463579735 -0.010877171986572847 -0.0075021299270311191 0.0040358353388554652 -0.0028901312355300332 0.0055633574735268684 -0.0020283679166774337 -0.00084432095069554873 0.011281989708269316 -0.0036654905615817589 0.0058080620087951878 -0.001717528143083289 -0.0040901167456640552 0.0070749710983439851 -0.0059728360043392664 -0.0015228576209493964 -0.0016647791145210119 0.015822221044977002 0.0085208870925009492 0.00032450629663827792 0.0057859981382236267 -0.0073536183978555611
leaf_weight=180.4895806312561 10060.985736846924 63.092341899871826 210.83417439460754 4702.8633723258972 1388.1554250717163 68.96033763885498 7210.7178914546967 5545.8832721710205 38.920471787452698 174.80916726589203 75.032841444015503 68.452539086341858 431.43633556365967 166.53458857536316 3889.0864256620407 1249.3154380321503 99.813064813613892 289.15224850177765 185.19356954097748 110.31248307228088 1496.4590117931366 88.829570770263672 52.263694643974304 2231.204225063324 1679.3384848833084 44.392592906951904 112.4381856918335 235.76851272583008 87.105862379074097 480.21204566955566
leaf_count=104 3132 27 105 2036 334 25 2890 2698 20 87 37 34 211 82 2131 418 32 143 89 48 868 50 30 1011 704 20 46 93 31 244
internal_value=-0.000100337 0.00135189 -0.00140937 -0.000975044 0.00208054 0.00181065 8.20741e-05 -0.00181574 -0.00316836 -0.0044221 0.000243539 -0.00555446 -0.00459499 0.00309492 -0.00268442 -0.000146632 0.00499244 -0.000539236 0.00174682 -0.00575908 -0.00408595 -0.00354421 0.00223379 -0.00026613 0.000142667 0.000640979 0.00447572 0.00298799 -0.00129431 -0.00524676
internal_weight=42718.1 20251.4 22466.7 16759.6 12867.2 11479.1 7384.12 7666.46 2120.58 1435.4 280.488 1154.91 980.101 205.455 5707.13 1418.09 168.773 685.18 396.028 173.405 1818.04 1637.55 141.093 9093.11 6861.91 5095.46 392.599 348.207 1766.44 911.648
internal_count=17780 6906 10874 7691 3941 3607 2965 3750 1052 715 139 576 489 102 3183 475 57 337 194 75 1052 948 80 3941 2930 2195 159 139 735 455
is_linear=0
shrinkage=0.04


Tree=66
num_leaves=31
num_cat=0
split_feature=2 2 6 1 6 5 0 0 6 16 16 14 22 8 0 15 18 16 1 18 16 5 5 21 14 2 18 21 11 18
split_gain=47.9771 9.94584 8.66387 8.57432 5.29621 4.70966 5.34422 4.46202 4.02421 3.58436 3.38422 3.2297 3.20654 6.76606 4.36106 4.11765 4.34297 3.85499 6.49113 3.43795 5.06478 3.47543 3.65736 3.32332 3.16751 3.08952 4.32338 3.73875 4.26723 3.81222
threshold=0.34157940210316956 0.1563674563672002 0.5922699004975126 0.22801970677249353 0.62333014421884425 0.028384544208894361 0.34195712431530828 0.76085831920542291 0.71290471785383913 1.9166666666666667 1.2250000000000003 14.733333333333336 7.5000000000000009 1524.7111667272854 0.36870795805374212 5.6333333333333337 15.183333333333335 1.9166666666666667 0.25461846564838636 14.29166666666667 1.6333333333333335 0.030542733602665021 0.032445144890772666 1.6333333333333337 13.29166666666667 0.25996295990091872 6.366666666666668 -1.0833333333333328 0.4288462914679248 8.9166666666666696
decision_type=2 2 2 2 2 2 2 2 2 2 2 2 2 2 2 2 2 2 2 2 2 2 2 2 2 2 2 2 2 2
left_child=1 4 5 -2 -1 6 10 8 9 -6 -3 -11 -5 14 17 16 -15 19 23 20 21 -14 -23 -19 -20 26 -7 -27 -29 -30
right_child=3 2 -4 12 7 25 -8 -9 -10 11 -12 -13 13 15 -16 -17 -18 18 24 -21 -22 22 -24 -25 -26 27 -28 28 29 -31
leaf_value=-0.003947083837084738 0.0033426826312765168 -0.0031382746633686542 0.0018781770758007511 0.00077231144016556375 -0.00081479617712630365 0.009455472675995143 -0.00017537394246594965 -0.0030691453514802573 0.010660469887637391 0.014837297418505825 -0.013446713279682634 -0.00012413472322574513 0.0031014761677031241 0.0040452277352436361 -0.0064085977003492771 8.8679912024644672e-05 0.010415856589678904 0.0068790468244258034 -0.0051306402787868787 -1.9880918639508703e-05 0.0071287351572842904 -0.0097217912253985891 0.00062014011576716271 -0.0026927745999553395 0.0022523473218820328 -0.0059918185632286203 -0.0022247422965916662 -0.0047402516716420085 -0.0050681773753980678 0.00073308038202213126
leaf_weight=2649.1001138687134 3704.0552568435669 179.5583610534668 1861.7830293178558 9715.1537584066391 632.10969281196594 50.15690541267395 8876.4646666049957 843.32762718200684 63.862766146659851 46.833702325820923 70.666667938232422 44.587454199790955 1192.990712761879 444.85821318626404 113.44701957702637 204.48538851737976 279.71561098098755 195.68585562705994 413.03365635871887 761.96216034889221 404.29800391197205 68.009028792381287 263.59587407112122 81.691362619400024 119.27004671096802 190.7489424943924 6181.9981751441956 299.19276833534241 194.99982309341431 2406.1993532180786
leaf_count=1538 920 82 723 3468 331 23 4007 484 32 23 33 22 439 158 41 66 90 57 144 255 140 25 102 24 40 84 3041 134 93 1073
internal_value=5.6762e-05 -0.0010911 -0.000721764 0.00162823 -0.00284335 -0.000984211 -0.000338223 -0.00104901 0.00111578 0.000259766 -0.00609144 0.00761799 0.00118264 0.00205977 0.00127634 0.00510259 0.00651552 0.00152716 -0.000891875 0.00225511 0.00315333 0.00209514 -0.00152374 0.00406047 -0.00347526 -0.00161647 -0.00212924 -0.000582317 -0.00022461 0.000296407
internal_weight=42553.8 24591.6 20311.8 17962.3 4279.82 18450 9126.69 1630.72 787.394 723.531 250.225 91.4212 14258.2 4543.04 3613.98 929.059 724.574 3500.54 809.681 2690.86 1928.89 1524.6 331.605 277.377 532.304 9323.3 6232.16 3091.14 2900.39 2601.2
internal_count=17692 11723 9293 5969 2430 8570 4122 892 408 376 115 45 5049 1581 1267 314 248 1226 265 961 706 566 127 81 184 4448 3064 1384 1300 1166
is_linear=0
shrinkage=0.04


Tree=67
num_leaves=31
num_cat=0
split_feature=2 2 1 18 1 5 5 2 0 5 1 16 1 13 15 8 17 7 18 7 2 3 17 17 5 13 19 1 19 21
split_gain=46.0625 9.60299 8.18628 6.12785 4.85471 5.7841 7.65424 4.54117 3.47399 4.36381 3.45109 5.60631 3.21779 3.18425 3.36326 5.27225 3.16059 3.14627 3.13125 3.06404 3.02974 3.27203 2.92864 4.49826 3.21735 2.88559 4.01266 4.62959 4.72785 3.79421
threshold=0.34157940210316956 0.23104280321486234 0.22801970677249353 12.225000000000001 0.25841332254422628 0.034309992315585965 0.034228630094479413 0.10324922713039077 0.33848052749947016 0.032162152150955199 0.18380918390058934 1.0833333333333337 0.19108974798625902 0.91666666666666685 6.366666666666668 1567.9311475332377 0.70833333333333337 1.0000000180025095e-35 8.8166666666666682 -1.3749999999999998 0.2060977233622053 0.32379445197343165 2.5500000000000003 2.0833333333333335 0.02654487203590206 1.9166666666666667 6.0833333333333348 0.28035909573962409 5.291666666666667 0.45000000000000001
decision_type=2 2 2 2 2 2 2 2 2 2 2 2 2 2 2 2 2 2 2 2 2 2 2 2 2 2 2 2 2 2
left_child=1 3 -2 18 -3 6 8 -5 9 -6 11 -9 -12 14 15 20 -4 -18 -1 -13 21 -14 23 -15 -25 -19 27 -27 29 -29
right_child=2 4 16 7 5 -7 -8 10 -10 -11 12 19 13 22 -16 -17 17 25 -20 -21 -22 -23 -24 24 -26 26 -28 28 -30 -31
leaf_value=-0.0042870003449525778 0.0032652623564091189 0.0021803232371854996 -2.0850114656413384e-05 -0.0042329441089816724 -0.0072861741053837073 -0.0038616532180469486 0.013761439621342518 0.01426691075692962 -0.00029081499388342621 0.0024952063909608807 -0.007419229205261545 -0.0029871543777958628 0.010020959852472399 0.0010838426645565563 0.0049900656234490902 -0.0049597695561481485 0.00038611236143176953 0.0023369960627671153 -0.0021895321512488963 0.0094229489348401467 -0.0031442333600275908 -0.0019741692751435759 0.0095193718674727226 0.0035466044432540464 -0.009165155542656369 0.0027047188846820603 -0.0037418143904932987 -0.0013201998870524631 0.0068896664054321913 -0.010252911413113215
leaf_weight=1394.6913629770279 3716.4574520587921 1119.4935534000397 2900.8361269235611 476.26423799991608 242.2857985496521 797.65366518497467 60.260148167610168 67.556732416152954 10909.144502282143 103.65151941776276 100.24115335941315 111.57610785961151 94.697624444961548 1733.827011346817 96.365182638168335 590.79246711730957 3162.5243250131607 5924.1101222038269 6230.7874360084534 43.384599566459656 112.63377642631531 58.245850443840027 58.213702082633972 42.565257787704468 120.50235736370087 1304.3745293617249 288.04476380348206 511.30947923660278 95.432394504547119 88.471237897872925
leaf_count=763 920 415 1044 270 113 363 28 36 4845 48 52 58 48 829 45 303 1223 2014 3295 22 55 30 27 20 58 416 91 192 35 34
internal_value=5.55672e-05 -0.00107065 0.00159323 -0.00192521 -0.000338715 -0.000571688 -0.000339447 -0.000590908 -0.00041616 -0.00435668 -5.28454e-05 0.00474256 -0.000409035 -0.000164907 -0.00205987 -0.00285807 0.00115772 0.00145827 -0.00257367 0.000525463 0.00181835 0.00546967 0.000759098 0.00048538 -0.00584563 0.00187109 0.000664071 0.0013003 -0.0013348 -0.0026527
internal_weight=42556.4 24564.8 17991.6 11332.3 13232.5 12113 11315.3 3706.87 11255.1 345.937 3230.6 222.517 3008.08 2907.84 952.735 856.37 14275.1 11374.3 7625.48 154.961 265.577 152.943 1955.11 1896.89 163.068 8211.74 2287.63 1999.59 695.213 599.781
internal_count=17692 11723 5969 5911 5812 5397 5034 1853 5006 161 1583 116 1467 1415 481 436 5049 4005 4058 80 133 78 934 907 78 2782 768 677 261 226
is_linear=0
shrinkage=0.04


Tree=68
num_leaves=31
num_cat=0
split_feature=2 1 2 6 6 0 1 2 6 6 16 5 9 23 5 22 0 18 14 23 6 13 3 16 13 9 5 9 14 1
split_gain=44.2824 13.652 5.61145 7.51198 5.13595 4.23813 4.05648 4.07336 3.79724 3.54061 3.44484 3.25962 3.48735 3.17575 4.06723 4.12241 3.84798 3.49701 3.83945 3.43276 4.83521 4.17814 3.1742 3.09345 3.29692 3.74826 3.18147 3.06595 3.03422 3.01358
threshold=0.28061887467132202 0.2605115181795053 0.1563674563672002 0.55598000621568433 0.62333014421884425 0.76085831920542291 0.3474596817265288 0.2917420996778714 0.71290471785383913 0.34665116433211091 1.9166666666666667 0.028446194577562815 1324.3781144241082 4.5000000000000009 0.034309992315585965 3.5000000000000004 0.56376898736077197 16.550000000000004 11.366666666666669 6.5000000000000009 0.57197015591620703 1.4500000000000002 0.35439647116030876 0.81666666666666676 0.91666666666666685 1384.6090689787143 0.0310037369479691 1610.2281989832234 14.733333333333336 0.17311083563382071
decision_type=2 2 2 2 2 2 2 2 2 2 2 2 2 2 2 2 2 2 2 2 2 2 2 2 2 2 2 2 2 2
left_child=2 29 4 9 -1 8 -3 -8 10 -4 -6 12 -11 14 15 -5 -17 18 19 -15 -21 -22 23 26 25 -25 -13 -26 -12 -2
right_child=1 6 3 13 5 -7 7 -9 -10 11 28 22 -14 17 -16 16 -18 -19 -20 20 21 -23 -24 24 27 -27 -28 -29 -30 -31
leaf_value=-0.0038467099823816771 0.0043939988379394388 0.00058577926775732307 -0.0041241946211614342 0.0015151694033040542 -0.00077414171419143971 -0.0029645021395372896 0.0075800312590001261 -0.006208208860169301 0.010338532424310194 -0.010564758855553117 0.014400525316055403 -0.0021862697542909797 -0.00030720489805081535 -0.0034078010810239547 -0.0063680237313848065 0.0053808788222968629 0.018284284513809149 0.0066622051807981491 -0.00087560758610985806 -0.0035193629358714219 0.01704856434156422 0.004250918512781747 -0.00664415964885701 0.0061939326327786516 -0.001790580664114195 -0.0043952985107281106 0.001671417917912044 0.0049500742320026762 -6.8863381368333541e-05 0.0021929687268039313
leaf_weight=2632.4924004077911 1173.893043756485 17082.309378266335 783.02013206481934 158.96680581569672 630.76135754585266 838.09929275512695 39.07745635509491 240.65611791610718 64.554169774055481 52.756538271903992 47.443452477455139 626.92182064056396 3937.3844915628433 73.130545258522034 47.895473480224609 91.688815116882324 62.434063792228699 129.43479323387146 1613.7134480476379 56.504930853843689 73.226949095726013 92.714540243148804 218.36666977405548 55.025025129318237 3014.5686131715775 1249.3052357435226 750.33462011814117 111.03034317493439 44.460163116455078 6566.7077360153198
leaf_count=1538 261 6706 408 66 331 484 20 120 32 26 23 310 1873 31 21 36 28 49 672 25 30 38 117 28 1463 626 374 52 22 1882
internal_value=5.44047e-05 0.00113035 -0.00149281 -0.00108533 -0.00275538 -0.000986504 0.000507433 -0.00426192 0.00112043 -0.00153516 0.000283844 -0.00133236 -0.000445441 0.000938707 0.00439135 0.00605232 0.0106921 0.000325515 -0.000107325 0.00407595 0.00654052 0.00996658 -0.00191951 -0.00174074 -0.0022554 -0.00394417 -8.48988e-05 -0.00154963 0.00747528 0.00252729
internal_weight=42558.9 25102.6 17456.2 13198.4 4257.81 1625.32 17362 279.734 787.219 10798.7 722.665 10015.7 3990.14 2399.71 360.985 313.09 154.123 2038.73 1909.29 295.577 222.446 165.941 6025.55 5807.19 4429.93 1304.33 1377.26 3125.6 91.9036 7740.6
internal_count=17692 8989 8703 6273 2430 892 6846 140 408 5277 376 4869 1899 996 151 130 64 845 796 124 93 68 2970 2853 2169 654 684 1515 45 2143
is_linear=0
shrinkage=0.04


Tree=69
num_leaves=31
num_cat=0
split_feature=2 1 2 6 6 2 5 5 2 6 14 6 10 16 11 9 16 6 9 9 8 1 6 13 15 14 9 1 19 23
split_gain=42.4433 12.2462 7.26067 8.18966 3.9657 4.58538 3.96111 4.80158 3.9227 4.33152 4.18505 5.75019 5.64535 5.49253 4.08481 4.47521 4.0599 4.05196 3.59819 3.58837 4.68343 4.64655 3.56616 3.48636 3.53926 4.97496 5.20799 3.77523 3.47986 3.4707
threshold=0.32553333494407599 0.24898241696460935 0.13104466365609393 0.52759650371776623 0.46930926216640506 0.32872355288785388 0.025807780614349744 0.030933496927754937 0.20882026778739479 0.32534403669724771 8.9166666666666696 0.39629566404916361 61.291974503652462 1.4500000000000002 0.64158401655304953 1608.0306175352082 0.63333333333333341 0.47186682365253801 1363.5744956558262 1739.1748830677841 1388.45684963697 0.24556348524451513 0.39431480643938938 1.9166666666666667 4.0833333333333348 8.7750000000000021 1629.1560165392739 0.30991909906280629 5.7750000000000012 4.5000000000000009
decision_type=2 2 2 2 2 2 2 2 2 2 2 2 2 2 2 2 2 2 2 2 2 2 2 2 2 2 2 2 2 2
left_child=2 6 -1 8 23 -6 -2 19 14 -10 11 12 -11 17 -4 16 18 -13 -16 20 -8 -22 -20 24 25 26 -3 -27 -12 -24
right_child=1 4 3 -5 5 -7 7 -9 9 10 28 13 -14 -15 15 -17 -18 -19 22 -21 21 -23 29 -25 -26 27 -28 -29 -30 -31
leaf_value=-0.0030402131840666208 0.00097680075428055522 -0.00048800611210516009 -0.004736390803985289 0.00045238049368507253 0.0087501008201656735 0.0013037832923574002 0.008003494039193277 0.0023517625962379825 -0.0047239229119267227 0.0030543633371259917 -0.00089004122183835872 0.0038043350896736217 -0.0065654467140133146 0.011489361193550301 -0.0050361873352003286 0.0099778540683637985 -0.002661720898742117 -0.0052497295578553902 -0.0042865884452248405 0.007652314963350686 0.0017359513218852139 0.010292875056268101 0.012861985478418563 -0.0019229624010201028 -0.0013084134583102322 0.0029245954937614561 -0.010220510207422375 0.0002408711786365084 -0.0045461940957674243 0.0027627892262370203
leaf_weight=2753.521509885788 1236.0249562263489 904.26429915428162 949.60772693157196 5573.9664999246597 133.89652323722839 7020.2354686260223 339.90125942230225 2464.8758721351624 467.96320641040802 177.89447391033173 8757.584020614624 425.73530828952789 214.0602251291275 123.38655388355255 110.94700479507446 50.60181200504303 2195.2877298593521 96.159863471984863 82.448553562164307 576.84638476371765 977.72622179985046 112.40465760231018 69.277631282806396 1137.202427148819 1330.1703126430511 1948.264899969101 96.466863632202148 1472.3110795021057 436.40732681751251 245.61070287227631
leaf_count=1603 339 363 502 2395 49 2408 88 622 240 86 4113 197 105 55 60 25 1173 42 45 145 259 33 36 444 521 724 36 625 198 130
internal_value=6.35885e-05 0.00141993 -0.00111495 -0.000849445 0.000784818 0.00144435 0.00298208 0.00353601 -0.00135325 -0.000964697 -0.00079231 0.00161519 -0.00220269 0.00393405 -0.00247511 -0.00169401 -0.00191607 0.00212926 0.0013033 0.00498862 0.00390954 0.00262689 0.00308165 9.97597e-05 0.000499964 0.0010442 -0.00143545 0.00176985 -0.00106406 0.00501837
internal_weight=42481.1 19750.6 22730.5 19976.9 14042.8 7154.13 5707.78 4471.75 14403 10699.2 10231.2 1037.24 391.955 645.282 3703.78 2754.17 2703.57 521.895 508.284 2006.88 1430.03 1090.13 397.337 6888.68 5751.48 4421.31 1000.73 3420.58 9193.99 314.888
internal_count=17661 6656 11005 9402 5170 2457 1486 1147 7007 5036 4796 485 191 294 1971 1469 1444 239 271 525 380 292 211 2713 2269 1748 399 1349 4311 166
is_linear=0
shrinkage=0.04


Tree=70
num_leaves=31
num_cat=0
split_feature=2 6 2 6 17 14 23 15 11 16 6 0 12 21 14 10 8 9 8 16 13 9 22 21 5 0 15 14 18 21
split_gain=40.7596 10.8964 7.01045 7.88198 4.64148 4.93919 6.89417 6.00858 5.49572 4.08486 3.8134 4.64558 6.17479 6.31877 6.07183 4.09928 4.15044 3.63276 3.49137 3.94149 3.36153 3.2767 3.31872 3.3044 4.21352 4.37723 3.26712 4.33268 3.93061 3.27808
threshold=0.32553333494407599 0.46930926216640506 0.13104466365609393 0.52759650371776623 1.3666666666666669 13.583333333333334 8.5000000000000018 3.7083333333333335 0.23588935621103255 3.4166666666666674 0.34665116433211091 0.47141239292023213 1.0833333333333337 0.66666666666666696 13.183333333333335 100.34971682405059 1565.0672168593421 1606.3122751271696 1695.2341159402495 0.81666666666666676 1.9166666666666667 1376.221162739472 5.5000000000000009 -1.0000000180025095e-35 0.029810446631616031 0.49387303602485261 4.0833333333333348 8.7750000000000021 8.6333333333333346 -0.36666666666666664
decision_type=2 2 2 2 2 2 2 2 2 2 2 2 2 2 2 2 2 2 2 2 2 2 2 2 2 2 2 2 2 2
left_child=2 20 -1 10 5 7 -7 8 -3 -9 -4 12 13 14 -12 -13 21 -15 19 -18 26 22 -17 -23 25 -25 27 28 -2 -29
right_child=1 4 3 -5 -6 6 -8 9 -10 -11 11 15 -14 17 -16 16 18 -19 -20 -21 -22 23 -24 24 -26 -27 -28 29 -30 -31
leaf_value=-0.0029890079022194893 0.0078819829645511309 0.0040960049583412921 -0.0035327908597454593 0.00044319374859641292 0.00093732639466943325 -0.000555813318084683 0.0053824481107709408 0.0040083108893299831 0.00076366291259529634 0.012320371118083991 0.00051375253152718774 -0.0035139303955484171 -0.0015495014311218043 -0.00288838071180935 0.0054101582219583874 -0.0082355866295068837 0.00038772779177397341 -0.014812319515453747 0.002290591743239138 -0.004323231238999076 -0.0018563338780181102 0.0017803796849484629 -0.0007885458236124007 0.012534042259827381 -0.0070345830799513689 -0.0020521192617188083 -0.0012282811305261287 0.0046298991853345522 -0.0019470697177003781 0.0011813295119081626
leaf_weight=2745.1629376411438 68.916589379310608 1201.8616263866425 1153.8772759437561 5576.4886271953583 3924.8155829906464 1433.6612267494202 399.0601794719696 3423.1291756629944 2319.2447853088379 96.560420036315918 2740.2971460819244 1891.4063754081726 3986.1256608963013 202.82073783874512 474.59023892879486 134.86920475959778 367.3675811290741 50.446969389915466 203.92293047904968 1251.2288821935654 1150.7617137432098 1264.0215660333633 325.07638335227966 44.061052918434143 172.0371036529541 121.38659083843231 1335.1786059141159 517.5033266544342 946.73045682907104 2961.253675699234
leaf_count=1603 28 305 596 2395 1268 452 122 1022 723 23 1265 956 1850 94 214 70 194 24 103 658 449 642 168 21 90 62 523 203 376 1162
internal_value=6.22689e-05 0.00138971 -0.00109408 -0.000833333 0.00208303 0.00258962 0.000739425 0.00307106 0.00190193 0.00423978 -0.00132824 -0.00113571 -0.000475831 0.000758284 0.00123803 -0.00198718 -0.00124298 -0.00531236 -0.00263307 -0.00325442 0.000118393 -1.33185e-05 -0.00298536 0.000841569 -0.00266954 0.00188435 0.000508456 0.00102456 -0.00127302 0.00169553
internal_weight=42483.9 19778.7 22705.2 19960 12798.3 8873.52 1832.72 7040.8 3521.11 3519.69 14383.5 13229.7 7454.28 3468.16 3214.89 5775.38 3883.97 253.268 1822.52 1618.6 6980.34 2061.45 459.946 1601.51 337.485 165.448 5829.58 4494.4 1015.65 3478.76
internal_count=17661 6656 11005 9402 3915 2647 574 2073 1028 1045 7007 6411 3447 1597 1479 2964 2008 118 955 852 2741 1053 238 815 173 83 2292 1769 404 1365
is_linear=0
shrinkage=0.04


Tree=71
num_leaves=31
num_cat=0
split_feature=2 6 2 6 17 2 6 11 9 16 9 6 13 15 11 10 21 16 9 13 20 6 6 18 20 13 15 5 0 9
split_gain=39.1443 10.43 6.76803 7.58602 4.43367 3.69782 4.09833 3.88479 4.22163 3.84562 3.40453 3.39277 3.23345 3.13776 3.07051 4.61375 4.64772 4.78858 3.66115 3.64127 5.51994 5.02513 4.40916 3.61057 4.18537 4.19735 4.64998 3.59093 3.98758 3.35404
threshold=0.32553333494407599 0.46930926216640506 0.13104466365609393 0.52759650371776623 1.3666666666666669 0.20882026778739479 0.32534403669724771 0.64158401655304953 1608.0306175352082 0.63333333333333341 1363.5744956558262 0.36320059839210678 1.9166666666666667 4.0833333333333348 0.71405317137566571 109.74198136877068 -1.1833333333333329 0.45000000000000007 1535.1392878038828 1.7750000000000001 -0.70833333333333337 0.38847972222055355 0.50320681836158954 9.3666666666666689 -0.49999999999999989 1.9166666666666667 3.4500000000000006 0.02885847368609085 0.4771957296582876 1384.6090689787143
decision_type=2 2 2 2 2 2 2 2 2 2 2 2 2 2 2 2 2 2 2 2 2 2 2 2 2 2 2 2 2 2
left_child=2 12 -1 5 -3 7 -7 -4 9 10 -9 -12 13 -2 15 23 -17 -18 19 20 -19 -22 29 24 25 -8 -27 28 -16 -23
right_child=1 4 3 -5 -6 6 14 8 -10 -11 11 -13 -14 -15 27 16 17 18 -20 -21 21 22 -24 -25 -26 26 -28 -29 -30 -31
leaf_value=-0.0029385131672317673 0.0010031793289915043 0.0025315650003066175 -0.0046114661548569986 0.00043419760500332889 0.00091784339460291068 -0.004598672830083507 -0.0027548907136102762 -0.0049205617769398904 0.0096352813640933083 -0.0025810116520908638 -0.0072456581422526076 0.0043145897536540105 -0.0018229047960551725 -0.0012053950095924327 -0.0026789142036971131 -0.0050782746025110183 0.014505871954848039 0.014900225990228042 -0.0039468491073324551 -0.0031977277709806986 -0.0029854068292192149 0.014250332223352763 -0.0035843001920198968 -0.00057270740906941581 -0.0052588969184943725 0.013429441342156113 -0.00041467602818044599 -0.0050723511015022997 0.0043572041219892077 0.0039765276966238806
leaf_weight=2736.9698663949966 4499.0096690654755 8896.5247533321381 941.82155275344849 5578.9606368541718 3928.4961335659027 464.11527454853058 376.58163058757782 110.08077645301819 51.201071500778198 2185.0310078859329 44.956151366233826 353.86238396167755 1148.6275024414062 1333.5396378040314 437.75959968566895 165.374063372612 46.131136536598206 58.253389954566956 171.13913750648499 173.00206160545349 225.3219701051712 53.519474744796753 118.16273021697998 6085.8623012304306 616.60785913467407 62.072497248649597 100.79907810688019 541.21014773845673 181.48352384567261 800.17079186439514
leaf_count=1603 1769 2647 502 2395 1268 240 179 60 25 1173 25 186 449 523 205 77 22 27 80 79 112 25 51 2838 299 28 47 263 87 377
internal_value=6.09637e-05 0.00136018 -0.00107361 -0.000817548 0.00203737 -0.0013037 -0.000926427 -0.00239576 -0.00163418 -0.00185187 0.00127775 0.00299662 0.000116011 0.000498096 -0.00075912 -0.000510651 0.00129458 0.00193767 0.00156637 0.00222921 0.00297901 0.00238698 0.00363435 -0.000962223 -0.00301049 -0.000435526 0.00491125 -0.00269538 -0.000613117 0.00463653
internal_weight=42486.6 19806.2 22680.5 19943.5 12825 14364.5 10677.6 3686.95 2745.13 2693.93 508.899 398.819 6981.18 5832.55 10213.5 9053 1811.07 1645.7 1599.57 1428.43 1255.43 1197.17 971.853 7241.92 1156.06 539.453 162.872 1160.45 619.243 853.69
internal_count=17661 6656 11005 9402 3915 7007 5036 1971 1469 1444 271 211 2741 2292 4796 4241 850 773 751 671 592 565 453 3391 553 254 75 555 292 402
is_linear=0
shrinkage=0.04


Tree=72
num_leaves=31
num_cat=0
split_feature=2 2 6 2 6 18 18 6 10 5 22 5 5 18 21 16 0 18 0 18 0 18 21 20 11 6 18 2 12 1
split_gain=36.8627 10.1411 10.1914 5.29108 5.21343 4.58941 4.12453 3.72458 3.56386 3.55152 3.45623 3.6196 3.34974 3.24956 3.1694 3.23136 4.70968 4.90013 4.44033 4.12258 3.70617 3.1901 2.97553 2.97127 4.95826 4.24713 4.2651 2.97486 2.87103 2.88783
threshold=0.37510434761311101 0.1336136742054834 0.5566861408633561 0.28182566247701452 0.43164513151822803 5.0833333333333348 8.6333333333333346 0.37318766591790897 108.41009493249193 0.036105442949968987 6.5000000000000009 0.027893322114801004 0.03287111723057002 14.91666666666667 1.0000000180025095e-35 2.2916666666666674 0.29516110568426757 17.183333333333337 0.25382979649823417 16.916666666666668 0.30954563692469605 22.583333333333339 1.4500000000000004 -0.16666666666666655 0.53225397051419387 0.56250040673421708 15.450000000000001 0.62882868179027218 0.63333333333333341 0.33796931152173543
decision_type=2 2 2 2 2 2 2 2 2 2 2 2 2 2 2 2 2 2 2 2 2 2 2 2 2 2 2 2 2 2
left_child=1 -1 3 5 -2 -3 -7 28 -5 -4 11 -10 -13 -6 -15 16 17 19 -19 23 -18 -17 -9 25 -25 -16 -27 -28 29 -8
right_child=4 2 9 8 13 6 7 22 10 -11 -12 12 -14 14 15 21 20 18 -20 -21 -22 -23 -24 24 -26 26 27 -29 -30 -31
leaf_value=-0.0032120559823388068 -0.00024767264710715074 0.011967777767875344 0.001343757615818425 -0.00063712621673091437 0.0012741916008958158 -0.0039036428246535903 0.0040942364371988815 -0.0010341353548006778 0.0019780149684819836 -0.0031020092510474456 0.0036495955272027526 -0.0097338323770889863 0.0017388118996491037 -0.00010885944205367194 0.0013110238818710707 0.001516634039603055 -0.0068295337382403148 0.0032887231187381984 -0.006517076689220567 0.013975698405940529 0.0022707876276919555 0.0077133600227733932 -0.006802303046979933 0.010459260932779714 -0.0010869574858528709 0.014871597330338446 0.0096444030656682427 0.00039920662566542836 -0.004023966232047229 -0.0078859358888868861
leaf_weight=2868.427751660347 2277.7753385305405 38.57952606678009 4136.2735903263092 7548.0328109264374 7153.0684111118317 1195.7505930662155 140.07659161090851 8928.7037347555161 267.2912335395813 308.03519332408905 653.10021650791168 107.57937157154083 64.727649331092834 621.6343686580658 400.4210057258606 2237.5294666290283 98.729594707489014 718.58215594291687 81.409394025802612 102.42657804489136 252.8995521068573 140.41841459274292 144.4595775604248 326.80300569534302 72.489028453826904 89.394776344299316 99.985565662384033 124.34724378585815 1232.6203892230988 40.733617424964905
leaf_count=1682 888 17 1668 3236 2269 621 73 4389 114 136 274 47 28 195 125 595 34 191 26 29 85 34 67 96 22 23 27 29 645 21
internal_value=-9.90013e-05 -0.000960704 -0.00070025 -0.00107903 0.00151247 -0.00163263 -0.00167856 -0.0014245 -0.000327991 0.00103499 0.00180606 -0.000934914 -0.00543893 0.00183269 0.00257666 0.0029284 0.00397452 0.0047193 0.00228397 0.00631846 -0.0002965 0.00188564 -0.00112671 0.00560216 0.00836564 0.00404751 0.00752492 0.00454432 -0.00333389 0.00136677
internal_weight=42472.3 27674.4 24806 20361.7 14797.9 11720.9 11682.3 10486.6 8640.73 4444.31 1092.7 439.598 172.307 12520.1 5367.07 4745.44 2367.49 2015.86 799.992 1215.87 351.629 2377.95 9073.16 1113.44 399.292 714.149 313.728 224.333 1413.43 180.81
internal_count=17686 13018 11336 9532 4668 5833 5816 5195 3699 1804 463 189 75 3780 1511 1316 687 568 217 351 119 629 4456 322 118 204 79 56 739 94
is_linear=0
shrinkage=0.04


Tree=73
num_leaves=31
num_cat=0
split_feature=2 2 6 2 6 18 18 19 6 10 19 15 11 6 1 15 10 5 9 5 10 15 9 9 20 18 19 21 5 15
split_gain=35.398 9.79043 9.798 5.0987 4.99282 4.37502 3.99061 3.85256 3.59995 3.42017 4.17197 3.50109 3.66286 5.18033 3.64418 4.41617 3.50175 3.41474 3.29285 5.20994 3.61595 3.95239 3.22909 3.22206 3.1115 3.10399 3.79916 4.50407 4.20926 3.07178
threshold=0.37510434761311101 0.1336136742054834 0.5566861408633561 0.28182566247701452 0.43164513151822803 5.0833333333333348 8.6333333333333346 4.8166666666666673 0.37318766591790897 108.41009493249193 2.4500000000000006 3.0833333333333335 0.67086665346370744 0.43781685831159212 0.29656368651992276 4.0833333333333348 113.77988704864164 0.036105442949968987 1527.7246326700647 0.027893322114801004 -32.099033635628409 2.9166666666666674 1575.1029472166731 1497.8703041414326 -1.0833333333333328 14.91666666666667 5.7750000000000012 -0.16666666666666655 0.036259434283743126 3.6333333333333337
decision_type=2 2 2 2 2 2 2 2 2 2 2 2 2 2 2 2 2 2 2 2 2 2 2 2 2 2 2 2 2 2
left_child=1 -1 3 5 7 -3 -7 18 -8 -5 -11 -12 14 -14 16 -16 -13 -4 23 20 21 -20 -9 -2 -21 -6 27 -27 -29 -25
right_child=4 2 17 9 25 6 8 22 -10 10 11 12 13 -15 15 -17 -18 -19 19 24 -22 -23 -24 29 -26 26 -28 28 -30 -31
leaf_value=-0.0031585036578293826 0.00079946541844890103 0.011598556017304371 0.0013152863297699277 -0.00062487436509539823 0.0012472791565192223 -0.0038412722009756885 -0.0032788349118563543 0.00074264526384996022 -0.0011056118101100902 -0.0099666377157568518 0.0069517288339555217 -0.0072200723399691588 -0.005948886830832353 0.0020243720436095617 0.0041306277489757317 0.019718764300944241 0.0059848984733684007 -0.0030501034984660347 -0.0020380995725932951 0.0068853869652028589 0.013278446914434897 0.0070215805970404652 -0.0052917854739745265 -0.0075479983913776614 -0.0015023138512874426 -0.00085683997615661114 0.0017660979651647848 0.0042877294183041002 0.012797090121238964 0.0017177656809034179
leaf_weight=2859.2289816141129 431.65336060523987 39.044011235237122 4141.835480093956 7543.2252932786942 7162.1886048316956 1191.0919088125229 1408.7352647781372 229.02281904220581 9062.9552735090256 45.465987920761108 205.59460389614105 54.354315042495728 193.03201627731323 396.47574830055237 78.180639863014221 45.987396597862244 75.595466613769531 307.08114671707153 119.04633402824402 81.989273309707642 79.256916046142578 215.47256779670715 370.9463529586792 188.99470722675323 479.35598254203796 258.90291094779968 3585.7600827217102 1437.4356687068939 98.810571193695068 81.472951173782349
leaf_count=1682 168 17 1668 3236 2269 621 739 90 4456 20 87 22 87 162 35 20 30 136 46 32 31 82 143 76 188 83 970 431 27 32
internal_value=-9.70872e-05 -0.000942581 -0.00068687 -0.00105879 0.00148017 -0.00160288 -0.00164806 -0.000242816 -0.00139826 -0.000321614 0.00176674 0.00228419 0.00113982 -0.000592093 0.00514411 0.0100153 0.000448675 0.00101335 0.0007414 0.00224436 0.00564401 0.00380102 -0.00299089 -0.00134617 -0.000267153 0.00179298 0.00251895 0.00402094 0.00484302 -0.00476083
internal_weight=42468.2 27647.9 24788.7 20339.7 14820.3 11701.8 11662.8 2277.21 10471.7 8637.91 1094.69 1049.22 843.626 589.508 254.118 124.168 129.95 4448.92 1677.24 975.121 413.776 334.519 599.969 702.121 561.345 12543.1 5380.91 1795.15 1536.25 270.468
internal_count=17686 13018 11336 9532 4668 5833 5816 888 5195 3699 463 443 356 249 107 55 52 1804 655 379 159 128 233 276 220 3780 1511 541 458 108
is_linear=0
shrinkage=0.04


Tree=74
num_leaves=31
num_cat=0
split_feature=2 2 18 1 17 22 5 18 8 11 13 1 5 19 1 3 3 18 18 19 17 13 16 14 13 14 12 19 11 2
split_gain=33.9909 9.45116 8.1378 4.64195 5.55374 4.5187 3.83889 5.18088 3.55605 3.362 3.15311 3.11032 3.19711 3.09546 3.03852 5.13862 3.012 3.81897 2.89152 2.83941 3.58289 3.23022 4.52256 2.93274 3.28866 2.82024 4.33298 3.0752 4.79223 5.54486
threshold=0.37510434761311101 0.1336136742054834 11.91666666666667 0.28785215060326924 1.9166666666666667 6.5000000000000009 0.027562969555923304 6.1833333333333345 1578.236115650988 0.51103627328292189 2.6333333333333337 0.30522824364752738 0.026666094413297595 4.7083333333333348 0.21014410494324859 0.60558284739837032 -0.4276692003991977 10.29166666666667 10.633333333333335 5.4500000000000011 1.2916666666666667 2.183333333333334 1.0833333333333337 8.9166666666666696 1.0833333333333337 9.0833333333333339 0.91666666666666685 5.7750000000000012 0.48302544836588018 0.2689341459734812
decision_type=2 2 2 2 2 2 2 2 2 2 2 2 2 2 2 2 2 2 2 2 2 2 2 2 2 2 2 2 2 2
left_child=1 -1 6 8 -5 14 11 -8 -2 -6 -9 12 19 16 15 -4 17 -13 -19 20 23 -22 -23 -3 -25 26 -7 -27 -29 -30
right_child=3 2 5 4 9 25 7 10 -10 -11 -12 13 -14 -15 -16 -17 -18 18 -20 -21 21 22 -24 24 -26 27 -28 28 29 -31
leaf_value=-0.003105676263640627 0.001644354953065987 0.0038215921419618407 0.015029822871179965 -0.00017187794623119837 0.015208099835922423 -0.00049026783107755266 0.0092298322346899102 -0.0018648064731037076 0.0044532018027258254 0.0023394208964038067 -0.0079387779277386335 -0.0029470144323626608 0.0025925155415364742 -0.01029267888273459 -0.0010523870078560345 -0.0016280341989138047 -0.0046812656895052285 0.0080407335553194029 0.00047979192336442103 0.007268204120265017 -0.00025783621504378091 -8.0054105349662265e-06 0.012306928182009496 1.1542448762842166e-05 -0.0057776629860209466 0.00092350569538242279 0.0074116897531689395 -0.0069180009060087026 -0.003488486807644361 0.0024324089710735736
leaf_weight=2850.2123425006866 10663.978022575378 91.035593271255493 50.008839249610901 3274.512348651886 58.873763561248779 204.43198013305664 65.677452087402344 8120.7326472997665 772.95082402229309 71.957509517669678 138.19617176055908 482.54641234874725 712.3912980556488 67.945959091186523 4497.4184941053391 70.282504320144653 366.52796721458435 101.48883640766144 385.36310029029846 73.446852207183838 1540.3912605047226 112.81602191925049 81.680611610412598 239.49682319164276 454.77010643482208 5447.612643122673 241.70719242095947 201.37776565551758 452.12349808216095 572.19545757770538
leaf_count=1682 3128 41 22 1269 22 90 30 3964 222 27 60 218 310 31 1992 35 183 45 172 30 708 49 33 115 209 2400 108 80 193 218
internal_value=-9.52056e-05 -0.000924768 -0.000673718 0.00144859 0.000152144 9.03026e-05 -0.00136165 -0.00187795 0.00183456 0.00820173 -0.00196739 -0.000448895 0.000221042 -0.00202559 -0.000884116 0.00536397 -0.00159774 -0.000428235 0.00206919 -0.000431076 -0.000658253 0.000356709 0.00520026 -0.00289811 -0.00378345 0.00072235 0.00379782 0.000516204 -0.00129333 -0.000181865
internal_weight=42464.2 27621.9 24771.7 14842.3 3405.34 11737.2 13034.5 8324.61 11436.9 130.831 8258.93 4709.9 3306.03 1403.87 4617.71 120.291 1335.93 969.398 486.852 2593.64 2520.19 1734.89 194.497 785.303 694.267 7119.45 446.139 6673.31 1225.7 1024.32
internal_count=17686 13018 11336 4668 1318 5138 6198 4054 3350 49 4024 2144 1495 649 2049 57 618 435 217 1185 1155 790 82 365 324 3089 198 2891 491 411
is_linear=0
shrinkage=0.04


Tree=75
num_leaves=31
num_cat=0
split_feature=4 4 6 6 18 9 13 8 17 1 18 13 16 1 16 6 6 1 10 10 15 12 17 8 17 1 10 4 17 6
split_gain=37.332 10.2315 8.33377 6.59475 4.9743 6.51398 3.83324 3.95979 3.77408 3.57441 3.42447 3.41035 3.39764 3.86966 5.92776 4.11844 4.58656 3.76734 3.57116 3.94077 3.447 3.40278 4.0892 3.37332 3.36438 3.34247 3.48499 3.29673 4.22429 3.48148
threshold=-0.62497867051223288 -1.8265615987810795 0.45140633176347467 0.65053304785163879 11.91666666666667 1498.4040571340768 2.2916666666666674 1448.9371057716792 1.9166666666666667 0.3474596817265288 5.916666666666667 0.91666666666666685 1.3666666666666669 0.29270990181775614 1.6333333333333335 0.45652145473574052 0.59022613065326646 0.29738341353786496 -7.7700687722521016 272.78991162269023 2.2250000000000005 1.2916666666666667 2.0833333333333335 1565.0672168593421 1.4500000000000002 0.28752485647492193 118.36454071545519 -1.2997512339946802 0.77500000000000013 0.4067158406712747
decision_type=2 2 2 2 2 2 2 2 2 2 2 2 2 2 2 2 2 2 2 2 2 2 2 2 2 2 2 2 2 2
left_child=1 -1 4 -2 5 10 -5 -8 11 27 -3 -6 20 15 -15 -14 23 -16 -18 -20 -4 22 -22 -17 -19 26 -12 28 29 -7
right_child=3 2 12 6 8 9 7 -9 -10 -11 25 -13 13 14 17 16 18 24 19 -21 21 -23 -24 -25 -26 -27 -28 -29 -30 -31
leaf_value=-0.0031309566449825971 0.0012047059214755457 0.0090219414857922627 -0.0080377034461948608 0.0050901269583289947 -0.0018534412743310311 -0.0072492288482765496 0.0026985899035846979 -0.0072690300802068343 -0.0052849569671363297 -0.010595521042321969 -0.0069984234822006207 0.00092734811245172289 0.010226860174676443 0.011291231763627032 0.0063455983861416335 0.00064892797475528743 -0.0038943234894565568 0.0009720289866618862 0.0034856140851848663 -0.00759828368582827 0.0014553740447847835 -0.0011373984596814036 -0.0021336512868596683 -0.001994170581324982 -0.011453423606975346 -0.00085963102610886011 -0.001791217465096437 -0.0028470863432796946 -0.010185013380873123 0.0066897010161131136
leaf_weight=3069.6708525419235 15929.225110292435 49.539918422698975 95.388592481613159 1150.7349650859833 1041.7481305599213 60.824328422546387 262.26845479011536 83.153665781021118 228.09583854675293 126.30656814575195 314.5745804309845 2181.693793296814 67.456124067306519 137.01677227020264 127.95806980133057 1788.1602389812469 133.00034618377686 115.1416928768158 1149.363322019577 52.799959063529968 2230.8279765844345 4287.1450701951981 656.64357757568359 1358.8710017204285 48.924373388290405 3281.4974701404572 593.27554929256439 1516.3583102226257 236.62850165367126 52.472577810287476
leaf_count=1814 5324 22 42 268 510 34 57 20 110 67 167 1031 33 58 54 761 48 49 442 23 1018 1961 300 601 21 1598 319 733 130 28
internal_value=2.21474e-05 -0.000968419 -0.000665611 0.00144335 -0.00154251 -0.00221716 0.00398169 0.000285022 -0.000324201 -0.00410297 -0.00132993 2.83598e-05 2.76807e-05 0.00083262 0.00445954 0.00048969 0.000340899 0.00122653 0.00230443 0.00299289 -0.000523602 -0.000422593 0.000638733 -0.000492619 -0.00278017 -0.00145447 -0.00360126 -0.00365813 -0.00715455 -0.000791475
internal_weight=42426.8 25001.4 21931.7 17425.4 9683.02 6231.48 1496.16 345.422 3451.54 1992.59 4238.89 3223.44 12248.7 4978.69 429.041 4549.65 4482.19 292.024 1335.16 1202.16 7270.01 7174.62 2887.47 3147.03 164.066 4189.35 907.85 1866.28 349.925 113.297
internal_count=17643 11974 10160 5669 4749 3098 345 77 1651 992 2106 1541 5411 2090 182 1908 1875 124 513 465 3321 3279 1318 1362 70 2084 486 925 192 62
is_linear=0
shrinkage=0.04


Tree=76
num_leaves=31
num_cat=0
split_feature=2 2 6 6 18 9 13 17 1 13 18 6 3 21 23 10 15 10 19 1 10 2 17 6 0 0 1 9 15 18
split_gain=35.8481 9.87606 8.02432 6.2924 4.79885 6.3077 3.64869 3.64683 3.49927 3.27932 3.27158 3.2642 5.43536 3.78453 4.9784 4.09653 4.3163 4.06604 3.56029 3.23085 3.3906 3.21225 4.13328 3.35147 3.13764 3.93866 3.05016 2.96678 3.08769 3.02538
threshold=0.34864997919286328 0.13864839685674724 0.45140633176347467 0.65053304785163879 11.91666666666667 1498.4040571340768 2.2916666666666674 1.9166666666666667 0.3474596817265288 0.91666666666666685 5.916666666666667 0.5922699004975126 0.14627333211898405 -0.49999999999999989 4.5000000000000009 291.11938502310142 5.291666666666667 16.61800403289465 2.0833333333333335 0.28752485647492193 118.36454071545519 0.21420688685489608 0.77500000000000013 0.4067158406712747 0.45796725449214998 0.4656512553891517 0.30991909906280629 1629.1560165392739 2.9166666666666674 13.450000000000001
decision_type=2 2 2 2 2 2 2 2 2 2 2 2 2 2 2 2 2 2 2 2 2 2 2 2 2 2 2 2 2 2
left_child=1 -1 4 26 5 10 -5 9 21 -6 -3 12 18 14 -13 16 -16 -15 -4 20 -12 22 23 -7 -19 -26 -2 28 -28 -30
right_child=3 2 11 6 7 8 -8 -9 -10 -11 19 13 -14 17 15 -17 -18 24 -20 -21 -22 -23 -24 -25 25 -27 27 -29 29 -31
leaf_value=-0.0030785031144138775 0.0013791614906022737 0.0087675994709264481 -0.0086843268130339154 0.0049635424568935122 -0.0018200620123540218 -0.0071589486578089983 0.00027883269667176326 -0.0052080454119576873 -0.010497584507126628 0.00090808556982492606 -0.0069083613313370255 0.0073146084321628136 -0.0017534997448637086 -0.0024522917498381556 -0.00039196541474148479 0.0078844163238360986 -0.0075456411457541853 0.0075941345890576046 0.00039638669812354984 -0.00084329275756837364 -0.0017588719180423374 -0.0027986024206819869 -0.010086356246275281 0.0065159505713151449 -0.0089836141219441987 0.0029990113748914909 -0.002194392155175163 -0.0050443558066080594 0.0028263363849739625 -0.0017891927948100669
leaf_weight=3060.0748707056046 14107.453542947769 49.988886833190918 68.760932087898254 1156.6072826385498 1039.8190982341766 60.384993433952332 345.52857542037964 226.89354300498962 124.9753497838974 2183.7179281711578 312.38073992729187 98.339958548545837 2860.4088377952576 220.68954825401306 322.54367280006409 55.936470508575439 231.17377746105194 234.2673192024231 7109.6265451908112 3278.6778093576431 592.21381509304047 1512.0472468137741 234.23066866397858 52.824780821800232 44.944181203842163 1002.3872128725052 566.08654165267944 191.98552942276001 759.68993782997131 323.21114778518677
leaf_count=1814 4554 22 31 268 510 34 77 110 67 1031 167 41 1461 79 133 26 97 77 3038 1598 319 733 130 28 16 412 240 80 316 134
internal_value=2.16295e-05 -0.000950207 -0.000652928 0.00141261 -0.00151436 -0.00217813 0.00388685 -0.000317933 -0.00403846 2.77731e-05 -0.00130531 2.70616e-05 -0.000279363 0.0014183 -0.000991792 -0.00234144 -0.0033868 0.00255402 0.000308206 -0.00142774 -0.00354279 -0.00359893 -0.00706391 -0.000776925 0.00341734 0.00247672 0.00117934 -0.000351801 0.000197262 0.00144837
internal_weight=42427.9 24977.3 21917.2 17450.6 9668.15 6217.72 1502.14 3450.43 1984.46 3223.54 4233.26 12249.1 10038.8 2210.28 707.994 609.654 553.717 1502.29 7178.39 4183.27 904.595 1859.49 347.44 113.21 1281.6 1047.33 15948.4 1840.97 1648.99 1082.9
internal_count=17643 11974 10160 5669 4749 3098 345 1651 992 1541 2106 5411 4530 881 297 256 230 584 3069 2084 486 925 192 62 505 428 5324 770 690 450
is_linear=0
shrinkage=0.04


end of trees

feature_importances:
market_total_over_2_5=346
market_p_away=314
market_p_draw=233
market_overround=128
form_away_shots_n=120
elo_home=106
elo_away=98
form_home_shots_n=91
form_away_shots_on_target_n=85
form_away_goal_diff_n=76
form_home_goals_against_n=69
form_home_goal_diff_n=66
market_logit_away=65
form_home_rest_days=65
form_home_shots_on_target_n=63
form_away_goals_for_n=63
market_p_home=58
form_away_goals_against_n=55
elo_diff=54
form_home_goals_for_n=48
elo_p_home=41
form_away_rest_days=40
market_logit_home=16
market_handicap_line=10

parameters:
[boosting: gbdt]
[objective: poisson]
[metric: poisson]
[tree_learner: serial]
[device_type: cpu]
[data_sample_strategy: bagging]
[data: ]
[valid: ]
[num_iterations: 500]
[learning_rate: 0.04]
[num_leaves: 31]
[num_threads: 0]
[seed: 42]
[deterministic: 0]
[force_col_wise: 0]
[force_row_wise: 0]
[histogram_pool_size: -1]
[max_depth: -1]
[min_data_in_leaf: 20]
[min_sum_hessian_in_leaf: 0.001]
[bagging_fraction: 0.85]
[pos_bagging_fraction: 1]
[neg_bagging_fraction: 1]
[bagging_freq: 3]
[bagging_seed: 400]
[bagging_by_query: 0]
[feature_fraction: 0.85]
[feature_fraction_bynode: 1]
[feature_fraction_seed: 30056]
[extra_trees: 0]
[extra_seed: 12879]
[early_stopping_round: 0]
[early_stopping_min_delta: 0]
[first_metric_only: 0]
[max_delta_step: 0]
[lambda_l1: 0]
[lambda_l2: 1]
[linear_lambda: 0]
[min_gain_to_split: 0]
[drop_rate: 0.1]
[max_drop: 50]
[skip_drop: 0.5]
[xgboost_dart_mode: 0]
[uniform_drop: 0]
[drop_seed: 17869]
[top_rate: 0.2]
[other_rate: 0.1]
[min_data_per_group: 100]
[max_cat_threshold: 32]
[cat_l2: 10]
[cat_smooth: 10]
[max_cat_to_onehot: 4]
[top_k: 20]
[monotone_constraints: ]
[monotone_constraints_method: basic]
[monotone_penalty: 0]
[feature_contri: ]
[forcedsplits_filename: ]
[refit_decay_rate: 0.9]
[cegb_tradeoff: 1]
[cegb_penalty_split: 0]
[cegb_penalty_feature_lazy: ]
[cegb_penalty_feature_coupled: ]
[path_smooth: 0]
[interaction_constraints: ]
[verbosity: -1]
[saved_feature_importance_type: 0]
[use_quantized_grad: 0]
[num_grad_quant_bins: 4]
[quant_train_renew_leaf: 0]
[stochastic_rounding: 1]
[linear_tree: 0]
[max_bin: 255]
[max_bin_by_feature: ]
[min_data_in_bin: 3]
[bin_construct_sample_cnt: 200000]
[data_random_seed: 175]
[is_enable_sparse: 1]
[enable_bundle: 1]
[use_missing: 1]
[zero_as_missing: 0]
[feature_pre_filter: 1]
[pre_partition: 0]
[two_round: 0]
[header: 0]
[label_column: ]
[weight_column: ]
[group_column: ]
[ignore_column: ]
[categorical_feature: ]
[forcedbins_filename: ]
[precise_float_parser: 0]
[parser_config_file: ]
[objective_seed: 16083]
[num_class: 1]
[is_unbalance: 0]
[scale_pos_weight: 1]
[sigmoid: 1]
[boost_from_average: 1]
[reg_sqrt: 0]
[alpha: 0.9]
[fair_c: 1]
[poisson_max_delta_step: 0.7]
[tweedie_variance_power: 1.5]
[lambdarank_truncation_level: 30]
[lambdarank_norm: 1]
[label_gain: ]
[lambdarank_position_bias_regularization: 0]
[eval_at: ]
[multi_error_top_k: 1]
[auc_mu_weights: ]
[num_machines: 1]
[local_listen_port: 12400]
[time_out: 120]
[machine_list_filename: ]
[machines: ]
[gpu_platform_id: -1]
[gpu_device_id: -1]
[gpu_use_dp: 0]
[num_gpu: 1]

end of parameters

pandas_categorical:null
