tree
version=v4
num_class=1
num_tree_per_iteration=1
label_index=0
max_feature_idx=23
objective=poisson
feature_names=market_p_home market_p_draw market_p_away market_logit_home market_logit_away market_overround market_total_over_2_5 market_handicap_line elo_home elo_away elo_diff elo_p_home form_home_goals_for_n form_home_goals_against_n form_home_shots_n form_home_shots_on_target_n form_away_goals_for_n form_away_goals_against_n form_away_shots_n form_away_shots_on_target_n form_home_goal_diff_n form_away_goal_diff_n form_home_rest_days form_away_rest_days
feature_infos=[0.019655028009249426:0.93928570087559327] [0.037745638675062483:0.41575584576930469] [0.019502015156060468:0.93611888302876189] [-3.9095713380410091:2.7389404529720562] [-3.9175427888343957:2.6847186715403666] [0.00053066333886131467:0.071858159784332409] [0.22522522522522523:0.87028301886792458] [-3.5:3.25] [1230.3958018723185:1971.0565727343442] [1225.5426978927774:1967.3359290112776] [-541.91229283795519:716.58977851858435] [0.042310111513262819:0.98409395820819068] [0:6] [0:8] [1:28.166666666666668] [0:11.333333333333334] [0:8] [0:5.5] [1:27.833333333333332] [0:12] [-8:5.5] [-5:8] [2:1195] [2:1175]
tree_sizes=3314 3450 3448 3441 3465 3436 3473 3458 3480 3462 3460 3476 3481 3467 3456 3487 3464 3475 3457 3460 3471 3459 3485 3489 3476 3468 3477 3484 3466 3484 3484 3495 3471 3476 3468 3469 3478 3483 3477 3485 3482 3497 3481 3473 3482 3484 3484 3507 3492 3482 3475 3489 3456 3495 3490 3499 3506 3479 3479 3478 3461 3467 3484 3490 3483 3505 3466 3486 3478 3470 3495 3485 3492 3491 3475 3477 3457 3461 3486 3491 3475 3508 3491 3477 3483 3473 3484 3472 3481 3477 3468 3498 3483 3472 3486 3472 3451 3495 3468 3484 3466 3491 3483 3484 3486 3476 3490 3480 3494 3487 3472 3471 3474 3484 3470 3444 3447 3467 3470 3473 3486 3475 3454 3458 3471 3506 3493 3495 3477 3480 3471 3472 3487 3477 3489 3473 3467 3482 3469 3467 3474 3483 3476 3462 3468 3469 3474 3453 3474 3482 3499 3501 3473 3466 3481 3466 3475 3472 3496 3473 3479 3470 3463 3501 3479 3507 3480 3487 3474 3486 3479 3464 3466 3479 3459 3462 3458 3481 3471 3474 3505 3467 3466 3464 3465 3474 3497 3458 3475

Tree=0
num_leaves=31
num_cat=0
split_feature=3 3 6 1 7 3 1 1 6 14 20 3 6 3 14 8 10 9 1 6 6 12 1 6 6 20 19 18 8 10
split_gain=781.033 178.478 110.238 70.1882 36.0219 28.781 25.0101 20.9426 18.6089 8.32648 9.65475 8.2365 12.493 6.99102 6.96403 8.79086 7.2572 7.12665 6.7855 6.55746 6.48508 10.7628 8.85755 6.32827 6.02076 5.75419 5.68397 5.56958 6.74429 5.44325
threshold=0.22893141448242041 -0.58115763025299938 0.59577173691082475 0.26956037805735894 -2.1249999999999996 -1.0244769398038966 0.2323630714726353 0.29151890455132051 0.54005274930724811 12.816666666666668 1.5500000000000005 -2.0338438875521088 0.50064599483204153 -0.30469550204138818 18.083333333333339 1818.1384594653148 411.22135567226218 1330.672932070421 0.23512717224354404 0.39018367961457406 0.62922780711222626 1.4500000000000002 0.15370693993136741 0.65497061623822195 0.51856042716204886 0.66666666666666696 7.5833333333333348 12.633333333333335 1667.8410628355552 4.2460834916070107
decision_type=2 2 2 2 2 2 2 2 2 2 2 2 2 2 2 2 2 2 2 2 2 2 2 2 2 2 2 2 2 2
left_child=1 5 6 18 14 11 -2 25 -7 20 23 -1 -13 19 15 17 -16 -4 -3 -9 -6 -22 -23 -11 -8 -5 -20 -25 -29 -14
right_child=2 3 4 7 9 8 24 13 -10 10 -12 12 29 -15 16 -17 -18 -19 26 -21 21 22 -24 27 -26 -27 -28 28 -30 -31
leaf_value=0.3708932165916507 0.39052300052193112 0.39324674356370637 0.40909416512817393 0.38136947145634548 0.38720116447507824 0.37675113385729309 0.38451511577385727 0.37636739275887632 0.38130438575613307 0.39502126283558658 0.3912211159707612 0.37284480308985024 0.37589634229179131 0.38023479310458624 0.41781429369817757 0.40973348708912061 0.4034982523822917 0.39359018386096889 0.38502730640950938 0.37916673424291825 0.40461238042269854 0.40086026297287997 0.38579585734341781 0.40189814797695561 0.38836376116362464 0.38446721026235348 0.39741933793155393 0.38908016038763049 0.40000013352651159 0.38166707177000786
leaf_weight=1002.805871963501 3023.1647610664368 171.06688404083252 61.938009738922119 6429.7552967071533 386.37520360946655 8497.3050503730774 2507.0146799087524 2123.5889053344727 1728.3654146194458 1350.8384981155396 642.97552967071533 2949.4290351867676 3421.3376808166504 4524.4241399765015 112.07830333709717 138.62316465377808 129.77487754821777 209.4094614982605 5202.792818069458 3630.7471423149109 117.9771614074707 88.482871055603027 209.4094614982605 560.39151668548584 878.92985248565674 1126.6818914413452 58.988580703735352 156.31973886489868 221.20717763900757 283.14518737792969
leaf_count=340 1025 58 21 2180 131 2881 850 720 586 458 218 1000 1160 1534 38 47 44 71 1764 1231 40 30 71 190 298 382 20 53 75 96
internal_value=0.381648 0.379136 0.391224 0.381446 0.39611 0.376131 0.387879 0.380233 0.377521 0.394589 0.39558 0.374277 0.374788 0.379058 0.404792 0.401507 0.410254 0.397217 0.385426 0.378133 0.390955 0.39442 0.39032 0.3968 0.385516 0.381832 0.385169 0.399344 0.39551 0.376337
internal_weight=51945.3 41150.4 10794.9 23268 4385.8 17882.4 6409.11 17835.2 10225.7 3733.98 2931.73 7656.72 6653.91 10278.8 651.824 409.971 241.853 271.347 5432.85 5754.34 802.245 415.869 297.892 2288.76 3385.94 7556.44 5261.78 937.918 377.527 3704.48
internal_count=17612 13952 3660 7889 1487 6063 2173 6047 3467 1266 994 2596 2256 3485 221 139 82 92 1842 1951 272 141 101 776 1148 2562 1784 318 128 1256
is_linear=0
shrinkage=1


Tree=1
num_leaves=31
num_cat=0
split_feature=0 0 1 1 7 0 1 1 1 9 0 1 0 1 0 1 0 5 9 5 2 20 2 0 1 11 5 19 20 20
split_gain=747.913 173.014 99.3406 67.278 34.3947 28.127 20.2705 17.1878 14.5459 8.65852 8.1147 8.02178 6.69165 6.6367 5.77393 6.02941 5.66871 5.5481 8.13103 7.10987 5.5235 5.51213 5.47291 9.56056 5.69787 5.45643 5.37347 6.10422 6.24152 5.19784
threshold=0.55749448390367606 0.35866626650730726 0.203075891599973 0.26956037805735894 -2.1249999999999996 0.26415626478492721 0.29151890455132051 0.2323630714726353 0.27176536361211195 1649.6515679366892 0.11569507422138935 0.23512717224354404 0.42441003188106791 0.27091769632850804 0.20051720793945912 0.23024088099281292 0.30954563692469605 0.028124503845487373 1363.5744956558262 0.023443130074330857 0.30344743020555942 0.66666666666666696 0.28561063257338176 0.46421863655024337 0.26191154057948712 0.67086665346370744 0.029396233701351363 3.8166666666666669 1.791666666666667 1.4500000000000004
decision_type=2 2 2 2 2 2 2 2 2 2 2 2 2 2 2 2 2 2 2 2 2 2 2 2 2 2 2 2 2 2
left_child=1 5 4 11 26 10 21 -4 16 25 -1 -3 -8 14 15 -12 -7 18 -13 20 -20 -5 23 -21 -24 -6 -2 28 -28 -27
right_child=2 3 7 6 9 8 12 -9 -10 -11 13 17 -14 -15 -16 -17 -18 -19 19 22 -22 -23 24 -25 -26 29 27 -29 -30 -31
leaf_value=-0.010619905752608216 0.030095943824761263 0.012012672810368901 0.0083970583360620937 -0.0002373481017062356 0.0060464579114555177 -0.0024352010811487289 -0.0034215815324408058 0.0041538709563056922 -0.0046802880631376474 0.025576339728785147 -0.0054087550792993886 0.019089335416765354 -0.0013643422252550327 -0.0085604921561197953 -0.0041655097077374827 -0.0093350389923654298 0.0024320603945509052 0.002311772794292124 -0.00056666118012836024 0.021444672211313215 0.007117781843732034 0.0027909127626986087 0.0066883041732423501 0.0067752333797913723 -0.0018992059376791686 0.013380610094981793 0.011442318601569516 0.02448244422380394 0.024781016661014899 0.0099383958015577239
leaf_weight=992.11480617523193 117.89391469955444 179.0680205821991 2766.818900346756 6428.1986379623413 226.70717906951904 977.86485385894775 5734.3628535270691 3417.3659915924072 8578.2529377937317 77.782634019851685 1475.3312926292419 62.149932146072388 4530.0310006141663 2152.4138553142548 1885.867550611496 1095.0727968215942 627.82109117507935 3057.3673851490021 574.21928215026855 76.947535037994385 201.35810732841492 1129.9038834571838 272.42350387573242 846.63555574417114 224.99736928939819 2721.2898230552673 174.68232011795044 289.89219236373901 84.561927795410156 968.73522686958313
leaf_count=340 39 60 929 2180 76 332 1951 1154 2922 26 503 21 1538 736 643 374 213 1033 194 26 68 382 92 286 76 911 58 96 28 325
internal_value=3.56663e-05 -0.00242982 0.00937857 -0.000163318 0.0137877 -0.00540127 -0.00135639 0.00605333 -0.00402632 0.0123777 -0.00724274 0.00370572 -0.00251387 -0.00673422 -0.00585039 -0.00708446 -0.000531779 0.0034237 0.00492709 0.00451788 0.001435 0.000215673 0.0061983 0.00801928 0.00280792 0.0121091 0.0222003 0.0204536 0.0158717 0.0124799
internal_weight=51948.1 41102.4 10845.7 23317.7 4661.55 17784.7 17822.5 6184.18 10183.9 3994.51 7600.8 5495.17 10264.4 6608.69 4456.27 2570.4 1605.69 5316.1 2258.73 2196.58 775.577 7558.1 1421 923.583 497.421 3916.73 667.03 549.136 259.244 3690.03
internal_count=17612 13970 3642 7907 1559 6063 6051 2083 3467 1338 2596 1856 3489 2256 1520 877 545 1796 763 742 262 2562 480 312 168 1312 221 182 86 1236
is_linear=0
shrinkage=0.04


Tree=2
num_leaves=31
num_cat=0
split_feature=0 0 6 1 7 0 1 1 6 0 6 1 14 20 5 6 0 22 18 6 18 2 6 6 5 18 6 11 19 20
split_gain=713.422 167.564 94.0559 64.4915 30.0469 27.4817 20.7444 19.5456 17.6638 7.99233 12.0944 7.5605 7.40075 8.49644 9.47265 6.57249 7.43461 6.22445 6.05777 8.07092 6.02483 5.99211 6.32969 5.92349 7.39866 9.90089 5.55593 5.37312 5.34774 5.2806
threshold=0.55749448390367606 0.35866626650730726 0.59577173691082475 0.26956037805735894 -2.1249999999999996 0.26415626478492721 0.2323630714726353 0.29151890455132051 0.54005274930724811 0.11569507422138935 0.50064599483204153 0.23512717224354404 12.816666666666668 1.5500000000000005 0.0348017734937991 0.39018367961457406 0.45052726794842329 15.500000000000002 10.816666666666668 0.65294202320843298 14.29166666666667 0.20299770947804502 0.65497061623822195 0.79421709188616985 0.029396233701351363 9.2666666666666675 0.51856042716204886 0.50703254661312658 7.5833333333333348 0.66666666666666696
decision_type=2 2 2 2 2 2 2 2 2 2 2 2 2 2 2 2 2 2 2 2 2 2 2 2 2 2 2 2 2 2
left_child=1 5 6 11 23 9 -2 29 -7 -1 -11 -3 18 17 -15 16 -9 21 19 -6 -20 22 -14 24 -4 -26 -8 -12 -13 -5
right_child=2 3 4 7 12 8 26 15 -10 10 27 28 13 14 -16 -17 -18 -19 20 -21 -22 -23 -24 -25 25 -27 -28 -29 -30 -31
leaf_value=-0.010521317018353554 0.0083776275374385176 0.011634135511285823 0.029962028475821106 -0.00023269012293275729 0.00046768082869308837 -0.0047181510102258586 0.0028732882230871875 -0.0049219276120409609 -0.00027550739247285009 -0.0085765780101642181 -0.0055551340768484397 0.0032071159101752867 0.013244193406902085 0.0057333153492602389 0.016074065616741611 -0.0016386365371383639 -0.001329235143589615 0.0045404033404716007 0.013874867810893697 0.013266234780374087 0.0020200556906241709 0.0043247667252039245 0.017704932327104853 0.030985615229669673 0.0057799006724163441 0.020407969054458661 0.0065898871745791376 0.0002210033931446951 0.015108569678020304 0.0027278305329135693
leaf_weight=981.63442134857178 3080.3264591693878 181.23207521438599 96.537790775299072 6426.6731643676758 234.10115027427673 8417.4653506278992 2498.0373039245605 2722.9503679275513 1725.5687365531921 2899.7127661705017 3385.84117436409 5274.1226668357849 1279.0642559528351 448.27083539962769 207.69197559356689 6121.4273343086243 1394.2528457641602 103.07648634910583 382.536545753479 117.92258954048157 83.989427089691162 87.467321157455444 875.79837512969971 89.854508876800537 91.806395530700684 403.75054383277893 867.6955668926239 278.81214690208435 60.187937021255493 1133.0617580413818
leaf_count=340 1025 60 31 2180 78 2881 841 930 586 1000 1161 1776 423 149 69 2085 474 34 127 39 28 29 288 29 30 131 291 95 20 382
internal_value=3.46176e-05 -0.00238754 0.00910562 -0.000160145 0.0135419 -0.00532303 0.00600573 -0.0013313 -0.00396245 -0.00715109 -0.00664559 0.00361866 0.012155 0.0130772 0.0090269 -0.00247022 -0.00370591 0.0142056 0.0087619 0.00478044 0.0117495 0.0146477 0.0150645 0.0212815 0.019759 0.0177151 0.00383311 -0.00511574 0.00334421 0.000211338
internal_weight=51950.9 41002.9 10947.9 23313.9 4501.87 17689 6446.06 17798.4 10143 7546 6564.37 5515.54 3819.92 3001.37 655.963 10238.6 4117.2 2345.41 818.55 352.024 466.526 2242.33 2154.86 681.949 592.095 495.557 3365.73 3664.65 5334.31 7559.73
internal_count=17612 13970 3642 7907 1485 6063 2157 6051 3467 2596 2256 1856 1264 992 218 3489 1404 774 272 117 155 740 711 221 192 161 1132 1256 1796 2562
is_linear=0
shrinkage=0.04


Tree=3
num_leaves=31
num_cat=0
split_feature=3 3 6 1 6 3 1 6 6 14 3 3 1 15 6 2 1 9 12 5 12 5 3 5 15 21 5 17 23 6
split_gain=712.667 184.894 105.767 58.9007 34.7805 26.7798 19.5137 15.7669 15.6444 12.5039 10.2663 8.6904 7.40884 7.32022 7.04157 9.08856 6.58472 5.87105 6.06212 6.91714 5.04294 4.921 9.6484 8.08245 4.8957 5.90701 7.75963 4.89519 8.18792 4.85192
threshold=0.22893141448242041 -0.60953358376194744 0.64810509706148267 0.26910903811410702 0.51856042716204886 -1.1257954316587737 0.29151890455132051 0.54005274930724811 0.79421709188616985 13.083333333333334 0.56361569478789608 -0.402928476531632 0.20820658773841194 3.2916666666666674 0.53855745252253995 0.66738820827306056 0.13671218364234691 1598.2065019915888 1.0833333333333337 0.028257820409357651 2.9166666666666674 0.028984139878687979 1.4882134235078446 0.032304765877003712 4.916666666666667 -0.70833333333333337 0.023542063849857579 1.4500000000000002 7.5000000000000009 0.4034870592322391
decision_type=2 2 2 2 2 2 2 2 2 2 2 2 2 2 2 2 2 2 2 2 2 2 2 2 2 2 2 2 2 2
left_child=1 5 4 17 10 14 -5 -7 12 -6 -2 29 21 -12 -1 -16 -11 18 19 24 -18 22 -4 -23 25 26 -3 28 -25 -8
right_child=2 3 8 6 9 7 11 -9 -10 16 13 -13 -14 -15 15 -17 20 -19 -20 -21 -22 23 -24 27 -26 -27 -28 -29 -30 -31
leaf_value=-0.009088334450615819 0.0025517473558690079 0.0023186101025991571 0.016710359867554831 0.00032359904106613052 0.006329369731646735 -0.0051125109501998231 -0.0052472571249177124 -0.0011326295557356656 0.031449762647689034 0.018652940174209206 0.020654471077303029 -0.0013968669403419012 0.0077397348812240025 0.0067139949518663445 -0.0046413316467844787 -0.0090131002709857716 0.010329635398411259 0.00691412884959025 0.0022166197361542755 0.0029661185219055975 0.0029057743459241624 0.011389411157622528 0.031510018767468492 0.025032252295487875 0.018903431663313725 0.0035881921384767318 0.020835568121170673 0.015269102438776471 0.013907750720250413 -0.0025043257125038623
leaf_weight=3000.357768535614 2590.9896895885468 59.403122901916504 284.99356532096863 7799.058257818222 1920.8983299732208 8753.7095396518707 1866.7869560718536 1947.656599521637 105.40276002883911 146.98554587364197 66.621090888977051 6567.6279442310333 176.51104164123535 583.70202231407166 1918.571005821228 1265.3104646205902 3173.8985979557037 722.73573350906372 3507.1408812999725 663.92225909233093 154.46727728843689 557.66516017913818 95.934608221054077 270.29264211654663 71.739050626754761 238.63662958145142 92.856489419937134 777.19262051582336 181.99231958389282 2313.6301515102386
leaf_count=1041 869 20 93 2643 635 3014 641 663 33 48 22 2241 58 193 661 441 1045 242 1176 223 51 181 30 87 24 80 31 251 59 791
internal_value=4.842e-05 -0.00239596 0.00904027 -0.000132436 0.00695816 -0.00560004 -0.00119952 -0.00438834 0.016375 0.0089253 0.00368147 -0.00230466 0.0156842 0.00817162 -0.00769576 -0.00638101 0.0103579 0.00356195 0.00303772 0.00558971 0.00998608 0.0163271 0.0205103 0.0154245 0.00934028 0.00754145 0.0136736 0.017244 0.0205965 -0.00373016
internal_weight=51876.7 40789.1 11087.5 23903.5 8637.56 16885.6 18547.1 10701.4 2449.98 5396.25 3241.31 10748 2344.58 650.323 6184.24 3183.88 3475.35 5356.43 4633.7 1126.56 3328.37 2168.07 380.928 1787.14 462.635 390.896 152.26 1229.48 452.285 4180.42
internal_count=17587 13932 3655 8112 2863 5820 6316 3677 792 1779 1084 3673 759 215 2143 1102 1144 1796 1554 378 1096 701 123 578 155 131 51 397 146 1432
is_linear=0
shrinkage=0.04


Tree=4
num_leaves=31
num_cat=0
split_feature=0 0 6 1 6 0 1 6 6 14 0 0 15 1 18 6 0 6 8 5 3 12 9 5 21 6 6 11 5 6
split_gain=681.213 179.674 97.1037 56.9437 31.7932 26.244 18.9233 16.1894 14.2256 11.9123 8.94997 8.35249 6.90822 6.66187 6.34481 5.87185 8.23859 5.83299 5.58764 5.24395 4.91238 4.8735 4.76456 4.75632 4.91718 4.7157 4.67522 4.66901 4.66424 4.64505
threshold=0.55749448390367606 0.35216560111520917 0.64810509706148267 0.26910903811410702 0.5167526886005992 0.26163482688702033 0.29151890455132051 0.54005274930724811 0.76122463873887047 13.083333333333334 0.63736159708496398 0.40060894580793688 3.2916666666666674 0.20820658773841194 8.6333333333333346 0.50386600506167689 0.11569507422138935 0.61199436687241582 1604.9929712713827 0.030613038255484674 0.23510244074202771 1.0833333333333337 1598.2065019915888 0.02820533846986251 -0.49999999999999989 0.4034870592322391 0.42078663959286494 0.50703254661312658 0.023542063849857579 0.5613814756671901
decision_type=2 2 2 2 2 2 2 2 2 2 2 2 2 2 2 2 2 2 2 2 2 2 2 2 2 2 2 2 2 2
left_child=1 5 4 17 10 15 -5 -7 13 29 20 25 -12 -4 18 -1 -17 21 -11 -16 -2 23 -23 24 28 -8 -22 -18 -3 -6
right_child=2 3 8 6 9 7 11 -9 -10 14 12 -13 -14 -15 19 16 27 -19 -20 -21 26 22 -24 -25 -26 -27 -28 -29 -30 -31
leaf_value=-0.008720913900369158 0.01204182600200593 0.0050823089326963201 0.015516600795331709 0.00031965381179203603 0.0037445735407490312 -0.0048915291555621798 -0.0051704020925738897 -0.00054955972997782095 0.026267137481673575 0.010378017650759703 0.019838181755141689 -0.0013800013257221307 0.0064014007656330672 0.0073294112169229641 0.0078091508441309031 -0.0096846343817490327 -0.0059003135111551242 0.0063804757733063079 0.021394552329020954 0.011062619865120986 -0.0010950080959244387 0.0015609067918468554 0.0060242100088359687 0.0030330414134913703 0.0038777881758459555 -0.0024608176920234539 0.0031498508071857688 -0.00020905674015281889 0.016738170903336218 0.0077429424744977927
leaf_weight=2887.0295596122742 83.621319770812988 89.59122633934021 2120.5329523086548 7804.5466740131378 777.5443286895752 7772.2280366420746 1857.0170967578888 1669.2966511249542 191.92775535583496 159.70217227935791 68.011420249938965 6570.2904732227325 569.33962345123291 174.77665114402771 1517.4666421413422 959.80927276611328 3254.7145044803619 920.35218119621277 141.99938249588013 1695.3011524677277 528.6061999797821 2968.5162091255188 438.58704423904419 656.73782896995544 207.07134127616882 2307.8432354927063 1925.7090678215027 248.30165696144104 145.98444747924805 1167.5665729045868
leaf_count=1012 28 30 675 2644 256 2687 641 568 59 52 22 2245 187 57 495 339 1129 306 46 552 177 994 146 220 69 791 644 85 48 383
internal_value=4.7141e-05 -0.00234725 0.00882101 -0.000124219 0.00681368 -0.00552001 -0.00117912 -0.00412399 0.0157843 0.00866467 0.00362938 -0.00226866 0.00786406 0.0148966 0.0100557 -0.00731251 -0.00639965 0.00347918 0.0156166 0.00952884 0.00256325 0.00288537 0.00213705 0.00520042 0.00840199 -0.00366991 0.00223553 -0.00549708 0.0123456 0.00614737
internal_weight=51880 40757.9 11122.1 23966.5 8634.87 16791.4 18539.7 9441.52 2487.24 5459.58 3175.29 10735.2 637.351 2295.31 3514.47 7349.85 4462.83 5426.84 301.702 3212.77 2537.94 4506.49 3407.1 1099.38 442.647 4164.86 2454.32 3503.02 235.576 1945.11
internal_count=17587 13954 3633 8134 2842 5820 6321 3255 791 1784 1058 3677 209 732 1145 2565 1553 1813 98 1047 849 1507 1140 367 147 1432 821 1214 78 639
is_linear=0
shrinkage=0.04


Tree=5
num_leaves=31
num_cat=0
split_feature=3 3 6 1 6 3 1 6 6 14 3 3 6 4 15 1 18 8 9 12 15 7 22 14 23 8 8 1 6 12
split_gain=648.956 173.457 91.5291 54.1237 30.898 25.7127 18.123 14.8459 13.0345 10.969 9.22052 8.14266 6.90473 8.80641 6.30764 6.29078 6.04784 5.37756 5.33318 5.49914 6.08255 9.27919 4.84322 5.21546 5.56174 5.55047 4.8168 4.60315 4.58247 4.56628
threshold=0.22893141448242041 -0.60953358376194744 0.64810509706148267 0.26910903811410702 0.51856042716204886 -1.1257954316587737 0.29151890455132051 0.54005274930724811 0.79421709188616985 13.083333333333334 0.56361569478789608 -0.402928476531632 0.53855745252253995 0.6963958789446798 3.2916666666666674 0.20820658773841194 8.6333333333333346 1604.9929712713827 1598.2065019915888 1.0833333333333337 4.916666666666667 -0.62499999999999989 14.500000000000002 15.29166666666667 3.5000000000000004 1744.6774480119673 1818.1384594653148 0.24329044841182401 0.4034870592322391 1.0833333333333337
decision_type=2 2 2 2 2 2 2 2 2 2 2 2 2 2 2 2 2 2 2 2 2 2 2 2 2 2 2 2 2 2
left_child=1 5 4 18 10 12 -5 -7 15 29 -2 28 -1 -14 -12 22 17 -11 19 20 -3 -22 23 25 -25 -4 -27 -20 -8 -6
right_child=2 3 8 6 9 7 11 -9 -10 16 14 -13 13 -15 -16 -17 -18 -19 27 -21 21 -23 -24 24 -26 26 -28 -29 -30 -31
leaf_value=-0.0089039077708813648 0.0024366619198709482 0.0041472978351715702 0.015220033371617845 0.00031061958545566001 0.0021926308743355524 -0.0049590841813314515 -0.0050942778992190164 -0.0010899490464560844 0.028597515541493781 0.010067717532954878 0.01906941714679691 -0.0013455246079369819 -0.0044856048867919331 -0.0088204761743623569 0.0063654913054330452 0.0073296364221414291 0.0092381127953242177 0.020846979351646203 0.013764887634663152 0.0021162557488228042 0.00089996025663890533 0.020791540162735721 0.0085762459852491615 0.026650309714918587 0.016571615228631754 0.0021995425913389462 0.013872039483974512 0.0051609976410669908 -0.0024179587271511852 0.006991458139217005
leaf_weight=2949.8509953022003 2604.3663935661316 984.38791942596436 616.38130688667297 7804.0764150619507 400.69777727127075 8663.5882651805878 1847.4403083324432 1943.2264442443848 111.66526889801025 161.36819291114807 69.374114274978638 6549.4156565666199 1899.1320405006409 1243.2219681739807 591.47094011306763 179.18808937072754 3243.4988243579865 141.95768594741821 118.53811073303223 3523.1598916053772 63.530143976211548 90.990353345870972 168.47684001922607 97.4626305103302 1130.3251702785492 117.74490308761597 108.67285871505737 613.59445190429688 2302.1710300445557 1544.3384439945221
leaf_count=1041 869 327 194 2643 131 3014 641 663 33 52 22 2241 661 441 193 58 1047 45 39 1176 21 30 53 30 353 37 34 203 791 504
internal_value=4.58782e-05 -0.002313 0.00852959 -0.00012729 0.00659217 -0.00544068 -0.00115514 -0.00425041 0.0152305 0.00842419 0.00350919 -0.00222422 -0.00751197 -0.00620289 0.00772592 0.0146017 0.00974906 0.0151644 0.00339798 0.0028984 0.00531393 0.0126716 0.0151802 0.0157131 0.0173927 0.0132486 0.00783831 0.00657091 -0.00361042 0.00600448
internal_weight=51883.3 40596.3 11287 23897.3 8757.07 16699 18503.1 10606.8 2529.92 5491.86 3265.21 10699 6092.21 3142.35 660.845 2418.25 3546.82 303.326 5394.2 4662.07 1138.91 154.52 2239.06 2070.59 1227.79 842.799 226.418 732.133 4149.61 1945.04
internal_count=17587 13932 3655 8112 2863 5820 6316 3677 792 1779 1084 3673 2143 1102 215 759 1144 97 1796 1554 378 51 701 648 383 265 71 242 1432 635
is_linear=0
shrinkage=0.04


Tree=6
num_leaves=31
num_cat=0
split_feature=0 0 1 0 1 6 4 6 6 4 6 14 14 22 12 5 6 0 0 19 13 1 22 14 5 18 20 5 6 4
split_gain=591.015 158.776 75.4905 38.1584 37.8978 22.8313 22.6732 16.3952 10.2873 8.66292 7.77703 7.69677 6.36249 6.02539 5.84284 5.4614 5.3141 7.13156 5.20015 5.17393 4.99795 4.88649 4.79958 4.7553 4.73344 6.16757 6.58493 4.67319 4.64728 6.48756
threshold=0.55749448390367606 0.40060894580793688 0.19108974798625902 0.27182989331055124 0.26464569806277477 0.52435913451107508 -2.9696663188044492 0.51856042716204886 0.44373364730507592 -2.1971391971083469 0.64396786056923583 12.550000000000002 15.91666666666667 7.5000000000000009 2.7916666666666674 0.027300655534715505 0.50064599483204153 0.14020868820969382 0.47141239292023213 2.9166666666666674 1.4500000000000002 0.23512717224354404 5.5000000000000009 14.91666666666667 0.033594043605181596 12.633333333333335 0.29166666666666657 0.024624598853734695 0.38263988522238174 -0.52875813229458002
decision_type=2 2 2 2 2 2 2 2 2 2 2 2 2 2 2 2 2 2 2 2 2 2 2 2 2 2 2 2 2 2
left_child=1 3 6 16 21 28 13 9 18 -4 11 22 -9 14 -2 -7 -1 -18 -6 -10 -17 -3 -8 27 25 26 -13 -20 -5 -30
right_child=2 4 7 5 8 15 10 12 19 -11 -12 24 -14 -15 -16 20 17 -19 23 -21 -22 -23 -24 -25 -26 -27 -28 -29 29 -31
leaf_value=-0.0079498988893761009 0.021092257022439841 0.010253368444866563 0.01417433851096438 -0.0053810743260222253 -0.0023163504774504295 0.0017845797908891375 -0.0025653998810957058 0.0065952432621522927 0.0038743322291893288 0.0031895055526898215 0.013302930229944778 0.020611110717774821 0.010590521489982737 0.014884665763541994 0.03486040134384534 0.0010572905982501734 -0.0082544439707705822 -0.0048703433335753081 0.0037120629120703697 0.00033023888323246682 -0.0034650326114462997 0.0037221143590469756 0.0073593469199003817 0.0053686329965843696 0.013882465910441911 0.0033376409266202022 0.0092784251578895451 -0.0012469082008100109 -0.0027035160688340682 -0.0049648816097773154
leaf_weight=3203.7526104450226 217.2814633846283 192.24320840835571 118.27531337738037 3096.5567758083344 4395.1698615550995 1328.4472301006317 111.14371824264526 3241.0341105461121 739.58692383766174 3187.3106663227081 1762.8322238922119 97.330087661743164 798.2354519367218 175.69648933410645 68.071637392044067 648.11123728752136 1403.0750648975372 3465.9262099266052 347.66161823272705 5989.9850244522095 983.23524570465088 3705.5046446323395 256.86744737625122 229.65365147590637 527.06044411659241 225.70795822143555 530.87666821479797 2376.4529860019684 5293.8958098888397 3297.3027503490448
leaf_count=1139 65 62 38 1081 1506 451 36 1045 250 1056 545 31 255 53 20 220 501 1212 118 2025 334 1231 83 78 167 72 169 808 1829 1151
internal_value=-3.48317e-06 -0.00225204 0.00808142 -0.00447434 0.000556824 -0.003257 0.0125231 0.0056775 -0.00040962 0.00358672 0.011422 0.0095196 0.00738721 0.0208679 0.0244869 -0.000118753 -0.00668245 -0.00584702 -0.00144423 0.000720256 -0.00166883 0.00404679 0.00436313 -0.000146176 0.0108896 0.0090282 0.0110642 -0.000612896 -0.00405165 -0.00357191
internal_weight=52014.3 40696.6 11317.7 22720.3 17976.3 14647.5 3972.87 7344.86 14078.5 3305.59 3511.82 1748.99 4039.27 461.05 285.353 2959.79 8072.75 4869 7348.94 6729.57 1631.35 3897.75 368.011 2953.77 1380.98 853.915 628.207 2724.11 11687.8 8591.2
internal_count=17631 13996 3635 7918 6078 5066 1241 2394 4785 1094 1103 558 1300 138 85 1005 2852 1713 2510 2275 554 1293 119 1004 439 272 200 926 4061 2980
is_linear=0
shrinkage=0.04


Tree=7
num_leaves=31
num_cat=0
split_feature=0 0 1 0 1 6 2 6 6 2 6 14 8 17 14 8 2 1 6 5 22 4 13 10 5 14 6 2 1 22
split_gain=564.43 153.49 70.6199 37.2654 36.2534 21.242 20.8268 15.4862 9.89419 8.15141 7.21348 7.2117 6.97608 6.38694 7.22838 7.00898 5.92897 7.23782 5.68277 5.6507 5.44421 5.34059 5.26411 5.24963 5.19553 5.04679 4.88205 6.56675 4.6109 4.56955
threshold=0.55749448390367606 0.40060894580793688 0.19108974798625902 0.26415626478492721 0.26464569806277477 0.52435913451107508 0.048815229077817081 0.51856042716204886 0.44373364730507592 0.1000076896644178 0.64396786056923583 12.550000000000002 1522.162916578631 1.0833333333333337 15.91666666666667 1706.9108815924858 0.43444276137140186 0.264252428072904 0.47186682365253801 0.0329246779750293 7.5000000000000009 0.045197459370728194 1.8166666666666669 411.22135567226218 0.027144933271968433 15.366666666666669 0.38263988522238174 0.37080658053456089 0.23512717224354404 5.5000000000000009
decision_type=2 2 2 2 2 2 2 2 2 2 2 2 2 2 2 2 2 2 2 2 2 2 2 2 2 2 2 2 2 2
left_child=1 3 6 12 28 26 20 9 25 -4 11 29 -1 -9 -15 -16 17 19 -14 22 23 -20 -7 -2 -19 -6 -5 -28 -3 -8
right_child=2 4 7 5 8 16 10 13 -10 -11 -12 -13 18 14 15 -17 -18 24 21 -21 -22 -23 -24 -25 -26 -27 27 -29 -30 -31
leaf_value=-0.0072194971404369651 0.03057064687449855 0.0099477214313027362 0.013699239376119193 -0.0053907472160111217 -0.0016397064599717795 0.0088183183886663182 -0.0025213637807228735 0.010406362421963045 0.00070543616441558459 0.0031161182070196507 0.012864887569232548 0.010557229670007343 -0.010746515961365215 0.0055297023710415968 0.01307141596570024 0.0029692479809464117 -0.0031635577874200424 0.0017033756965258134 0.0032336266246538541 -0.005785875993192924 0.014374145243596882 -0.0041447695496320876 0.00091874579536932639 0.019138311168853048 -0.0027948872692103873 0.0035328942010396402 -0.0026570702201303463 -0.0048680852982600151 0.003634513039166642 0.0071605089930825818
leaf_weight=6400.4874880313873 107.25746607780457 194.2244884967804 119.96372675895691 3156.6674344539642 7023.9083943367004 341.37346410751343 110.8589563369751 795.16924333572388 6734.4214372634888 3197.492821931839 1786.4397404193878 1396.0731987953186 150.35232424736023 2698.1515231132507 427.11407208442688 148.77945613861084 869.65809965133667 771.47773289680481 207.67884612083435 77.128971099853516 178.33123326301575 633.90618824958801 223.22423052787781 185.14211821556091 876.63080978393555 314.42856311798096 5279.6029732227325 3630.7890858650208 3719.3226234912872 258.76479721069336
leaf_count=2282 31 62 38 1108 2403 114 36 254 2275 1056 545 439 54 864 135 47 298 262 73 26 53 224 75 54 299 107 1829 1274 1231 83
internal_value=-3.68816e-06 -0.00221245 0.00785657 -0.0044054 0.000545418 -0.00327376 0.0121207 0.00553294 -0.00040167 0.00350283 0.011067 0.00924167 -0.00673555 0.00718673 0.00640183 0.0104712 -0.000353843 0.000714176 -0.00360875 0.00431462 0.0200319 -0.00232232 0.00570222 0.0234218 -0.000689499 -0.00141762 -0.00403818 -0.00355846 0.00395029 0.00425772
internal_weight=52014.8 40605.3 11409.5 22619 17986.3 15226.6 4022.87 7386.67 14072.8 3317.46 3552.14 1765.7 7392.42 4069.21 3274.05 575.894 3159.49 2289.84 991.937 641.727 470.731 841.585 564.598 292.4 1648.11 7338.34 12067.1 8910.39 3913.55 369.624
internal_count=17631 13996 3635 7918 6078 5285 1241 2394 4785 1094 1103 558 2633 1300 1046 182 1074 776 351 215 138 297 189 85 561 2510 4211 3103 1293 119
is_linear=0
shrinkage=0.04


Tree=8
num_leaves=31
num_cat=0
split_feature=0 0 1 0 1 6 1 6 6 2 18 8 9 17 2 1 6 5 2 0 5 13 6 2 5 15 10 10 9 6
split_gain=539.139 148.366 66.1114 36.3259 34.6838 20.5641 19.4098 14.6342 9.51584 7.67497 7.35821 6.82075 6.61784 5.98839 5.71183 6.92224 5.55349 5.40737 5.05178 5.01026 5.00043 4.97926 4.75216 6.37976 4.67394 6.22975 5.23113 6.27085 4.4612 4.72438
threshold=0.55749448390367606 0.40060894580793688 0.19108974798625902 0.26415626478492721 0.26464569806277477 0.52435913451107508 0.11137909142809364 0.51856042716204886 0.44373364730507592 0.1000076896644178 9.0833333333333339 1522.162916578631 1649.6515679366892 1.0833333333333337 0.43444276137140186 0.264252428072904 0.47186682365253801 0.0329246779750293 0.50641901389682975 0.47141239292023213 0.027144933271968433 1.8166666666666669 0.38263988522238174 0.37080658053456089 0.031359858493861033 5.291666666666667 285.02219481483604 142.17711177607399 1610.2281989832234 0.61632088684216779
decision_type=2 2 2 2 2 2 2 2 2 2 2 2 2 2 2 2 2 2 2 2 2 2 2 2 2 2 2 2 2 2
left_child=1 3 6 11 -3 22 10 9 19 -4 -2 -1 28 -9 15 17 -13 21 -18 -6 -17 -7 -5 -24 -15 -26 27 -27 29 -8
right_child=2 4 7 5 8 14 12 13 -10 -11 -12 16 -14 24 -16 20 18 -19 -20 -21 -22 -23 23 -25 25 26 -28 -29 -30 -31
leaf_value=-0.0071278986026479738 0.0087841156822509557 0.0038564653289296265 0.013246315326163476 -0.0053125427965838457 -0.002249727769354793 0.0085672345886490583 0.0083642982144113941 0.010093387044382365 0.00069093352397924326 0.0030446449612100803 0.020161473962929454 -0.010648670647847851 0.022690080697807358 0.0050678115581067459 -0.0031107043119974298 0.0016667182161406828 0.0034739706179627555 -0.0057052404934013626 -0.0039493773723607642 -0.00011698699573191906 -0.0027471705874000012 0.00089974623232776346 -0.0026112995436018273 -0.0047949292703573414 0.0057555123891683451 0.017982786020428809 0.021179043834767163 0.0069902575726168339 -0.00010950545452160715 0.011578944973109547
leaf_weight=6354.4454982280731 112.79213762283325 3929.0314090251923 121.61844849586487 3139.6965134143829 4378.5415570735931 344.39711761474609 1124.8392217159271 803.48726177215576 6739.1737568378448 3207.4722163677216 523.17046999931335 148.74520587921143 69.966287612915039 2066.2817387580872 866.91122531890869 772.79296565055847 188.38984894752502 76.684000015258789 651.24586820602417 2949.4005546569824 874.18413758277893 223.42941212654114 5265.5933105945587 3613.1569769382477 713.31036949157715 111.55723452568054 76.477415561676025 327.44164228439331 64.802851915359497 2176.3133318424225
leaf_count=2282 33 1293 38 1108 1506 114 353 254 2275 1056 151 54 21 657 298 262 66 26 231 1004 299 75 1829 1274 227 35 24 103 20 663
internal_value=-3.88993e-06 -0.00217348 0.00763965 -0.00433724 0.000534257 -0.00321943 0.0117358 0.00539285 -0.000393864 0.0034212 0.0181606 -0.00664689 0.0105417 0.00699312 -0.000347085 0.000699344 -0.00355032 0.00421034 -0.00228164 -0.00139146 -0.000676335 0.0055571 -0.00397417 -0.00350036 0.00623431 0.00819012 0.0115414 0.00981817 0.0102825 0.0104864
internal_weight=52015.3 40515.8 11499.5 22519.7 17996.1 15176.8 4071.88 7427.65 14067.1 3329.09 635.963 7342.83 3435.92 4098.56 3158.4 2291.49 988.381 644.511 839.636 7327.94 1646.98 567.827 12018.4 8878.75 3295.07 1228.79 515.476 438.999 3365.96 3301.15
internal_count=17631 13996 3635 7918 6078 5285 1241 2394 4785 1094 184 2633 1057 1300 1074 776 351 215 297 2510 561 189 4211 3103 1046 389 162 138 1036 1016
is_linear=0
shrinkage=0.04


Tree=9
num_leaves=31
num_cat=0
split_feature=0 0 7 6 6 0 6 6 14 6 0 14 15 6 2 8 6 12 0 0 2 18 6 15 0 6 16 20 8 6
split_gain=538.309 143.27 71.7267 38.9221 23.4947 22.3289 15.9245 13.1097 11.1905 10.788 8.25913 7.63292 8.43085 7.06814 8.16378 6.73667 6.39237 6.45494 6.11016 5.86983 5.62845 5.55608 5.50583 5.33358 5.04708 4.91385 4.70726 4.44352 4.20974 4.18416
threshold=0.55749448390367606 0.35866626650730726 -1.6249999999999998 0.48714644462067141 0.5167526886005992 0.24493787352263166 0.57594985386863573 0.39975186104218369 12.816666666666668 0.79421709188616985 0.44195628352006905 15.29166666666667 6.5500000000000007 0.57088653027739333 0.66738820827306056 1622.6243456639352 0.6379924631723195 1.4500000000000002 0.43761341594190567 0.63736159708496398 0.29842805335968287 12.633333333333335 0.47051262664448817 3.2916666666666674 0.46421863655024337 0.64810509706148267 2.7750000000000004 -0.70833333333333337 1538.9993133660503 0.61199436687241582
decision_type=2 2 2 2 2 2 2 2 2 2 2 2 2 2 2 2 2 2 2 2 2 2 2 2 2 2 2 2 2 2
left_child=1 5 9 7 19 13 22 24 16 11 18 12 21 -1 -15 -13 -6 -18 29 27 -9 25 -7 -21 -3 -2 -12 -4 -10 -5
right_child=2 3 4 10 8 6 -8 20 28 -11 26 15 -14 14 -16 -17 17 -19 -20 23 -22 -23 -24 -25 -26 -27 -28 -29 -30 -31
leaf_value=-0.0080212916816426155 0.0064021199685249941 -0.003890789932066195 0.0092229788966801847 0.00039464192964784172 0.0038530340329210855 -0.0050897937157604644 0.00057166440086600559 -4.1895062077086369e-05 0.0056499909875042656 0.025793328367675301 0.0029090783029400908 0.006244159212858316 0.02006841015909186 -0.0030003527314871044 -0.0078052187410335453 0.016125084084396099 0.020148628242557646 0.0064096963078244485 -0.0068676239753798886 0.017126969956381067 -0.0023503211312319843 0.0019799819869839286 -0.0031352385512116044 0.0053721444116854788 -0.0010655188523945719 0.013427665254721308 0.012841535306332249 0.0019855427734973099 0.0091225663596117661 0.0050284645885155565
leaf_weight=3712.8504064083099 278.44849252700806 3516.2598423957825 142.70512628555298 2890.6826674938202 1570.0559239387512 6777.2897520065308 1133.3174300193787 7656.328323841095 670.79839968681335 114.20453143119812 4861.8789186477661 123.86276006698608 124.71085238456726 1245.5035564899445 1038.9455046653748 1162.1456623077393 78.472663164138794 180.9298779964447 169.8140709400177 68.744167566299438 2167.6555542945862 151.90038657188416 3505.6508564949036 564.07028126716614 1421.4925358295441 381.68101835250854 76.659914255142212 2480.5770256519318 3539.3277263641357 348.50612664222717
leaf_count=1346 86 1227 47 975 501 2403 388 2603 210 31 1607 37 37 443 380 343 24 56 57 21 749 46 1229 180 486 113 25 818 1097 114
internal_value=-4.95739e-05 -0.00222688 0.00753472 -0.000162227 0.00595869 -0.00496669 -0.0039279 -0.00139666 0.00743525 0.0137984 0.00202063 0.0131708 0.0104007 -0.00694311 -0.00518802 0.015179 0.00481885 0.0106273 0.000506032 0.00321845 -0.000551435 0.00889305 -0.00442382 0.00667411 -0.00307782 0.0104784 0.00306583 0.00238262 0.00857075 0.000894596
internal_weight=52155.5 40522.8 11632.6 23109.3 9295.68 17413.6 11416.3 14761.7 6039.58 2336.95 8347.54 2222.75 936.741 5997.3 2284.45 1286.01 1829.46 259.403 3409 3256.1 9823.98 812.03 10282.9 632.814 4937.75 660.13 4938.54 2623.28 4210.13 3239.19
internal_count=17679 14032 3647 7843 2954 6189 4020 5065 1888 693 2778 662 282 2169 823 380 581 80 1146 1066 3352 245 3632 201 1713 199 1632 865 1307 1089
is_linear=0
shrinkage=0.04


Tree=10
num_leaves=31
num_cat=0
split_feature=3 3 6 1 3 2 1 6 6 22 5 6 2 14 6 5 5 6 6 5 17 6 5 1 17 5 15 3 9 1
split_gain=512.882 138.411 68.4083 42.3768 21.7979 18.4862 16.8183 15.4191 15.1734 7.17792 8.04209 6.9297 7.97094 6.4995 11.7149 5.59544 6.68756 5.35743 5.28109 6.86803 5.26118 5.42509 5.12563 6.56455 7.11975 6.19953 6.07289 5.11695 5.11381 5.09741
threshold=0.22893141448242041 -0.58115763025299938 0.61968345833579408 0.26956037805735894 -1.1257954316587737 0.071760767298025233 0.25513434591044776 0.57594985386863573 0.40174068550707603 17.500000000000004 0.034701557013543279 0.57088653027739333 0.66738820827306056 12.816666666666668 0.5167526886005992 0.028095524784266582 0.023362928287907984 0.47051262664448817 0.79421709188616985 0.028984139878687979 1.2916666666666667 0.64615358759467589 0.033218540881797883 0.18120516365020781 1.9166666666666667 0.027144933271968433 5.7750000000000012 -0.14525557022966354 1497.0638467593519 0.23977703948455145
decision_type=2 2 2 2 2 2 2 2 2 2 2 2 2 2 2 2 2 2 2 2 2 2 2 2 2 2 2 2 2 2
left_child=1 4 6 15 11 18 13 17 27 10 20 -1 -13 -2 -15 16 -3 -6 19 -4 21 -7 23 24 25 -22 -25 -5 -8 -18
right_child=2 3 5 8 7 9 28 -9 -10 -11 -12 12 -14 14 -16 -17 29 -19 -20 -21 22 -23 -24 26 -26 -27 -28 -29 -30 -31
leaf_value=-0.0079259466042327625 0.0043479420749717879 0.0015128805943127933 0.022679697541525483 -0.0037835194900490642 -0.0050144185819876175 0.00018786339540992979 -0.00046162886150972229 0.00055999600570561631 -0.00037960030589380135 -0.00030646781140218106 0.013626018624945726 -0.0029497222862804235 -0.0077108256606801522 0.0033734520367266815 0.0081677674844507012 0.0018111782654325762 0.015355981851109981 -0.003082724587131192 0.024319652574128162 0.013604223192371935 0.029703849356624425 0.0084881940698020991 0.0035634873367553365 0.0048267395920629378 0.0088757883681819579 0.01538093308305442 0.013128502243953448 -0.00095910964503576632 0.0064581812313200173 0.0054058824186857769
leaf_weight=3683.187655210495 2557.2981779575348 830.75616526603699 157.42432451248169 3612.199741601944 6742.8822140693665 201.47407388687134 969.00686550140381 1133.9654769897461 12402.110047578812 108.41706299781799 765.20780920982361 1241.7721993923187 1030.8678531646729 1108.4381413459778 3106.2493090629578 3297.7873003482819 87.01580810546875 3494.6769273281097 106.27783203125 965.30260968208313 66.380429983139038 335.48405265808105 163.76202607154846 333.54081153869629 190.37148213386536 194.77221131324768 245.72298002243042 1434.6448066234589 206.42905974388123 1380.1174449920654
leaf_count=1346 820 273 44 1265 2403 62 319 388 4231 33 228 443 380 360 963 1084 28 1229 28 280 20 100 49 103 57 58 75 491 68 451
internal_value=-4.88418e-05 -0.0021917 0.00729366 -0.000160768 -0.00489258 0.0116817 0.0051755 -0.00386522 -0.00113214 0.00976664 0.010204 -0.00685315 -0.0051118 0.00594203 0.00690799 0.00286791 0.00438302 -0.00435538 0.0157298 0.0148958 0.00868472 0.00537993 0.0101645 0.0112087 0.0148306 0.019121 0.00836489 -0.00298099 0.000758079 0.00600608
internal_weight=52153.5 40372 11781.6 23044.6 17327.4 3834.14 7947.42 11371.5 17449 2605.13 2496.72 5955.83 2272.64 6771.99 4214.69 5595.68 2297.89 10237.6 1229 1122.73 1731.51 536.958 1194.55 1030.79 451.524 261.153 579.264 5046.84 1175.44 1467.13
internal_count=17679 14012 3667 7823 6189 1137 2530 4020 5987 785 752 2169 823 2143 1323 1836 752 3632 352 324 524 162 362 313 135 78 178 1756 387 479
is_linear=0
shrinkage=0.04


Tree=11
num_leaves=31
num_cat=0
split_feature=0 0 7 1 0 1 1 1 2 20 0 22 20 15 14 16 9 5 5 1 1 2 1 0 12 14 18 13 10 1
split_gain=491.677 134.184 62.8923 40.7577 21.2747 20.0065 13.1574 10.5675 8.98713 8.27682 7.02294 6.70074 6.07027 5.81556 5.43029 5.31389 5.09268 5.04142 6.45971 6.6512 4.94327 5.23271 4.89316 5.63105 6.87372 4.77859 7.76818 4.288 4.27532 4.26945
threshold=0.55749448390367606 0.35866626650730726 -1.6249999999999998 0.26956037805735894 0.24493787352263166 0.2323630714726353 0.27176536361211195 0.29151890455132051 0.054715890876612903 -1.1833333333333329 0.30954563692469605 14.500000000000002 0.81666666666666698 5.0833333333333348 12.816666666666668 0.63333333333333341 1484.1884324512368 0.028095524784266582 0.023362928287907984 0.23887413850237002 0.33597792195038378 0.27951094571726764 0.27045930689292069 0.18146632070201171 1.9166666666666667 14.450000000000001 12.083333333333334 1.4500000000000002 44.785535688024773 0.24832203854556698
decision_type=2 2 2 2 2 2 2 2 2 2 2 2 2 2 2 2 2 2 2 2 2 2 2 2 2 2 2 2 2 2
left_child=1 4 8 17 22 14 10 -5 16 -7 29 25 28 -11 -4 -16 -2 18 27 -20 21 -9 23 24 -1 26 -10 -3 -12 -6
right_child=2 3 5 7 6 9 -8 20 11 13 12 -13 -14 -15 15 -17 -18 -19 19 -21 -22 -23 -24 -25 -26 -27 -28 -29 -30 -31
leaf_value=-0.0078068427376127179 0.015172341855818422 -0.00127632499509021 0.0052296851717006177 2.0662301395411734e-05 0.0021701371534288559 0.017293451162922892 -0.0044481792594423791 -0.00093954698527061507 0.011556524157338632 0.0019952745717527033 0.0024651362306650588 0.00040258667231504719 0.011485974445795705 0.0056527537997899729 0.0032131071330523363 0.0083332180071551808 0.024879673610614935 0.0017949093743295881 0.018400809303386684 0.0052276571148576071 -0.005544199380321576 -0.0028552793868102566 -0.0091057015975496668 -0.0045570547604342967 0.0013550150306618424 0.01345470024009374 0.00053032728850215482 0.0044632294481373666 -0.0071190813910221029 -0.0034907905113924116
leaf_weight=2648.1667952537537 662.88933515548706 445.53922128677368 1769.2024831771851 7499.4679517745972 259.505619764328 65.202127695083618 9256.0681886672974 5426.0024659633636 400.65146422386169 2510.5810222625732 444.16388654708862 86.825101613998413 101.70897722244263 962.30550742149353 356.93367910385132 3741.9956295490265 102.25312399864197 3331.6619479656219 63.286253213882446 1428.1883225440979 581.42473554611206 3937.1079685688019 1153.5080382823944 1975.9473910331726 137.55237102508545 1010.4577646255493 137.27103209495544 389.51273894309998 88.440820217132568 1177.7888262271881
leaf_count=974 185 146 554 2539 90 21 3304 1873 119 818 151 26 34 309 110 1142 28 1093 20 464 206 1374 428 717 50 294 41 128 30 411
internal_value=-4.81077e-05 -0.00214916 0.00713113 -0.000156184 -0.00481922 0.00565527 -0.0038033 -0.00111307 0.0129098 0.0032781 -0.000921161 0.0112206 0.00258198 0.00301006 0.00708774 0.00788825 0.0165004 0.00279352 0.00422218 0.00579857 -0.00196796 -0.00174531 -0.00676375 -0.00619463 -0.00735413 0.0118266 0.00874898 0.00140305 0.000863285 -0.0024679
internal_weight=52151.6 40345 11806.6 23102.2 17242.9 9406.22 11327.7 17444 2400.35 3538.09 2071.61 1635.21 634.314 3472.89 5868.13 4098.93 765.142 5658.19 2326.53 1491.47 9944.54 9363.11 5915.17 4761.67 2785.72 1548.38 537.922 835.052 532.605 1437.29
internal_count=17679 14032 3647 7843 6189 2954 4020 5992 693 1148 716 480 215 1127 1806 1252 213 1851 758 484 3453 3247 2169 1741 1024 454 160 274 181 501
is_linear=0
shrinkage=0.04


Tree=12
num_leaves=31
num_cat=0
split_feature=7 7 6 6 6 2 6 6 6 6 6 2 10 2 2 14 2 20 6 2 14 6 18 6 17 12 14 5 21 8
split_gain=478.078 91.7258 85.2882 29.1684 27.9674 23.1054 26.5724 9.61839 8.63348 8.58773 7.99875 7.88563 7.42135 7.01577 7.00014 6.13074 5.82044 5.67557 4.97 5.20906 4.76463 4.60218 4.50138 7.92189 5.0313 4.4104 5.62881 5.17008 8.79952 4.38773
threshold=-0.62499999999999989 -1.0000000180025095e-35 0.64615358759467589 0.50897441797776455 0.5167526886005992 0.46943664048471817 0.46025614895561445 0.79421709188616985 0.54005274930724811 0.37880694091675177 0.50064599483204153 0.66738820827306056 257.8928783745817 0.23360150128793278 0.13104466365609393 13.083333333333334 0.36091668353560352 0.91666666666666696 0.60149445395667389 0.55805108326470743 12.550000000000002 0.65964903640959993 12.633333333333335 0.71565335753176051 1.8166666666666669 1.1833333333333336 15.550000000000002 0.023800393244422628 1.291666666666667 1426.5567082377036
decision_type=2 2 2 2 2 2 2 2 2 2 2 2 2 2 2 2 2 2 2 2 2 2 2 2 2 2 2 2 2 2
left_child=2 3 4 9 14 6 -3 22 16 29 -7 18 -6 -11 15 17 -8 -1 19 -12 -14 -10 -4 24 -24 26 -5 -27 -29 -2
right_child=1 5 7 25 12 10 8 -9 21 13 11 -13 20 -15 -16 -17 -18 -19 -20 -21 -22 -23 23 -25 -26 27 -28 28 -30 -31
leaf_value=0.012576800546106701 -0.0073704856439840063 -0.00478444782768818 0.013165964010265506 0.0051176707773127354 0.0055011723697673612 -0.0084616103456755989 -5.4313212324527501e-05 0.023468188671195964 0.00038259722927219361 0.00096609003345892938 -0.0035782316184090018 -0.0079665964056592001 0.0048757832898244629 -0.0012423772500090799 0.0017893028628042261 0.0020513246416225253 -0.0034654345952983491 0.001829962235315222 -0.0017983132554942364 -0.0072920848589975076 0.0093352152651321636 0.0092368770494728018 0.0099007844497479777 0.015667109873975325 0.0026698867852150876 -0.0012547689031409453 -0.0065089757094467585 0.0019180176982513681 0.010629293578880115 -0.0024657466714574829
leaf_weight=274.57968091964722 327.17478704452515 7478.28444480896 1816.1661236286163 1303.1813735961914 4268.7274661064148 1716.2604670524597 1173.2009637355804 122.23254442214966 2123.8564372062683 3268.3946499824524 1380.6158361434937 1261.5112054347992 496.18121933937073 7774.0706694126129 4014.1945259571075 326.6271767616272 2517.5949518680573 110.54850244522095 947.78326392173767 1079.2251284122467 1742.2279500961304 97.276116371154785 460.62386393547058 261.86873531341553 232.42624711990356 687.91982698440552 69.378364086151123 2062.2191331386566 202.97872877120972 2664.8671061992645
leaf_count=86 115 2684 519 430 1330 641 406 31 720 1107 497 472 155 2668 1320 103 900 35 338 394 526 32 135 74 69 228 23 679 66 933
internal_value=7.37503e-05 -0.0022547 0.00635937 -0.000218718 0.00478121 -0.00414485 -0.00320026 0.0124827 -0.00119587 -0.00110386 -0.00612486 -0.00526429 0.00648205 -0.000588678 0.00243847 0.00609201 -0.00238144 0.00950472 -0.00426185 -0.00520994 0.00834933 0.000774359 0.0119898 0.00974147 0.00748312 0.00265268 0.00452567 0.00178091 0.00270296 -0.00300436
internal_weight=52262.2 38135.8 14126.4 18360.2 11233.1 19775.6 13390.2 2893.32 5911.93 14034.5 6385.4 4669.14 6507.14 11042.5 4725.95 711.755 3690.8 385.128 3407.62 2459.84 2238.41 2221.13 2771.08 954.919 693.05 4325.68 1372.56 2953.12 2265.2 2992.04
internal_count=17716 13333 4383 6249 3555 7084 4742 828 2058 4823 2342 1701 2011 3775 1544 224 1306 121 1229 891 681 752 797 278 204 1426 453 973 745 1048
is_linear=0
shrinkage=0.04


Tree=13
num_leaves=31
num_cat=0
split_feature=0 0 6 0 6 6 6 6 15 0 0 6 0 1 13 0 6 19 2 20 13 8 17 10 11 18 6 18 15 11
split_gain=461.491 126.365 61.4949 32.1334 29.9682 19.2592 17.3507 8.86589 6.96416 6.53627 6.10692 9.3029 6.01021 5.92335 5.8965 5.56132 5.94043 5.38672 5.34067 5.68792 4.86955 4.81201 4.80009 4.49653 8.10618 4.47952 7.8227 4.36816 4.32376 4.28616
threshold=0.55749448390367606 0.40060894580793688 0.64615358759467589 0.29692343997102588 0.49362240747610037 0.51159801518503034 0.51542426645519435 0.79421709188616985 4.0833333333333348 0.63736159708496398 0.12400752380607453 0.5980270520118719 0.4656512553891517 0.26774494854140168 1.3666666666666669 0.18146632070201171 0.47429288924134289 3.5500000000000003 0.080182605812060478 1.291666666666667 1.9166666666666667 1695.2341159402495 1.0833333333333337 28.018126953170285 0.4970897291448409 12.633333333333335 0.71565335753176051 12.91666666666667 3.6333333333333337 0.56900406622025324
decision_type=2 2 2 2 2 2 2 2 2 2 2 2 2 2 2 2 2 2 2 2 2 2 2 2 2 2 2 2 2 2
left_child=1 3 6 10 12 -5 9 25 17 20 -1 15 -3 23 -7 -12 -17 -8 -10 22 -2 -11 -20 24 -6 -4 -27 -26 -13 -25
right_child=2 4 7 5 13 14 8 -9 18 21 11 28 -14 -15 -16 16 -18 -19 19 -21 -22 -23 -24 29 27 26 -28 -29 -30 -31
leaf_value=-0.0085065794823819523 0.0017600341298300171 -0.0015161087953459828 0.012739353489707903 -0.0034903882393227986 0.0026770284313553864 0.0025071573158499251 0.00095422006729916947 0.022471082295865408 0.010974827840436378 0.0086013590249991254 -0.0083464140735422104 0.0021887644573218611 0.00028819749479168892 0.0010875035367195031 -0.0012220967684792815 -0.0065580025668655218 -0.0041377903981878114 0.0067357007404307088 0.010680257294894975 0.0041548190065934685 0.010282513198610777 0.00012402669702811134 0.0068366766446327125 -0.0015461221512263524 0.015727058505092019 0.007003519673087457 0.015116855735808121 0.0059924961002470372 -0.0034072176577808807 0.0035177224048272061
leaf_weight=1089.080691576004 2513.8564476966858 6302.9162113666534 1814.1792414188385 9374.1689300537109 370.77017045021057 1135.3082830905914 551.40976977348328 125.13504552841187 556.09610676765442 477.48139190673828 1202.4267175197601 288.30764842033386 5557.8543789386749 2186.0100531578064 1682.3502879142761 3343.4940733909607 3169.6131989955902 483.97344446182251 653.14089798927307 1002.3987622261047 111.1167573928833 138.08051943778992 2627.4505634307861 292.70411229133606 170.39035630226135 675.66317391395569 266.00377106666565 132.81326198577881 936.02485728263855 3036.4857785701752
leaf_count=412 821 2175 511 3339 120 385 172 31 164 148 447 104 1881 735 574 1231 1146 150 199 305 36 43 803 95 55 197 74 43 335 985
internal_value=7.20311e-05 -0.0019794 0.00695831 -0.0039988 0.000506706 -0.00261886 0.00534718 0.0120521 0.00664338 0.00299609 -0.00567591 -0.00533016 -0.000670673 0.00276275 0.000280874 -0.00584418 -0.00538102 0.00366057 0.0072807 0.00679861 0.00212457 0.00670304 0.00760493 0.00367705 0.00665593 0.011571 0.00930899 0.0114967 -0.00208876 0.00307218
internal_weight=52266.7 40270.7 11996 22220.8 18049.9 12191.8 9115 2880.98 5874.47 3240.54 10028.9 8939.87 11860.8 6189.17 2817.66 7715.53 6513.11 1035.38 4839.09 4282.99 2624.97 615.562 3280.59 4003.16 673.974 2755.85 941.667 303.204 1224.33 3329.19
internal_count=17716 14062 3654 7973 6089 4298 2841 813 1793 1048 3675 3263 4056 2033 959 2824 2377 322 1471 1307 857 191 1002 1298 218 782 271 98 439 1080
is_linear=0
shrinkage=0.04


Tree=14
num_leaves=31
num_cat=0
split_feature=0 0 6 0 6 6 6 6 14 6 0 0 1 10 12 23 14 6 4 0 13 8 17 10 10 10 18 1 18 6
split_gain=441.076 122.072 57.6365 31.4028 28.7141 20.9617 16.4168 8.13352 7.46362 7.3214 6.20448 5.78497 5.64731 5.55222 6.21424 5.34306 4.99146 4.79997 7.8481 6.18639 4.61359 4.55164 4.36446 4.34528 4.2625 7.3208 4.21437 4.16626 4.15712 7.28059
threshold=0.55749448390367606 0.40060894580793688 0.64615358759467589 0.26163482688702033 0.49362240747610037 0.47051262664448817 0.51542426645519435 0.79421709188616985 12.816666666666668 0.63505528460908778 0.63736159708496398 0.4656512553891517 0.26774494854140168 285.02219481483604 2.4500000000000006 7.5000000000000009 13.91666666666667 0.57088653027739333 0.6963958789446798 0.18146632070201171 1.9166666666666667 1695.2341159402495 1.2916666666666667 341.35250022792178 28.018126953170285 -1.317341039691996 12.91666666666667 0.27045930689292069 12.633333333333335 0.71565335753176051
decision_type=2 2 2 2 2 2 2 2 2 2 2 2 2 2 2 2 2 2 2 2 2 2 2 2 2 2 2 2 2 2
left_child=1 3 6 17 11 -5 10 28 -8 -7 20 -3 24 14 -10 -15 -14 19 -19 -1 -2 -12 -17 -24 25 -6 -27 -21 -4 -30
right_child=2 4 7 5 12 9 8 -9 13 -11 21 -13 16 15 -16 22 -18 18 -20 27 -22 -23 23 -25 -26 26 -28 -29 29 -31
leaf_value=-0.0093550234037858958 0.0017220247058379499 -0.0014882756240592863 0.012326874112120322 -0.0041178524802426902 0.0027985805725214371 -0.0014120210456060661 0.0043430493717250083 0.02153768285713932 0.007192784292106783 0.0047874524920128022 0.008358078254139617 0.00028239173894327609 0.0023458589959391386 0.0076782993787042906 0.0018567533961061494 0.0074543425400245469 -0.0017810859992020819 -0.0028054979017430228 -0.0074552535613572196 -0.0044551587616270191 0.0099768481604269096 0.0001215656635105381 0.020443777109082722 0.010758835978154928 0.0030018119326122171 0.015467640498911426 0.0058391655038144462 -0.0073229428984985237 0.0068162891810692374 0.014593977119882235
leaf_weight=1234.1906316280365 2518.2848048210144 6293.3675720691681 1837.4385571479797 9204.1261515617371 381.13159394264221 5684.200763463974 1832.3891277313232 127.97879600524902 2366.6596076488495 321.09269452095032 481.60609745979309 5559.4563736915588 1509.1739835739136 846.43692755699158 410.5927836894989 152.00903987884521 679.21466422080994 1414.1708834171295 987.04852890968323 1487.8036234378815 112.26521134376526 138.09764885902405 158.27340817451477 147.25375962257385 3339.4379961490631 163.72374773025513 133.61153364181519 1799.5597140789032 680.41180205345154 270.05545783042908
leaf_count=466 821 2175 511 3309 123 1979 569 31 715 107 148 1881 507 250 124 45 228 511 375 550 36 43 47 43 1080 52 43 676 197 74
internal_value=7.03688e-05 -0.00194407 0.00677233 -0.00393531 0.000496359 -0.00291846 0.00521276 0.0116702 0.00646795 -0.0010798 0.00292775 -0.000657807 0.00270034 0.00742069 0.00640485 0.0095777 0.00106474 -0.00616859 -0.00471914 -0.00693712 0.00207798 0.00652577 0.0130672 0.0158263 0.0035907 0.00648057 0.011175 -0.00602678 0.0112097 0.00903917
internal_weight=52271.1 40191.3 12079.8 22132.2 18059.1 15209.4 9163.87 2915.88 5913.61 6005.29 3250.25 11852.8 6206.29 4081.23 2777.25 1303.97 2188.39 6922.77 2401.22 4521.55 2630.55 619.704 457.536 305.527 4017.9 678.467 297.335 3287.36 2787.91 950.467
internal_count=17716 14062 3654 7973 6089 5395 2841 813 1793 2086 1048 4056 2033 1224 839 385 735 2578 886 1692 857 191 135 90 1298 218 95 1226 782 271
is_linear=0
shrinkage=0.04


Tree=15
num_leaves=31
num_cat=0
split_feature=7 0 7 6 6 6 0 0 6 0 5 6 16 15 15 22 6 12 5 9 8 0 10 0 5 6 2 5 21 11
split_gain=406.738 103.742 63.5267 32.4142 15.8322 15.7916 14.0068 13.6885 8.62239 6.34424 6.84332 5.72243 5.25199 5.07438 5.99241 5.04271 5.00869 5.76384 5.0035 5.18064 5.16356 4.62193 5.19226 4.61564 4.60547 4.15171 3.76894 3.91065 5.59576 4.45393
threshold=-0.62499999999999989 0.32241267934010726 -1.1249999999999998 0.48457573354480576 0.6868689158957616 0.5167526886005992 0.24493787352263166 0.404996570529501 0.57594985386863573 0.40060894580793688 0.027370414018237036 0.38263988522238174 1.0833333333333337 5.0833333333333348 7.916666666666667 62.500000000000007 0.50064599483204153 1.1833333333333336 0.029152802586085217 1432.7380170788274 1804.1339394975 0.30954563692469605 -90.238659403274468 0.11569507422138935 0.031183264839202755 0.39826240086695242 0.32315410333921962 0.023362928287907984 1.4500000000000004 0.58805053038850585
decision_type=2 2 2 2 2 2 2 2 2 2 2 2 2 2 2 2 2 2 2 2 2 2 2 2 2 2 2 2 2 2
left_child=2 6 4 7 13 -4 16 11 -8 10 12 -3 -5 -1 24 -7 -2 23 19 -6 -20 22 -10 -18 -15 -9 27 29 -29 -11
right_child=1 3 5 9 18 15 8 25 21 26 -12 -13 -14 14 -16 -17 17 -19 20 -21 -22 -23 -24 -25 -26 -27 -28 28 -30 -31
leaf_value=0.0060787707184802491 -0.0082979905325759537 -0.0048740518708990047 0.0017535879345308583 -0.0033787752883639634 0.010997592371706935 0.0050520016795810195 -0.0044302851730455275 -0.0020232408782612918 -0.0064422358472644402 -0.0039476714331233642 -0.0022731712633335282 -0.0023631701464333138 0.0026132253721427084 0.0072934565683625387 0.00039132152648441675 0.016117712247112569 -0.0099587252618029819 -0.0038579412325718972 0.0095070173379339391 0.022589061431742014 0.015203406915436238 0.0062175560751412161 0.0012224056425631171 -0.0059539449548776146 0.010701999249429571 -0.0002260372023700587 0.0065898151546726312 0.0020130919326657244 0.0095098144408171503 0.0014800811138831621
leaf_weight=1941.0055570602417 1878.7294194698334 2116.4928624629974 4361.30109333992 284.10566854476929 113.70344114303589 3904.2075908184052 6122.1831665039062 3009.0531594753265 218.04662656784058 369.69361329078674 1423.6458330154419 4637.7851278781891 1307.9085698127747 1157.4495897293091 130.32058215141296 66.253690719604492 626.97174715995789 1529.7180624008179 811.37706899642944 143.62910842895508 378.27202248573303 154.66383171081543 398.31405425071716 1769.0076608657837 1436.5681982040405 6493.7511260509491 271.92939949035645 4357.0941059589386 164.45214700698853 695.22452163696289
leaf_count=579 718 768 1422 98 29 1199 2224 1047 76 123 489 1649 445 340 38 20 242 567 222 38 100 52 138 656 413 2217 88 1432 53 231
internal_value=-2.13747e-05 -0.00220166 0.00568852 -0.000712638 0.00878546 0.00341577 -0.00514846 -0.00177396 -0.00392832 0.00123166 -0.000258995 -0.00315057 0.00154246 0.00764846 0.00876418 0.00524066 -0.00659654 -0.00578037 0.0124435 0.0175297 0.0113295 5.80582e-05 -0.00149512 -0.00700562 0.00918451 -0.000795273 0.00199889 0.00177429 0.0022878 -0.000406136
internal_weight=52272.9 37828.8 14444.1 25131.1 6112.33 8331.76 12697.6 16257.1 6893.21 8874.05 3015.66 6754.28 1592.01 4665.34 2724.34 3970.46 5804.43 3925.7 1446.98 257.333 1189.65 771.025 616.361 2395.98 2594.02 9502.8 5858.39 5586.46 4521.55 1064.92
internal_count=17713 13313 4400 8640 1759 2641 4673 5681 2490 2959 1032 2417 543 1370 791 1219 2183 1465 389 67 322 266 214 898 753 3264 1927 1839 1485 354
is_linear=0
shrinkage=0.04


Tree=16
num_leaves=31
num_cat=0
split_feature=7 0 7 1 0 1 6 0 1 10 6 6 10 6 6 0 15 1 14 15 19 18 5 6 22 6 18 19 0 23
split_gain=389.375 100.602 59.9331 41.5301 17.0137 15.1583 14.7742 8.83918 6.51312 6.48737 5.67671 5.51175 5.30467 5.01171 4.91339 5.26786 4.76449 6.45438 7.53769 5.43396 6.89862 5.64071 4.64347 4.47056 4.42759 4.54032 4.40386 4.22569 7.96892 4.29406
threshold=-0.62499999999999989 0.30436750075997659 -1.1249999999999998 0.27650191376917349 0.404996570529501 0.25626223524809494 0.6868689158957616 0.24493787352263166 0.263287944291622 101.76178382595516 0.38263988522238174 0.47429288924134289 91.039518730524165 0.39826240086695242 0.50064599483204153 0.14020868820969382 5.0833333333333348 0.16996551696369974 17.708333333333339 5.7750000000000012 4.366666666666668 12.633333333333335 0.027678984503769603 0.79421709188616985 70.500000000000014 0.58668396431885772 12.816666666666668 2.8166666666666669 0.47613623223764534 16.500000000000004
decision_type=2 2 2 2 2 2 2 2 2 2 2 2 2 2 2 2 2 2 2 2 2 2 2 2 2 2 2 2 2 2
left_child=2 7 6 8 10 24 16 14 9 12 -5 -9 -3 -6 -2 -16 -1 18 -18 -19 -21 -22 -8 -24 25 -4 -20 28 -10 -29
right_child=1 3 5 4 13 -7 22 11 27 -11 -12 -13 -14 -15 15 -17 17 19 26 20 21 -23 23 -25 -26 -27 -28 29 -30 -31
leaf_value=0.0059216329535171763 -0.0082016730891390326 0.0038977510701253214 0.0036176335868256066 -0.0046023716100835792 -0.0020055005577732992 0.00062085542952219821 0.018586415239699918 -0.0053905594885458952 0.016520254343952906 0.00061926415666619912 -0.0024068244295856541 -0.0026979584786702856 0.011590380024435236 -5.485913400407403e-05 -0.0077033394341786635 -0.0046172586029247535 0.01213259462193212 0.0097232279601055585 0.0077041138222326113 0.0017461883479144159 0.015403678695870067 0.0049816592314060135 0.010582711605819067 0.019691929414250901 0.013432805932052217 0.0061527976801669772 -0.0036141502665287401 0.00067281560495706567 0.00084654323129133456 -0.0058837691586918787
leaf_weight=1952.8404202461243 1863.2042212486267 1863.3810956478119 4388.0661883354187 2529.617963552475 2997.1032729148865 2360.8058590888977 156.60443758964539 2755.8762576580048 75.404158592224121 1052.5665907859802 7403.6467006206512 2183.6124312877655 154.77973461151123 7093.908166885376 1365.7569420337677 2537.3361885547638 1029.7493569850922 562.0873703956604 207.21104621887207 521.90941023826599 134.53324961662292 218.75639820098877 1214.9138419628143 93.54762077331543 84.891538619995117 1526.5039539337158 74.071927547454834 3541.0265345573425 162.19993615150452 166.37647914886475
leaf_count=579 718 604 1378 923 1045 776 40 1017 25 339 2631 780 50 2421 526 939 290 166 58 153 39 64 327 22 26 461 21 1185 54 56
internal_value=-2.11585e-05 -0.00216284 0.00554358 -0.000863388 -0.00179126 0.0033364 0.00853508 -0.00544453 0.00178482 0.00316593 -0.00296635 -0.00420102 0.00449317 -0.000634355 -0.00650883 -0.00569883 0.00743891 0.00851448 0.0105473 0.00665416 0.00467424 0.00898266 0.012045 0.0112485 0.0044047 0.00427287 0.00472136 0.000709248 0.00586902 0.00037707
internal_weight=52272.3 37745.8 14526.5 27040 20024.3 8360.27 6166.23 10705.8 7015.73 3070.73 9933.26 4939.49 2018.16 10091 5766.3 3903.09 4701.16 2748.32 1311.03 1437.29 875.199 353.29 1465.07 1308.46 5999.46 5914.57 281.283 3945.01 237.604 3707.4
internal_count=17713 13313 4400 9333 7020 2641 1759 3980 2313 993 3554 1797 654 3466 2183 1465 1370 791 369 422 256 103 389 349 1865 1839 79 1320 79 1241
is_linear=0
shrinkage=0.04


Tree=17
num_leaves=31
num_cat=0
split_feature=7 0 7 1 1 0 7 1 1 0 0 11 11 14 14 19 12 12 1 19 21 8 2 22 14 0 17 23 9 13
split_gain=372.793 97.5075 56.5709 35.2015 14.4398 13.2918 11.4959 10.6486 8.70204 8.2169 6.81611 6.3049 6.46577 5.46482 7.5795 5.32142 4.91715 4.78947 4.49292 4.27345 6.03217 4.4879 4.17755 4.16269 4.43434 5.35164 4.74132 3.82563 3.79465 3.74566
threshold=-0.62499999999999989 0.32241267934010726 -1.1249999999999998 0.29151890455132051 0.25626223524809494 0.24493787352263166 -2.1249999999999996 0.263287944291622 0.26507308518252154 0.404996570529501 0.30436750075997659 0.64325470036816335 0.62921097769636902 15.550000000000002 16.550000000000004 5.916666666666667 1.8166666666666669 1.2916666666666667 0.29222534517817517 2.9166666666666674 -0.40000000000000002 1475.466957909518 0.24376389963667075 70.500000000000014 15.083333333333334 0.53293254949651025 2.4500000000000006 3.5000000000000004 1477.4618185721486 1.4500000000000002
decision_type=2 2 2 2 2 2 2 2 2 2 2 2 2 2 2 2 2 2 2 2 2 2 2 2 2 2 2 2 2 2
left_child=2 5 6 7 23 16 28 11 10 -5 -7 12 -3 -8 29 -16 -2 -6 -11 21 -21 -9 -22 24 25 -4 -27 -13 -1 -15
right_child=1 3 4 9 17 8 13 19 -10 18 -12 27 -14 14 15 -17 -18 -19 -20 20 22 -23 -24 -25 -26 26 -28 -29 -30 -31
leaf_value=0.011161401755315747 -0.0068013563384067633 0.003661111406202699 0.012204516104494889 -0.0031424635956532648 -0.0012947081762826617 -0.0021145904473980834 0.0066396614614825777 -5.5748235116062885e-05 -0.0044422612875962561 -0.0071059863974392758 0.0057626693928105426 -0.0086160776217393733 0.01245646957866994 0.011514633972770548 0.0069561524670909937 0.016495476639094588 -0.0027965066054604143 0.0023115551560207149 -0.00089891647667045466 -0.0016294407716546447 0.0024680686425761606 0.0050956909539049688 -9.3669727835952502e-06 0.012993639188287165 0.0061027668452139014 0.0029148867441517756 0.007510763180535493 0.0011085356999165953 0.017668944020533536 0.01972693440466413
leaf_weight=661.04630422592163 5185.0032331943512 1701.8979690074921 110.63375949859619 6633.7828295230865 1115.9257318973541 910.60211205482483 3421.239424943924 535.1492166519165 5714.5179286003113 191.81816911697388 216.74157786369324 68.337621450424194 144.41709733009338 466.20128345489502 1268.9633231163025 100.75953030586243 543.90624809265137 1246.3462936878204 5800.3599216938019 2825.5846261978149 1468.6680302619934 546.28983664512634 4204.6851570606232 86.039563179016113 1440.100102186203 3994.9025721549988 394.25805807113647 972.67510485649109 188.16647243499756 112.66062235832214
leaf_count=169 1980 547 35 2390 367 321 994 181 2096 66 73 22 46 132 357 28 203 409 2015 955 493 184 1428 26 438 1244 122 313 47 32
internal_value=-2.09271e-05 -0.00212461 0.00540314 -0.000684043 0.00325914 -0.00499996 0.00829395 0.000823569 -0.00380875 -0.00217271 -0.000596354 0.00295251 0.00435545 0.00760721 0.0093017 0.00766941 -0.00642169 0.000608147 -0.00109877 0.000181709 -0.000119754 0.00254881 0.000632292 0.0042981 0.00416998 0.0035502 0.00332933 0.000462504 0.0126224 0.0131442
internal_weight=52271.7 37664.4 14607.2 25093.7 8388.21 12570.8 6219.04 12467.7 6841.86 12626 1127.34 2887.33 1846.32 5369.82 1948.58 1369.72 5728.91 2362.27 5992.18 9580.38 8498.94 1081.44 5673.35 6025.93 5939.89 4499.79 4389.16 1041.01 849.213 578.862
internal_count=17713 13313 4400 8640 2641 4673 1759 4169 2490 4471 394 928 593 1543 549 385 2183 776 2081 3241 2876 365 1921 1865 1839 1401 1366 335 216 164
is_linear=0
shrinkage=0.04


Tree=18
num_leaves=31
num_cat=0
split_feature=3 0 6 6 0 6 6 0 6 6 6 0 0 16 6 19 12 14 10 9 9 9 14 22 9 21 19 14 12 9
split_gain=342.184 105.143 40.4775 30.8769 16.7644 10.7898 10.2136 8.57253 8.00973 6.15445 5.98693 5.94742 5.91684 5.48181 5.16393 5.0946 4.29743 4.62998 5.56981 5.30616 4.76756 5.41339 5.92077 5.17261 5.15583 4.44128 4.22412 4.13665 3.97974 4.82379
threshold=0.22893141448242041 0.35216560111520917 0.58868058280694213 0.47051262664448817 0.26163482688702033 0.69103016924208982 0.5322167088473061 0.404996570529501 0.5167526886005992 0.50064599483204153 0.63329433540546221 0.17631180886299344 0.4484619984467319 1.2916666666666667 0.34030205905205907 3.8166666666666669 2.7916666666666674 15.91666666666667 182.20355789854378 1503.3906771334118 1415.5593084840898 1373.4674860034131 14.083333333333334 4.5000000000000009 1517.2003709495091 -1.1833333333333329 2.9166666666666674 10.083333333333334 1.9166666666666667 1393.5494605684701
decision_type=2 2 2 2 2 2 2 2 2 2 2 2 2 2 2 2 2 2 2 2 2 2 2 2 2 2 2 2 2 2
left_child=1 4 8 7 9 -4 -6 -3 -2 -1 12 -11 26 -7 -9 -15 17 20 19 -19 21 23 -23 -10 -22 -25 27 -5 29 -16
right_child=2 3 5 10 6 13 -8 14 16 11 -12 -13 -14 15 28 -17 -18 18 -20 -21 24 22 -24 25 -26 -27 -28 -29 -30 -31
leaf_value=-0.0074759367456214707 0.0022566128182208564 -0.0030170112943543716 0.0071443804110572773 0.011941602336155795 -0.0039609462616782666 0.013578961506049744 -0.000626076682915523 -0.0041523916014037871 -0.0057133634364950284 -0.0064741086811401947 0.0055536106994699018 -0.0034555031446238385 0.0021161445472680173 0.0015779137559645889 0.0019828983720064555 0.010179446857690922 -0.001964650048158711 0.02146906101885869 0.006070884636213734 0.0065133483771022136 0.0023932033904036005 0.0071534193787557501 0.017288848300237931 0.010817918141474144 0.0078023676794816655 0.00059501796140113393 -0.00015109607123782307 0.0016638882167886962 0.0026252096586844072 -0.0011232385705690197
leaf_weight=2538.6509721279144 3412.1907105445862 4031.9007766246796 4204.4478600025177 88.918632507324219 7267.0465605258942 732.7955048084259 1842.2835123538971 685.13386988639832 76.728595972061157 2106.64240193367 531.70847153663635 2079.695564031601 5293.9140298366547 132.38090324401855 898.91686773300171 668.03963327407837 134.19725036621094 88.514687299728394 379.18626403808594 67.994955062866211 1425.0866992473602 329.89977407455444 128.73270916938782 143.05709767341614 351.05454087257385 129.01307535171509 4372.9083271026611 208.03054904937744 588.62543439865112 7205.9696700572968
leaf_count=985 1087 1449 1202 30 2667 189 637 240 23 811 167 771 1723 35 308 176 40 26 110 20 428 100 38 43 105 39 1476 70 200 2477
internal_value=-6.73344e-05 -0.00187761 0.0057325 -0.000203089 -0.00440557 0.00819536 -0.00328664 -0.00147479 0.0036116 -0.0059205 0.00142181 -0.0049757 0.00120078 0.0110709 -0.000811535 0.00876059 0.00503157 0.00533309 0.00871863 0.0150542 0.00462801 0.00717644 0.0100297 0.00340672 0.00346611 0.00599025 0.00016286 0.0047712 -0.000547795 -0.000778533
internal_weight=52143.7 39740.3 12403.3 23906 15834.3 5737.66 9109.33 13410.5 6665.66 6724.99 10495.5 4186.34 9963.77 1533.22 9378.65 800.421 3253.47 3119.27 535.696 156.51 2583.57 807.431 458.632 348.799 1776.14 272.07 4669.86 296.949 8693.51 8104.89
internal_count=17672 14011 3661 8140 5871 1602 3304 4674 2059 2567 3466 1582 3299 400 3225 211 972 932 156 46 776 243 138 105 533 82 1576 100 2985 2785
is_linear=0
shrinkage=0.04


Tree=19
num_leaves=31
num_cat=0
split_feature=3 0 6 1 0 1 6 6 6 6 0 16 0 19 9 18 15 9 9 21 9 10 10 19 14 1 19 21 11 11
split_gain=327.468 101.675 38.1983 34.8983 16.329 10.4028 10.0917 9.89553 7.61128 6.02337 5.80045 5.09008 4.86068 4.80288 4.77129 4.52958 4.47483 6.79192 4.46337 4.60808 4.00592 4.84068 4.59368 3.82825 3.80693 3.78081 5.04067 3.88742 3.77811 4.64234
threshold=0.22893141448242041 0.35216560111520917 0.58868058280694213 0.29151890455132051 0.26163482688702033 0.26288747976208487 0.69103016924208982 0.54005274930724811 0.5167526886005992 0.50064599483204153 0.17631180886299344 1.2916666666666667 0.42843014108376637 6.0833333333333348 1598.2065019915888 8.9166666666666696 3.9166666666666674 1386.9582024886747 1400.6894738418143 -0.66666666666666663 1586.5024879585433 30.699445832270957 8.2392096724548782 5.0833333333333348 15.91666666666667 0.24329044841182401 6.2250000000000005 0.91666666666666696 0.34582363683334327 0.4288462914679248
decision_type=2 2 2 2 2 2 2 2 2 2 2 2 2 2 2 2 2 2 2 2 2 2 2 2 2 2 2 2 2 2
left_child=1 4 8 5 9 14 -4 -6 -2 -1 -11 -8 -5 -13 20 16 -10 -18 -7 24 21 22 23 -3 -20 27 -27 -16 -9 -30
right_child=2 3 6 12 7 18 11 28 15 10 -12 13 -14 -15 25 -17 17 -19 19 -21 -22 -23 -24 -25 -26 26 -28 -29 29 -31
leaf_value=-0.0073830187395039363 0.0022067674035416737 0.006144488920793373 0.006952159504517167 -0.0026338931283413857 -0.0038623244572809686 0.0027505265814477976 0.013128524344209549 -0.0046594291754118505 0.0016508619013715739 -0.0063871853092258672 -0.0033987349010704353 0.0072973938830491053 -0.00086146995344540305 0.016464567101245095 0.017811256858987344 0.0043078920441067467 0.021686541992346414 0.0079004044872337583 -0.0020068092442371427 0.00061407624219334304 -0.0051971504610113482 0.0018938070229206579 0.010552983431111815 -0.0039407211167392141 0.0071148597664462444 0.0017015948265267067 0.011158115811376315 0.004537700336574974 0.0038113199095866886 -0.0011586380753404225
leaf_weight=2519.7429172992706 3419.8993806838989 175.09507989883423 4234.5935893058777 6331.1478898525238 7394.7387628555298 1170.8375868797302 742.81397557258606 284.44253468513489 111.47711205482483 2093.0478100776672 2072.521559715271 702.21416020393372 4066.9980547428131 105.2504301071167 78.094614505767822 2818.0395879745483 72.643003463745117 267.69012761116028 1794.4066376686096 6582.8085577487946 109.44828224182129 2698.7872724533081 216.64128375053406 90.684465646743774 75.352681875228882 320.81132173538208 124.71474313735962 65.38481879234314 435.74679660797119 964.52160263061523
leaf_count=985 1087 56 1202 2259 2723 393 189 99 34 811 771 183 1411 28 24 838 21 79 604 2213 35 862 68 29 25 102 39 20 150 332
internal_value=-6.61691e-05 -0.00184389 0.00558621 -0.00019913 -0.00433737 0.0011421 0.00796642 -0.00323209 0.00352707 -0.00583776 -0.0049015 0.0107306 -0.0019408 0.00851119 0.0028904 0.00490687 0.00862504 0.0108979 0.000437048 0.000116301 0.0022956 0.00255494 0.00624192 0.00270152 -0.00163559 0.00620391 0.00436779 0.0118357 -0.00046515 0.00038957
internal_weight=52140.6 39666 12474.6 23901.2 15764.8 13503.1 5784.87 9079.45 6689.75 6685.31 4165.57 1550.28 10398.1 807.465 3879.66 3269.85 451.81 340.333 9623.41 8452.57 3290.66 3181.21 482.421 265.78 1869.76 589.005 445.526 143.479 1684.71 1400.27
internal_count=17672 14011 3661 8140 5871 4470 1602 3304 2059 2567 1582 400 3670 211 1235 972 134 100 3235 2842 1050 1015 153 85 629 185 141 44 581 482
is_linear=0
shrinkage=0.04


Tree=20
num_leaves=31
num_cat=0
split_feature=3 0 6 6 0 6 6 0 6 6 0 6 6 0 18 20 9 22 9 19 2 14 5 19 14 20 14 10 9 9
split_gain=313.421 98.3122 36.0657 28.6936 15.9014 9.59386 9.51431 8.04782 7.23421 5.89359 5.65588 5.49083 5.48514 5.49816 4.27567 4.21629 5.52527 4.09951 5.88715 5.59198 5.17152 4.48835 4.28063 4.04953 3.90748 3.87798 4.30173 4.75183 4.63973 3.80375
threshold=0.22893141448242041 0.35216560111520917 0.58868058280694213 0.47051262664448817 0.26163482688702033 0.5322167088473061 0.67763863121005985 0.40060894580793688 0.5167526886005992 0.50064599483204153 0.17631180886299344 0.34030205905205907 0.63329433540546221 0.4484619984467319 8.9166666666666696 0.22500000000000012 1412.6849648363279 4.5000000000000009 1339.5455837403247 3.2916666666666674 0.18086527557989504 15.550000000000002 0.037018765582126363 2.9166666666666674 10.083333333333334 2.0833333333333339 15.91666666666667 182.20355789854378 1503.3906771334118 1612.4164699919468
decision_type=2 2 2 2 2 2 2 2 2 2 2 2 2 2 2 2 2 2 2 2 2 2 2 2 2 2 2 2 2 2
left_child=1 4 8 7 9 -6 -4 -3 -2 -1 -11 -9 13 23 15 -10 -17 20 19 -19 -13 -20 29 24 -5 26 -16 28 -28 -22
right_child=2 3 6 12 5 -7 -8 11 14 10 -12 17 -14 -15 25 16 -18 18 21 -21 22 -23 -24 -25 -26 -27 27 -29 -30 -31
leaf_value=-0.007290571605004033 0.002158131504791327 -0.0030349938523245813 0.0066134598584467012 0.011572977620333619 -0.003836066350827397 -0.00059962330913761674 0.010061070240024117 -0.004192245247041153 0.0036034914958943615 -0.0063008760569902489 -0.0033427078024804813 0.0088643814547166144 0.0053017781028501729 0.0020352144259717792 0.0037296812532091679 0.019529478761750155 0.0074440224366059326 0.017323984657153711 -0.00049986474659296132 0.00082744703460407832 -0.0031815446103414654 0.004122518416867605 0.0076051578419231549 -0.00015388823837939557 0.0016270236639126443 -0.0037335833239766259 0.020644279950696027 0.00530470798743815 0.0062396569801405231 0.0068960650997610777
leaf_weight=2501.2081441879272 3427.4546580314636 3620.2472279071808 3918.6421480178833 89.9730224609375 7210.416318655014 1839.7522847652435 1912.4788258075714 717.50829839706421 180.52643823623657 2079.7217342853546 2065.4895670413971 65.133287191390991 537.03938150405884 5313.4823088645935 2239.4804060459137 90.89128589630127 184.29252123832703 58.693971872329712 6521.5581657886505 73.422400712966919 1839.3133573532104 353.36871480941772 63.796362400054932 4373.5279674530029 208.38911938667297 94.466817140579224 76.512769460678101 351.02722215652466 68.718369722366333 61.028992414474487
leaf_count=985 1087 1311 1109 30 2667 637 493 253 54 811 771 22 167 1723 667 26 54 20 2247 25 633 120 22 1476 70 28 22 101 20 21
internal_value=-6.50168e-05 -0.00181071 0.00544447 -0.000195237 -0.00426994 -0.00317829 0.00774573 -0.00142464 0.00344478 -0.0057557 -0.00482803 -0.00082669 0.00136733 0.00115522 0.00478579 0.00838177 0.011492 -0.000559021 -0.000100426 0.00823128 -0.00214172 -0.000261711 -0.00251102 0.000154149 0.00465493 0.00420403 0.00447938 0.00784827 0.0139178 -0.00285445
internal_weight=52137.6 39593.1 12544.5 23896.5 15696.6 9050.17 5831.12 13374.1 6713.37 6646.42 4145.21 9753.82 10522.4 9985.37 3285.92 455.71 275.184 9036.32 7007.04 132.116 2029.27 6874.93 1964.14 4671.89 298.362 2830.21 2735.74 496.258 145.231 1900.34
internal_count=17672 14011 3661 8140 5871 3304 1602 4674 2059 2567 1582 3363 3466 3299 972 134 80 3110 2412 45 698 2367 676 1576 100 838 810 143 42 654
is_linear=0
shrinkage=0.04


Tree=21
num_leaves=31
num_cat=0
split_feature=7 3 6 1 1 1 2 3 10 3 1 6 3 13 9 20 2 10 6 15 17 10 20 19 8 11 2 19 8 11
split_gain=307.656 79.6601 47.161 41.1292 14.9153 12.8494 9.71143 7.64361 6.46374 5.69696 6.17232 5.57426 5.55527 5.41315 4.93472 5.75368 4.8733 4.54105 4.45061 4.44714 5.33551 5.10816 4.7717 4.32613 4.26915 4.25176 4.17766 4.52465 4.08189 4.02338
threshold=-0.62499999999999989 -0.82658564717759919 0.59577173691082475 0.29113678145954919 0.263287944291622 0.25682499623986549 0.07573665836204993 -0.3846885701047934 108.41009493249193 -1.14329165201116 0.25023001695035113 0.49358970144445397 -2.1261441789223081 1.3666666666666669 1683.0073464888053 0.91666666666666696 0.12787321866105891 -90.238659403274468 0.79421709188616985 6.0833333333333348 1.8166666666666669 262.50207765033605 -1.1833333333333329 6.6333333333333337 1586.8512959717625 0.41653563039478336 0.12518807825740258 3.2916666666666674 1356.1999963283604 0.60381508900400382
decision_type=2 2 2 2 2 2 2 2 2 2 2 2 2 2 2 2 2 2 2 2 2 2 2 2 2 2 2 2 2 2
left_child=2 9 5 4 8 16 18 -5 23 11 17 -2 -13 25 15 29 26 -11 -4 22 21 24 -18 -3 -21 -6 -1 -28 -15 -8
right_child=1 3 6 7 13 -7 14 -9 -10 10 -12 12 -14 28 -16 -17 19 -19 -20 20 -22 -23 -24 -25 -26 -27 27 -29 -30 -31
leaf_value=0.0050376700098166928 -0.0079482901787977719 0.003857208676446104 0.0095202014666282801 -0.0032071719853871299 -0.0045082474089837357 0.0004591235606480721 0.013566214512865589 -0.001308946204596655 0.00052383094978342083 -0.0048415903224253241 -0.0043791070100142847 -0.0082634581012102897 -0.0043434268129406003 0.0046805086247196769 0.015622362809850337 0.0045527664769600485 0.011258770163027277 0.004804079476767943 0.01706829299055717 0.011930451021409527 -2.8203421750379724e-05 0.018926097073019114 0.0025583726081593516 0.010092285419402004 0.0030674921570267946 0.0011063750362360471 0.019623082646142851 0.0059615109970043026 -0.0012634938562533051 0.00714159983658663
leaf_weight=1676.8332402706146 1504.6382322311401 1910.4113328456879 1548.838766336441 7706.6136968135834 224.32245445251465 2387.474739074707 168.30680823326111 6068.690388917923 990.78998374938965 122.81077480316162 4758.649418592453 711.05997037887573 3129.1487925052643 192.11761331558228 93.118372917175293 1705.2401146888733 102.45879292488098 210.60900568962097 137.08903121948242 151.85539197921753 147.21439218521118 66.540514707565308 4179.7494142055511 195.95296382904053 203.95761322975159 5117.7864947319031 67.37434983253479 92.702638387680054 4333.4202978610992 2228.9513676166534
leaf_count=490 602 610 400 2819 78 781 49 2116 317 44 1774 286 1198 66 25 474 31 74 30 46 44 20 1289 62 61 1729 20 28 1476 629
internal_value=-5.70351e-05 -0.00200609 0.00478711 -0.000849244 0.000767775 0.00297852 0.00757707 -0.00237107 0.00318898 -0.00496965 -0.00401052 -0.00588249 -0.00507123 7.58599e-06 0.00654354 0.00633371 0.00387759 0.00124737 0.0101437 0.00321201 0.0065311 0.00881206 0.00276912 0.00444177 0.0068729 0.00086981 0.00563286 0.0117976 -0.00101018 0.00759813
internal_weight=52134.7 37177 14957.7 26740.1 12964.8 9076.16 5881.54 13775.3 3097.15 10436.9 5092.07 5344.85 3840.21 9867.65 4195.62 4102.5 6688.69 333.42 1685.93 4851.78 569.568 422.354 4282.21 2106.36 355.813 5342.11 1836.91 160.077 4525.54 2397.26
internal_count=17668 13251 4417 9273 4338 2810 1607 4935 989 3978 1892 2086 1484 3349 1177 1152 2029 118 430 1491 171 127 1320 672 107 1807 538 48 1542 678
is_linear=0
shrinkage=0.04


Tree=22
num_leaves=31
num_cat=0
split_feature=7 0 1 1 1 7 1 20 0 0 0 1 2 13 8 15 22 10 1 21 0 20 10 20 17 10 10 1 0 19
split_gain=294.75 77.1379 39.6186 38.4785 14.4603 14.2508 7.24422 8.13896 6.72718 6.45261 5.55612 5.97204 5.27533 4.93539 4.9026 4.4361 4.40721 4.35837 4.33405 4.28317 4.26906 4.07035 4.01698 4.20764 4.51066 4.36827 4.00145 3.9987 3.95937 3.91254
threshold=-0.62499999999999989 0.30436750075997659 0.29151890455132051 0.2323630714726353 0.263287944291622 -1.6249999999999998 0.25682499623986549 -1.1833333333333329 0.40060894580793688 0.53044623089130771 0.24171652455833706 0.25023001695035113 0.048815229077817081 1.3666666666666669 1356.1999963283604 6.916666666666667 7.5000000000000009 -90.238659403274468 0.27391335785052051 -1.0833333333333328 0.10658160070972415 -0.91666666666666641 -77.055266334667962 -0.63333333333333308 0.91666666666666685 8.2392096724548782 127.45995802855511 0.16996551696369974 0.57759440203859513 6.6333333333333337
decision_type=2 2 2 2 2 2 2 2 2 2 2 2 2 2 2 2 2 2 2 2 2 2 2 2 2 2 2 2 2 2
left_child=3 10 4 5 9 12 7 -5 -4 26 18 17 16 22 -15 28 -1 -12 20 21 -2 -7 -6 25 -25 -24 29 -22 -9 -3
right_child=1 2 8 6 13 19 -8 15 -10 -11 11 -13 -14 14 -16 -17 -18 -19 -20 -21 27 -23 23 24 -26 -27 -28 -29 -30 -31
leaf_value=0.014663082307404691 -0.008167341156577421 0.0037938965737134779 -0.0031831255243012836 0.015611721841140276 -0.0055397149152886776 -0.0040352681209363823 0.0004497989955060565 0.0041676426790611251 -0.0013974370639495265 -0.0051863038437951611 -0.0047692761082776917 -0.0043111651876538305 0.007793466110483053 0.0051134358602879168 -0.0012512514558398733 0.011897613917948316 0.0073629112633697182 0.0046864152470180711 -0.0084671737865903117 0.0057702090611956346 0.0034993771046517809 0.0038760412797242574 -0.0017136346414352939 0.0032136093864942802 0.00019916564306784784 0.01130428545996778 0.00086202839553417739 -0.0049764045336911887 0.0014099728138956217 0.0095126820221637723
leaf_weight=379.57334232330322 705.20839786529541 2057.5546705722809 7232.6803638935089 82.99865198135376 153.97838020324707 113.97642469406128 2388.5711555480957 1642.7007715702057 6333.8868901729584 142.07064890861511 122.21761274337769 4737.8563389778137 2115.6475415229797 201.58214282989502 4397.1923778057098 86.524357557296753 208.35119700431824 211.6232225894928 825.57655477523804 5206.9986007213593 90.592803955078125 1111.9095060825348 61.80316162109375 982.65655064582825 4125.0831120014191 121.55840873718262 696.68665862083435 3692.144024848938 1692.1890847682953 210.7321445941925
leaf_count=89 286 655 2659 25 54 33 781 511 2215 45 44 1774 558 69 1500 26 51 74 333 1493 36 321 21 332 1393 41 223 1431 529 66
internal_value=-5.60467e-05 -0.00197031 -0.000833133 0.00466946 0.000731323 0.00629484 0.00214884 0.00330643 -0.0023496 0.00311563 -0.00489551 -0.00394686 0.00873256 -6.49232e-06 -0.000971211 0.00300345 0.0120929 0.00122082 -0.00580008 0.00526913 -0.00530768 0.0031378 0.000808313 0.000994062 0.000779617 0.00693102 0.00351504 -0.00477255 0.00276919 0.00432915
internal_weight=52132.1 37102.7 26717.5 15029.4 13150.9 9136.46 5892.98 3504.41 13566.6 3107.04 10385.2 5071.7 2703.57 10043.9 4598.77 3421.41 587.925 333.841 5313.52 6432.88 4487.95 1225.89 5445.08 5291.1 5107.74 183.362 2964.97 3782.74 3334.89 2268.29
internal_count=17668 13251 9273 4417 4399 2545 1872 1091 4874 989 3978 1892 698 3410 1569 1066 140 118 2086 1847 1753 354 1841 1787 1725 62 944 1467 1040 721
is_linear=0
shrinkage=0.04


Tree=23
num_leaves=31
num_cat=0
split_feature=7 0 6 6 0 4 6 6 6 0 6 12 3 12 5 4 17 21 9 18 23 10 11 5 9 9 15 14 21 5
split_gain=282.402 74.6859 42.7241 32.9897 11.5541 9.40367 8.5638 7.77331 6.73626 5.48198 7.54997 6.23068 5.34829 4.6776 4.68883 4.62807 5.30934 5.60526 4.9998 4.61174 4.30471 4.25995 4.10174 4.09792 4.50982 4.0706 4.01988 3.96702 4.37069 3.87652
threshold=-0.62499999999999989 0.30436750075997659 0.59577173691082475 0.46025614895561445 0.40208360985736746 -1.9198955748520612 0.76122463873887047 0.52496589895598345 0.46930926216640506 0.17631180886299344 0.50064599483204153 1.8166666666666669 1.1023339109012762 2.2916666666666674 0.024624598853734695 -1.2024323281165128 0.81666666666666676 1.8166666666666671 1345.4904933343121 13.633333333333335 15.500000000000002 -90.238659403274468 0.39305994737256417 0.036615073516104275 1350.8200985311905 1683.0073464888053 3.8166666666666669 13.583333333333334 1.6333333333333337 0.040587864268361369
decision_type=2 2 2 2 2 2 2 2 2 2 2 2 2 2 2 2 2 2 2 2 2 2 2 2 2 2 2 2 2 2
left_child=2 9 5 4 -3 19 12 15 26 11 -11 -2 25 14 -6 -5 17 -17 -18 -1 -14 27 -23 24 -10 -4 -7 28 -12 -16
right_child=1 3 6 7 13 8 -8 -9 23 10 21 -13 20 -15 29 16 18 -19 -20 -21 -22 22 -24 -25 -26 -27 -28 -29 -30 -31
leaf_value=0.0059722068673065225 -0.0070857460686364693 -0.0033563882543673892 0.0056782991458998794 0.0022911083304484456 0.0010763786485561636 -0.0019992243753022359 0.014445393252075644 0.0017928558039853198 -0.0024077308353804118 -0.0053695421650486862 -0.0063027850897538753 0.00023058931962815181 0.0088700692145874255 0.0070175861698419262 -0.0017113148549088813 0.0016057358180333263 0.010340053953022361 0.014552000504904771 -0.0012548399402614945 -0.0010481397058821828 0.0013099475186194396 0.0037092779300828072 -0.0022055673398486035 0.0060542834154239632 0.002895080332542935 0.014221246005997008 0.0015770174053677908 -0.00042274978980887898 8.9704339862670105e-05 0.0083696696779244038
leaf_weight=1712.1334595680237 2241.9654521942139 6506.5245199203491 3440.4242022037506 983.89441061019897 1220.591165304184 763.6506781578064 249.07759189605713 5718.3540198802948 272.82852339744568 4545.7403342723846 1103.6586084365845 203.03419494628906 2057.2213020324707 111.34193658828735 6630.7330191135406 508.56206631660461 59.253462314605713 58.852933645248413 4836.5481097698212 163.75251388549805 128.40144848823547 213.64938378334045 1490.6805305480957 614.01854538917542 4138.987016916275 91.119551181793213 1468.1806066036224 333.34372115135193 202.47013998031616 60.624990701675415
leaf_count=496 896 2403 964 324 422 250 56 1870 84 1763 415 79 529 38 2303 177 20 20 1675 48 34 79 546 188 1266 24 478 124 76 21
internal_value=-5.50943e-05 -0.00193511 0.00455516 -0.000817318 -0.00210392 0.00283501 0.00718758 0.000719384 0.00218194 -0.00482212 -0.0043081 -0.00647835 0.00686891 -0.00108794 -0.00120288 -0.000232878 -0.00068777 0.00297178 -0.00111243 0.00535914 0.00842673 -0.00286394 -0.00146236 0.00299389 0.00256668 0.00590268 0.000353011 -0.00431919 -0.00531254 -0.00161874
internal_weight=52129.6 37029.8 15099.8 26695.3 14529.8 9133.55 5966.24 12165.5 7257.67 10334.5 7889.54 2445 5717.17 8023.29 7911.95 6447.11 5463.22 567.415 4895.8 1875.89 2185.62 3343.8 1704.33 5025.83 4411.82 3531.54 2231.83 1639.47 1306.13 6691.36
internal_count=17668 13251 4417 9273 5187 2810 1607 4086 2266 3978 3003 975 1551 2784 2746 2216 1892 197 1695 544 563 1240 625 1538 1350 988 728 615 491 2324
is_linear=0
shrinkage=0.04


Tree=24
num_leaves=31
num_cat=0
split_feature=3 3 7 3 6 6 6 19 6 3 6 6 6 2 3 16 14 5 12 10 20 6 20 1 19 10 21 5 5 5
split_gain=285.503 91.6442 28.4751 24.8808 22.3079 12.8403 9.07918 6.4978 6.33761 5.50097 5.48959 4.94712 4.7438 9.09766 6.09871 4.61518 4.15185 5.25693 4.00154 3.84748 3.83265 3.82265 3.70597 3.60537 5.86239 5.54479 3.83642 3.71341 4.66084 5.00834
threshold=0.22893141448242041 -0.402928476531632 -1.1249999999999998 -0.88786936124721538 0.49358970144445397 0.4833332237555803 0.76122463873887047 6.0833333333333348 0.59577173691082475 1.1547660867873966 0.34030205905205907 0.5980270520118719 0.57376944900321891 0.66738820827306056 -1.5064444700673769 1.7083333333333337 12.816666666666668 0.027325256943959268 2.2916666666666674 257.8928783745817 -1.1833333333333329 0.45396389324960756 0.91666666666666696 0.26288747976208487 2.9166666666666674 67.51483648381533 1.291666666666667 0.036810853221245672 0.028898256765581557 0.024018351583143919
decision_type=2 2 2 2 2 2 2 2 2 2 2 2 2 2 2 2 2 2 2 2 2 2 2 2 2 2 2 2 2 2
left_child=1 3 6 12 10 -5 7 9 20 22 -3 16 14 -14 -1 -10 17 -7 -12 -11 -4 -20 -2 27 25 -25 -26 28 29 -6
right_child=2 4 8 5 23 11 -8 -9 15 19 18 -13 13 -15 -16 -17 -18 -19 21 -21 -22 -23 -24 24 26 -27 -28 -29 -30 -31
leaf_value=-0.0082581702956049437 0.0066514711952836356 -0.0041129140000384732 0.011447305309149733 -0.0032236226686727844 0.00159271449345262 0.0018205562472113045 0.01435686079358899 0.01375955001065898 0.0075455832341278107 0.0036592887995310465 -0.00053157433258060514 0.0026641957425823544 -0.0018202323540840821 -0.0067894811715297522 -0.0050685307196999506 0.0019446457033456504 -0.0028606926569420981 -0.0021403189911351405 0.0097591836888361559 0.0088040908704139255 0.0025392088950804827 -0.00061628360349283505 0.0041302061128813492 -0.002628855439270588 0.00048289918751764791 0.011568642310859951 0.0069038834509841645 0.01056761038104932 0.0013782424321262677 0.0061432939658076216
leaf_weight=1176.0425369739532 2252.0690629482269 683.41413569450378 77.562984228134155 8216.6438684463501 616.99893712997437 1156.5308978557587 261.41355204582214 204.21283650398254 827.19027495384216 268.52106547355652 10674.64634680748 665.73139381408691 1636.1761419773102 921.43591237068176 5272.4362280368805 330.06402540206909 1322.309686422348 997.68929362297058 118.49875783920288 1838.709002494812 5081.4349091053009 108.10008764266968 1605.2547552585602 60.496412515640259 2681.5434064865112 157.43264150619507 156.64997172355652 106.12303256988525 1508.2921915054321 1041.0336678028107
leaf_count=475 629 243 23 3045 194 406 58 54 235 70 3667 217 608 374 2043 93 459 353 40 471 1562 36 447 20 888 51 51 33 474 324
internal_value=-1.66691e-05 -0.00170471 0.00518476 -0.00347382 0.000405384 -0.00230827 0.00705853 0.00674697 0.00327637 0.00650461 -0.000637932 -0.000492231 -0.00507286 -0.00361247 -0.00565143 0.00595118 -0.00109726 -1.39956e-05 -0.000419723 0.00815054 0.00267533 0.00482856 0.00560357 0.00231501 0.0013264 0.00763346 0.000839603 0.00323757 0.00298864 0.00445188
internal_weight=52024.7 39278.2 12746.4 21365 17913.2 12358.9 6430.18 6168.77 6316.25 5964.55 11584.7 4142.26 9006.09 2557.61 6448.48 1157.25 3476.53 2154.22 10901.2 2107.23 5159 226.599 3857.32 6328.57 3056.12 217.929 2838.19 3272.45 3166.32 1658.03
internal_count=17643 14001 3642 7980 6021 4480 1729 1671 1913 1617 3986 1435 3500 982 2518 328 1218 759 3743 541 1585 76 1076 2035 1010 71 939 1025 992 518
is_linear=0
shrinkage=0.04


Tree=25
num_leaves=31
num_cat=0
split_feature=0 0 7 0 6 6 6 6 6 6 6 2 0 6 19 11 19 14 9 1 6 12 11 20 11 6 14 13 14 19
split_gain=274.584 88.4695 26.2161 24.1669 21.4184 12.4103 8.66686 5.34519 5.29609 4.74766 4.64267 9.30912 4.91918 4.19937 4.94996 4.18783 4.12104 4.00464 3.95542 5.25195 3.91368 3.83492 3.80767 6.58732 4.34604 9.10743 4.90499 4.0302 7.66728 3.87563
threshold=0.55749448390367606 0.40060894580793688 -1.1249999999999998 0.2915497133234381 0.49358970144445397 0.4833332237555803 0.67763863121005985 0.34030205905205907 0.59577173691082475 0.5980270520118719 0.53855745252253995 0.66738820827306056 0.17631180886299344 0.76122463873887047 6.0833333333333348 0.82344814813443734 4.6333333333333337 12.816666666666668 1483.3038144172381 0.13091848254571339 0.60594818372787251 2.2916666666666674 0.58805053038850585 -1.3666666666666663 0.63480638994543759 0.51410265682220146 9.6333333333333346 1.0833333333333337 14.083333333333334 6.0833333333333348
decision_type=2 2 2 2 2 2 2 2 2 2 2 2 2 2 2 2 2 2 2 2 2 2 2 2 2 2 2 2 2 2
left_child=1 3 6 10 7 -5 -2 -3 -4 17 12 -12 -1 14 16 -10 18 -7 -8 -20 22 -9 29 -24 25 -25 -26 28 -27 -6
right_child=2 4 8 5 20 9 13 21 15 -11 11 -13 -14 -15 -16 -17 -18 -19 19 -21 -22 -23 23 24 26 27 -28 -29 -30 -31
leaf_value=-0.0089434788985624687 0.0059477232599904981 -0.0040587273503219189 0.0026874448097571079 -0.0031699022554796618 -0.00023372156145242274 -1.3759383734628947e-05 0.0079363962499304705 -0.00052465702622503233 0.0048113727200699962 0.0026043472970936894 -0.0026104338760687107 -0.0070127466429276896 -0.0052888584770790451 0.013870907647078301 0.016977563535572063 0.012364582614298862 0.0045122790002168267 -0.0028120204049344654 0.021484753552335197 0.0084161311161875269 0.004681806451406919 0.0047102741331573389 0.012644821089092199 -0.0026773667249769574 0.0080113054765575849 0.004694657201782082 0.001012255791499292 0.0049299229698394542 0.020599213410711765 0.0061348890177432584
leaf_weight=678.47881054878235 4644.276602268219 683.59848284721375 5118.9767634868622 8190.1992449760437 1652.6105482578278 2154.1945486068726 829.93606734275818 10693.579990148544 1021.0905086994171 667.50739741325378 2608.3966338634491 1089.9834690093994 4583.6936933994293 265.19370055198669 100.51369047164917 132.42013454437256 433.03337144851685 1318.5323722362518 88.480714321136475 114.27284502983093 910.78097605705261 227.69435858726501 100.5085437297821 209.62805986404419 170.47665786743164 112.1955189704895 2446.8193256855011 524.13561940193176 85.496201276779175 167.46729278564453
leaf_count=278 1281 244 1568 3045 537 759 205 3675 288 217 979 446 1797 58 25 37 110 459 21 29 280 76 32 69 55 36 788 168 27 54
internal_value=-1.64837e-05 -0.0016721 0.00508404 -0.00341686 0.000393456 -0.00226774 0.00686929 -0.000630058 0.00324014 -0.00048275 -0.0049977 -0.00390942 -0.00576168 0.00920174 0.00840281 0.00568842 0.00780361 -0.00107671 0.00917806 0.0141967 0.00225494 -0.000415094 0.00185003 0.00259523 0.00230712 0.00465236 0.00147102 0.00678177 0.011642 0.000355308
internal_weight=52024.2 39276 12748.2 21291 17985 12330.4 6475.71 11604.9 6272.49 4140.23 8960.55 3698.38 5262.17 1831.43 1566.24 1153.51 1465.72 3472.73 1032.69 202.754 6380.12 10921.3 5469.34 3649.26 3548.75 931.455 2617.3 721.827 197.692 1820.08
internal_count=17643 14021 3622 7980 6041 4480 1729 3995 1893 1435 3500 1425 2075 448 390 325 365 1218 255 50 2046 3751 1766 1175 1143 300 843 231 63 591
is_linear=0
shrinkage=0.04


Tree=26
num_leaves=31
num_cat=0
split_feature=0 0 7 0 6 6 6 6 6 6 2 0 1 14 5 16 16 6 19 18 16 21 14 8 6 6 8 2 18 19
split_gain=262.885 85.3978 24.8018 23.4696 20.535 11.9936 8.14559 5.16199 5.02901 4.56801 8.63968 5.89358 4.56454 5.42451 8.22873 4.21313 4.09015 3.9075 4.60142 3.98088 5.34789 4.68779 3.90418 4.65613 3.97636 3.72642 3.69884 4.04557 5.5095 4.85068
threshold=0.55749448390367606 0.40060894580793688 -1.1249999999999998 0.2915497133234381 0.49358970144445397 0.4833332237555803 0.67763863121005985 0.34030205905205907 0.59577173691082475 0.57376944900321891 0.66738820827306056 0.18146632070201171 0.264252428072904 12.816666666666668 0.027204318831093536 1.0833333333333337 1.7083333333333337 0.76122463873887047 6.0833333333333348 11.91666666666667 1.0833333333333337 -0.54999999999999982 11.816666666666668 1492.9666026277644 0.54897037332270504 0.60594818372787251 1483.5038548463904 0.2586451277422655 12.29166666666667 3.8166666666666669
decision_type=2 2 2 2 2 2 2 2 2 2 2 2 2 2 2 2 2 2 2 2 2 2 2 2 2 2 2 2 2 2
left_child=1 3 6 9 7 -5 -2 -3 -4 11 -11 -1 -7 14 15 -14 -10 18 19 -8 -21 -22 23 24 -17 -6 27 28 -9 -29
right_child=2 4 8 5 25 12 17 26 16 10 -12 -13 13 -15 -16 22 -18 -19 -20 20 21 -23 -24 -25 -26 -27 -28 29 -30 -31
leaf_value=-0.0080782819791346515 0.0057946941753498314 -0.0039945442187580499 0.0026269337551383665 -0.0031169080940857976 0.0018099751805782413 0.0020485041432570829 0.0094063086468415772 -0.0011765208677707425 0.0070478907034824106 -0.0017401608198067322 -0.0066079806850357645 -0.0049202029340486989 -0.0019486890327069181 -0.0032353393135735038 -0.0026235042994437897 0.0073291513405777577 0.0017892632787256356 0.013407933912897119 0.016363380910016382 0.010840466238517062 -0.0043809766482358105 0.0051190078944117357 0.0090569693609445084 -0.0024991249385568491 -0.0012715478912045666 0.0045672842987660115 0.00018128459726790767 -0.00079043702677708441 0.0036952845701373324 -0.0049537302936850771
leaf_weight=1158.0761692523956 4671.9817860126495 680.8295750617981 5132.752228975296 8164.2781400680542 5479.4475901126862 898.04795122146606 837.40442299842834 2003.6064877510071 827.64302706718445 1628.942821264267 908.80540251731873 5220.0915350914001 254.64801692962646 1251.091185092926 928.23138403892517 296.87053322792053 332.43978333473206 268.8978099822998 102.2347354888916 188.54815196990967 108.79302453994751 342.43604063987732 183.64014410972595 205.16241717338562 120.55120015144348 915.0550742149353 6663.0999994277954 941.68793129920959 454.87680578231812 853.46916770935059
leaf_count=475 1281 244 1568 3045 1766 294 205 688 232 608 374 2043 90 438 331 105 93 58 25 46 28 86 64 72 41 280 2282 328 156 297
internal_value=-1.6281e-05 -0.00164172 0.00495761 -0.00336062 0.000385484 -0.00222782 0.0066865 -0.000617948 0.00316545 -0.00492328 -0.00348532 -0.00549479 -0.000473425 -0.00117282 0.000125427 0.00253087 0.00554379 0.00893638 0.00816709 0.00758914 0.00519969 0.0028239 0.00394641 0.00242686 0.00484817 0.0022052 -0.000407018 -0.00132839 -0.000273987 -0.00277144
internal_weight=52023.6 39210.5 12813.1 21218.4 17992.1 12302.5 6520.3 11597.6 6292.84 8915.92 2537.75 6378.17 4138.24 3240.19 1989.1 1060.87 1160.08 1848.31 1579.42 1477.18 639.777 451.229 806.224 622.584 417.422 6394.5 10916.7 4253.64 2458.48 1795.16
internal_count=17643 14021 3622 7980 6041 4480 1729 3995 1893 3500 982 2518 1435 1141 703 372 325 448 390 365 160 114 282 218 146 2046 3751 1469 844 625
is_linear=0
shrinkage=0.04


Tree=27
num_leaves=31
num_cat=0
split_feature=0 0 1 1 2 0 6 18 6 2 0 6 2 10 6 6 18 2 9 12 22 11 10 22 6 19 19 20 6 22
split_gain=251.003 52.2349 51.2357 24.5034 10.3636 9.80615 9.55328 5.89031 5.86771 8.6051 8.54783 4.95283 4.27063 3.73647 3.64768 5.29392 3.70501 4.53664 3.87051 3.64676 5.70975 3.63828 6.32992 4.14583 3.98482 3.73661 3.58291 3.56408 3.71547 4.4301
threshold=0.49281796658898136 0.30436750075997659 0.23415996529920899 0.26507308518252154 0.054715890876612903 0.40060894580793688 0.46930926216640506 10.083333333333334 0.53855745252253995 0.66738820827306056 0.18146632070201171 0.37637085479621152 0.10946559064862037 467.24604359783581 0.52301805337519636 0.54897037332270504 12.29166666666667 0.30778309911987461 1339.5455837403247 0.81666666666666676 8.5000000000000018 0.37489128847861747 -81.842959239939418 4.5000000000000009 0.66628264208909382 4.0833333333333348 4.0833333333333348 2.4166666666666674 0.61632088684216779 14.500000000000002
decision_type=2 2 2 2 2 2 2 2 2 2 2 2 2 2 2 2 2 2 2 2 2 2 2 2 2 2 2 2 2 2
left_child=1 8 4 -3 7 11 -4 -2 10 21 -1 -5 13 27 16 -16 17 18 -7 20 -8 23 -23 -10 -24 -25 -17 28 -6 -30
right_child=2 3 6 5 12 14 19 -9 9 -11 -12 -13 -14 -15 15 26 -18 -19 -20 -21 -22 22 24 25 -26 -27 -28 -29 29 -31
leaf_value=-0.0092030199386190868 0.0051559513913199077 0.0029890467817767492 0.00017536047498091669 -0.004069149867686586 0.0055487851189330549 0.005882630773831026 0.0040510262948577711 0.012041612237229434 0.0019820708665138935 -0.0062982986155082857 -0.0046715847410542868 -0.0018772601203966028 0.004616257817339822 0.0015094090451674147 0.003759326806215651 0.0039346787568140416 0.00024975197857913064 0.0074836038278780024 -0.0017087945024232792 0.0024681014075123306 0.017115147464954523 0.010480436335021855 -0.0018082010372610434 -0.01218852904879765 0.0078674470381491137 -0.0035686726542676281 -0.0036820197327349247 0.00068843578835609117 0.0088631732102426603 -0.00079458031407950603
leaf_weight=758.80913662910461 297.16359615325928 2212.3225853443146 4193.8608808517456 2074.4285516738892 1366.0546858310699 108.52608966827393 247.37979865074158 613.94588398933411 204.98598837852478 1064.9596071243286 5484.8353686332703 8061.8620223999023 5369.1648664474487 230.12828207015991 694.08719754219055 134.29923129081726 3207.8369131088257 88.949975252151489 5814.5927791595459 4939.9935042858124 67.684757471084595 78.748072385787964 1050.21249127388 84.976998567581177 71.838111877441406 1311.0715110301971 366.07986855506897 145.93877840042114 1546.6905086040497 79.752897500991821
leaf_count=316 71 699 1392 787 379 37 78 140 79 442 2156 2933 1513 59 229 44 1106 30 2021 1545 21 29 386 32 26 500 120 37 395 21
internal_value=4.60826e-05 -0.00207269 0.00369309 -0.00100995 0.00574322 -0.00144058 0.00159919 0.00980393 -0.00446502 -0.00323898 -0.00522369 -0.0023262 0.00531872 0.00643668 -0.000578468 0.00150052 -0.000847941 -0.00143358 -0.00156873 0.00273525 0.00690284 -0.00207432 -0.000409352 -0.00332203 -0.00118227 -0.00410171 -0.00163397 0.00679738 0.00709497 0.00838941
internal_weight=51971.2 32873.4 19097.8 22763 9648.84 20550.7 9448.92 911.109 10110.4 3866.79 6243.64 10136.3 8737.73 3368.57 10414.4 1194.47 9219.91 6012.07 5923.12 5255.06 315.065 2801.83 1200.8 1601.03 1122.05 1396.05 500.379 3138.44 2992.5 1626.44
internal_count=17623 11972 5651 8006 2615 7307 3036 211 3966 1494 2472 3720 2404 891 3587 393 3194 2088 2058 1644 99 1052 441 611 412 532 164 832 795 416
is_linear=0
shrinkage=0.04


Tree=28
num_leaves=31
num_cat=0
split_feature=0 0 1 1 14 0 6 6 0 2 0 14 6 14 17 2 18 18 13 22 13 16 6 13 15 5 5 19 8 8
split_gain=240.726 50.5676 48.6725 23.5268 9.86806 9.46213 9.13617 5.7108 8.3726 8.3645 5.39656 6.05168 4.79822 4.5676 4.65518 4.4514 6.21356 5.20379 4.99592 4.88138 4.88815 4.46378 4.12995 4.02584 3.76174 3.93318 3.71445 3.6998 3.58761 8.69585
threshold=0.49281796658898136 0.30436750075997659 0.23415996529920899 0.26507308518252154 15.550000000000002 0.40060894580793688 0.46930926216640506 0.53855745252253995 0.18146632070201171 0.66738820827306056 0.84755925933696641 17.708333333333339 0.37637085479621152 13.708333333333334 1.2916666666666667 0.13104466365609393 14.633333333333335 15.550000000000002 2.0833333333333335 8.5000000000000018 1.4500000000000002 1.2916666666666667 0.55229625869597776 0.45000000000000007 5.0833333333333348 0.026109974790416438 0.029810446631616031 2.2916666666666674 1622.6243456639352 1583.3226139831515
decision_type=2 2 2 2 2 2 2 2 2 2 2 2 2 2 2 2 2 2 2 2 2 2 2 2 2 2 2 2 2 2
left_child=1 7 4 -3 15 12 -4 8 -1 13 11 22 -5 -9 -15 16 18 -18 19 20 24 -21 -6 -17 27 -26 -11 -2 29 -22
right_child=2 3 6 5 10 -7 -8 9 -10 26 -12 -13 -14 14 -16 23 17 -19 -20 21 28 -23 -24 -25 25 -27 -28 -29 -30 -31
leaf_value=-0.0091045899339999223 -0.003917033226144782 0.0029208724040288609 0.00017184762728090751 -0.0040047807886183446 0.0032729614722018835 -0.00056731641534582457 0.0026735878394834735 -0.0028409894902671397 -0.0046004619343371755 -0.0098157409836588244 0.011430637251837614 0.0044855989257971806 -0.0018434678039576761 -0.001545992422334874 0.0060702180857605181 -0.0047052694512305692 -0.0083263513891373257 0.0057620451922443848 -0.0034963859250789786 0.00071459541016772416 0.0082806665940219765 0.0079337795951963733 0.0088824301673446245 0.0037371375275875186 0.0004835738768123423 0.0088472453974574351 -0.0046435665384358038 0.0052189084383274876 0.0068331025146795912 0.023823384472025345
leaf_weight=751.85782790184021 75.497831344604492 2218.9452133178711 4194.5963749885559 2066.0045847892761 243.63053250312805 10408.35257101059 5269.4381031990051 2241.9159572124481 5459.2722134590149 319.45869183540344 443.16953706741333 1203.97145819664 8046.7420148849487 353.84601664543152 200.27777576446533 92.670011281967163 90.865980386734009 76.26158332824707 85.751459121704102 419.83099770545959 158.88668465614319 202.61277794837952 1594.3563969135284 2709.9480216503143 100.23678374290466 887.16717028617859 738.81458592414856 1022.0258932113647 206.51260852813721 91.015522241592407
leaf_count=316 21 699 1392 787 69 3587 1644 846 2156 133 97 311 2933 132 74 27 25 20 23 114 43 53 419 773 28 232 309 282 54 24
internal_value=4.50283e-05 -0.00203584 0.00360622 -0.000990934 0.0055966 -0.00141404 0.00156492 -0.00439619 -0.00514706 -0.00318516 0.00730136 0.00669622 -0.00228537 -0.00203747 0.00121272 0.00464027 0.00561008 -0.00190167 0.00599688 0.00625521 0.00703299 0.00307348 0.00814106 0.00345641 0.00620646 0.00799955 -0.00621267 0.00458746 0.0107868 0.0140138
internal_weight=51973.9 32805.5 19168.4 22740 9704.41 20521.1 9464.03 10065.4 6211.13 3854.31 3485.13 3041.96 10112.7 2796.04 554.124 6219.28 3416.67 167.128 3249.54 3163.79 2541.34 622.444 1837.99 2802.62 2084.93 987.404 1058.27 1097.52 456.415 249.902
internal_count=17623 11972 5651 8006 2615 7307 3036 3966 2472 1494 896 799 3720 1052 206 1719 919 45 874 851 684 167 488 800 563 260 442 303 121 67
is_linear=0
shrinkage=0.04


Tree=29
num_leaves=31
num_cat=0
split_feature=0 0 0 6 6 0 14 6 6 0 2 19 0 14 20 21 5 14 17 6 8 11 9 13 5 2 0 20 15 6
split_gain=230.881 48.9475 43.3304 21.3043 13.8748 8.45494 6.99563 5.84545 5.55692 8.19893 8.13004 5.2582 5.0555 4.46584 5.29892 4.44535 4.42612 4.40432 4.44706 4.27845 4.12218 6.25598 3.93477 3.67195 3.64434 3.48976 4.61532 3.40245 3.37493 3.32669
threshold=0.49281796658898136 0.30436750075997659 0.65146894011415879 0.52301805337519636 0.46930926216640506 0.40060894580793688 12.29166666666667 0.79421709188616985 0.53855745252253995 0.18146632070201171 0.66738820827306056 2.6333333333333337 0.63313934485512513 14.733333333333336 0.81666666666666698 1.3666666666666669 0.022788593439458608 13.708333333333334 1.2916666666666667 0.62165522140658303 1635.491687823521 0.68344648865076718 1610.2281989832234 0.81666666666666676 0.029810446631616031 0.34864997919286328 0.41849044165928068 -0.16666666666666682 6.7083333333333348 0.37637085479621152
decision_type=2 2 2 2 2 2 2 2 2 2 2 2 2 2 2 2 2 2 2 2 2 2 2 2 2 2 2 2 2 2
left_child=1 8 4 5 12 23 20 16 9 -1 17 -5 -2 14 -6 -7 -8 -10 -19 28 21 -4 -17 -3 -12 26 -21 -27 -13 -25
right_child=2 3 6 11 13 15 7 -9 10 -11 24 19 -14 -15 -16 22 -18 18 -20 25 -22 -23 -24 29 -26 27 -28 -29 -30 -31
leaf_value=-0.009006320104934842 7.9083259552339082e-05 -0.004666016313609439 -0.0046423253132401804 0.011390408605886233 0.003156314770017014 -0.00088197091768360883 -0.0019125487782350678 0.01420226127010165 -0.0027925818334879142 -0.0045300965324465035 -0.0097169426064554875 0.00096710999496373159 0.0093374346375890132 0.0045445736303981847 0.00033439311540982676 0.013425713731761275 0.0066425460662834293 -0.0015177319598516455 0.0059140470865042642 0.015434762325870061 -0.00030643844996080838 0.0067709794790061974 0.00031553182190009521 -0.0037700514830623917 -0.0045728240522276984 -0.0043559414639872344 0.004448764590962012 0.0044780670565377012 -0.0046031339074682895 -0.0017445867302781162
leaf_weight=745.04354119300842 4139.8992033004761 1103.1275570392609 89.654723167419434 81.545537233352661 4658.4759297370911 9103.6755232810974 98.151967287063599 161.62304210662842 2235.5557367801666 5434.2147564888 316.338303565979 3907.6808650493622 95.56786322593689 2425.2495017051697 1380.3314397335052 64.482747316360474 5308.7444024085999 353.29939579963684 201.49720287322998 75.487337589263916 368.1707878112793 511.86560654640198 83.239462852478027 1668.0027756690979 735.39180326461792 118.93338203430176 314.06283926963806 165.78786826133728 181.16335010528564 5850.3651785850525
leaf_count=316 1375 413 25 26 1419 3158 26 32 846 2156 133 1292 29 711 417 22 1373 132 74 23 102 142 28 638 309 38 96 52 59 2161
internal_value=4.39956e-05 -0.00199958 0.00352169 -0.000972251 0.00215929 -0.00160998 0.00616723 0.00671336 -0.00432813 -0.00507117 -0.00313209 0.00138031 0.000290141 0.00309448 0.00251145 -0.000769998 0.00648692 -0.00200115 0.00118721 0.00120658 0.00302735 0.00506498 0.0060901 -0.00251114 -0.00612783 0.00415636 0.00661171 0.000785606 0.000719245 -0.00219439
internal_weight=51976.6 32738.9 19237.7 22717.6 12699.5 17872.9 6538.21 5568.52 10021.3 6179.26 3842.08 4844.66 4235.47 8464.06 6038.81 9251.4 5406.9 2790.35 554.797 4763.12 969.691 601.52 147.722 8621.5 1051.73 674.271 389.55 284.721 4088.84 7518.37
internal_count=17623 11972 5651 8006 3951 6420 1700 1431 3966 2472 1494 1586 1404 2547 1836 3208 1399 1052 206 1560 269 167 50 3212 442 209 119 90 1351 2799
is_linear=0
shrinkage=0.04


Tree=30
num_leaves=31
num_cat=0
split_feature=7 0 2 6 0 6 6 6 14 9 5 19 2 5 8 0 13 5 14 6 5 12 8 8 6 18 5 17 0 6
split_gain=211.156 67.6721 28.0811 18.2945 10.688 9.92004 8.14726 6.48477 4.98075 4.87918 4.84075 4.79927 4.62726 4.2204 4.00158 4.1989 4.43427 4.00749 6.89026 3.86931 3.80993 3.73623 3.66906 3.83713 3.47566 3.41779 3.26901 3.65175 5.15963 3.18029
threshold=-0.62499999999999989 0.35216560111520917 0.10604117212431062 0.46811203738050161 0.24171652455833706 0.51856042716204886 0.53855745252253995 0.57088653027739333 12.550000000000002 1393.5494605684701 0.03287111723057002 7.916666666666667 0.68192277820999248 0.023122382601415196 1483.5038548463904 0.39033710958789153 1.9166666666666667 0.028234106351540337 11.633333333333335 0.38077788302154875 0.030179717627363493 1.6333333333333335 1613.9186432600857 1364.4822006494289 0.43417679331384923 7.916666666666667 0.02704552376331926 1.8166666666666669 0.45620488027595268 0.52496589895598345
decision_type=2 2 2 2 2 2 2 2 2 2 2 2 2 2 2 2 2 2 2 2 2 2 2 2 2 2 2 2 2 2
left_child=2 4 8 9 7 -4 19 -2 10 26 -1 29 -9 -10 -11 17 -17 -16 24 -6 -14 -20 23 -8 -19 -21 -3 28 -28 -5
right_child=1 3 5 11 6 -7 22 12 13 14 -12 -13 20 -15 15 16 -18 18 21 25 -22 -23 -24 -25 -26 -27 27 -29 -30 -31
leaf_value=0.0061653634466483347 -0.0063755026179999931 0.0047439203576392849 0.00146240416703871 0.00027914940445167058 -0.0051847474571640245 0.003866309638782991 -0.0065104904422545211 -0.0018860678533750641 -0.0013091257520846129 -0.0023913258756235074 -0.0010901195334860115 0.011820373755596676 -0.01030165107197039 0.0075264813343857385 -0.0048114992445652035 -0.0005864930992511893 0.0060917555049405728 -0.001700326838110012 0.0020459931614063495 0.0045573426221862095 -0.0041098242866946574 0.014446570111582371 -0.0062613692941872493 0.00024885004254971349 -0.013029526234043113 -0.0031954755794247865 -0.0030079111343465151 -0.0037525350147765402 0.0062928392101844876 0.0017618705732860545
leaf_weight=387.02683448791504 3084.7163486480713 321.66250014305115 4713.4672727584839 4650.8345363140106 1812.5071437358856 6587.3563554286957 144.27632737159729 1208.2922649383545 88.459835052490234 4670.4435129165649 236.5642626285553 65.275647163391113 218.61051678657532 3419.9648735523224 739.0962085723877 5179.2813172340393 163.12390279769897 198.29782795906067 120.40281414985657 91.538640260696411 586.79395866394043 56.705172061920166 176.9044086933136 1789.9404242038727 54.585277318954468 6018.9331707954407 166.29632878303528 268.3747444152832 221.50372624397278 4607.4883434772491
leaf_count=106 1278 112 1490 1571 705 1852 52 467 23 1677 63 20 93 849 276 1811 57 75 45 35 248 21 62 629 20 2309 59 93 76 1474
internal_value=-2.81513e-05 -0.00168219 0.00389606 -0.000238921 -0.00373101 0.00286388 -0.00297271 -0.00522254 0.00671763 -0.00126099 0.0034156 0.00109404 -0.00345406 0.00730339 -0.00149794 -0.000856885 -0.000381479 -0.00302718 4.38753e-05 -0.00356101 -0.00580116 0.00607514 -0.000764194 -0.000258444 -0.00418744 -0.00307861 0.00144745 -0.000173273 0.00230702 0.00101715
internal_weight=52048.7 36615.9 15432.8 21483.4 15132.5 11300.8 10034.1 5098.41 4132.02 12159.8 623.591 9323.6 2013.7 3508.42 11181.9 6511.49 5342.41 1169.09 429.991 7922.98 805.404 177.108 2111.12 1934.22 252.883 6110.47 977.837 656.175 387.8 9258.32
internal_count=17648 13265 4383 7387 5878 3342 3792 2086 1041 4322 169 3065 808 872 3982 2305 1868 437 161 3049 341 66 743 681 95 2344 340 228 135 3045
is_linear=0
shrinkage=0.04


Tree=31
num_leaves=31
num_cat=0
split_feature=7 0 7 0 15 14 19 7 0 2 8 5 14 18 21 12 23 16 21 0 3 14 18 21 5 0 22 14 19 19
split_gain=202.404 65.3859 26.6622 10.3929 8.10355 7.05892 6.47064 6.01518 5.47256 5.41062 5.52988 4.65649 4.62032 6.16184 4.22218 4.21408 4.73091 3.91562 5.18405 5.25993 3.84712 3.72772 3.5363 4.13107 3.82953 3.58199 3.52444 3.79816 4.05141 3.99457
threshold=-0.62499999999999989 0.35216560111520917 -1.1249999999999998 0.24171652455833706 4.7750000000000012 12.550000000000002 7.916666666666667 -2.1249999999999996 0.40208360985736746 0.31982536311144349 1455.9976886288739 0.027204318831093536 18.416666666666668 15.91666666666667 1.291666666666667 1.8166666666666669 8.5000000000000018 2.2916666666666674 0.16666666666666663 0.48861376932024447 -0.083955993167910109 19.083333333333339 14.183333333333335 -0.16666666666666682 0.033333366556755457 0.30436750075997659 14.500000000000002 10.816666666666668 3.9166666666666674 3.8166666666666669
decision_type=2 2 2 2 2 2 2 2 2 2 2 2 2 2 2 2 2 2 2 2 2 2 2 2 2 2 2 2 2 2
left_child=2 3 5 15 8 26 -6 -7 -3 11 -11 17 13 -9 -13 16 -2 18 20 -20 -10 -14 24 -24 -5 -25 27 28 -1 -29
right_child=1 4 -4 22 6 7 -8 12 9 10 -12 14 21 -15 -16 -17 -18 -19 19 -21 -22 -23 23 25 -26 -27 -28 29 -30 -31
leaf_value=0.010300978611491454 -0.0048493901684821027 -0.0018640504607163606 0.0023549999320416114 -0.0030514292354741576 0.00091189402714005529 0.0092753528613414658 0.01373351032309887 0.0058769377836634428 -0.0008047658173542916 -0.0019407321397237416 0.012619244687629576 -0.00092657232655592896 -0.0023145516686114255 0.013647572516239135 0.0056529530923148299 -0.0015716926318304859 -0.0079941728569617437 -0.0073460205688933994 0.0064583058177738921 -0.0029859736958947466 0.0029723140976333213 0.0045171253058573623 -0.0056138059321109478 -0.0023901248411377996 -0.0058941135335902608 0.00072728725137289338 -0.0051788477123235538 -0.00054347813835230196 -0.00027171001703348116 0.0050075010601527718
leaf_weight=211.82920861244202 3618.2742781639099 4595.8220729827881 8794.4018843173981 6326.6214518547058 5660.5225048065186 915.3004469871521 62.6922447681427 3808.577712059021 1345.3633735179901 69.29436469078064 103.05132293701172 8161.9176111221313 182.47991347312927 170.28304314613342 158.10821843147278 478.99114441871643 974.61967587471008 83.671269416809082 487.56474351882935 116.30828762054443 633.96397089958191 421.4625244140625 376.54470682144165 1442.3382222652435 862.31202363967896 996.53111886978149 79.347184896469116 432.74182343482971 79.639415502548218 397.04985594749451
leaf_count=58 1495 1676 2660 2410 1889 202 19 995 463 22 32 2792 47 43 53 189 402 28 167 38 208 107 141 547 332 362 22 119 22 108
internal_value=-2.77325e-05 -0.00165166 0.00380363 -0.00367079 -0.000234269 0.00570483 0.00105472 0.00631174 -0.000702546 -0.000224067 0.00678775 -0.000334666 0.00571794 0.00621284 -0.000800875 -0.00514598 -0.00551831 0.00111956 0.0013965 0.00463737 0.000405895 0.00245253 -0.00292248 -0.00171982 -0.00339318 -0.00111656 0.00292262 0.00350003 0.0074211 0.00211546
internal_weight=52047.6 36554.5 15493.1 15076.2 21478.3 6698.71 5723.21 5498.1 15755.1 11159.2 172.346 10986.9 4582.8 3978.86 8320.03 5071.89 4592.89 2666.87 2583.2 603.873 1979.33 603.942 10004.3 2815.41 7188.93 2438.87 1200.61 1121.26 291.469 829.792
internal_count=17648 13265 4383 5878 7387 1723 1908 1394 5479 3803 54 3749 1192 1038 2845 2086 1897 904 876 205 671 154 3792 1050 2742 909 329 307 80 227
is_linear=0
shrinkage=0.04


Tree=32
num_leaves=31
num_cat=0
split_feature=7 0 2 1 0 1 1 8 0 9 14 1 14 14 0 12 0 5 8 9 10 9 10 9 9 5 12 1 19 14
split_gain=194.026 63.1709 25.4674 18.7778 10.1037 7.76709 7.1314 6.11236 5.43744 4.98204 5.4504 4.84246 4.45347 5.4694 4.41152 4.78854 4.34997 4.21977 5.22216 4.04924 4.03021 4.02877 3.9029 3.84431 3.61684 4.61506 4.33783 3.61437 3.52385 3.7085
threshold=-0.62499999999999989 0.35216560111520917 0.10604117212431062 0.27650191376917349 0.24171652455833706 0.25682499623986549 0.27091769632850804 1333.1832712465218 0.53044623089130771 1631.5273595722524 12.91666666666667 0.27045930689292069 15.550000000000002 16.550000000000004 0.18146632070201171 1.9166666666666667 0.84755925933696641 0.029152802586085217 1469.7463931576765 1537.2565846073137 171.35452019496634 1575.1029472166731 4.2460834916070107 1324.3781144241082 1497.8703041414326 0.029868536370147861 1.2916666666666667 0.32957497543658204 4.916666666666667 8.1833333333333353
decision_type=2 2 2 2 2 2 2 2 2 2 2 2 2 2 2 2 2 2 2 2 2 2 2 2 2 2 2 2 2 2
left_child=2 4 12 8 11 -4 7 -6 9 10 17 14 -1 -14 15 -2 -15 18 -3 -19 22 -21 -12 -5 26 -26 -7 -8 29 -13
right_child=1 3 5 23 6 24 27 -9 -10 -11 20 28 13 16 -16 -17 -18 19 -20 21 -22 -23 -24 -25 25 -27 -28 -29 -30 -31
leaf_value=0.0051637894450508757 -0.0060085642247123166 0.0011791602314796053 0.0032706707457613145 0.0077438145984870871 -0.011561444532917409 -0.0018908228841053743 -0.0030546432291739911 -0.00023487627045318547 -0.0039666855953507498 0.0054838960693208419 -0.0030352082119918275 -0.011854342984323481 0.011316680225449287 0.0052195428228028196 -0.0029667226726683847 0.0022553106626920223 0.010348903857998512 -0.00038589233762932894 0.0055455406428257872 0.012416435142023147 -0.0043556275230760711 -2.424207346888847e-05 0.0014813171798368746 -0.0010260881376787632 -0.0010342370730717688 0.0069032206755470929 0.0019345920738189049 -0.0054958881654568973 -0.011140531634614908 -0.004069438205410625
leaf_weight=2245.35036277771 2301.4333138465881 720.38820171356201 8977.0893487930298 79.408779621124268 78.482773780822754 1003.8559536933899 6901.3415260314941 1864.6441617012024 264.45486569404602 556.84477376937866 368.60946106910706 126.33856010437012 516.63359880447388 1069.8412725925446 1749.6306993961334 117.44550943374634 353.15568399429321 899.51832032203674 1120.6465208530426 85.117613315582275 284.00933647155762 80.649756193161011 1782.1035847663879 15231.517275571823 193.37194561958313 295.63288116455078 897.24110412597656 1130.7094986438751 317.68638777732849 433.3342113494873
leaf_count=578 968 233 2570 27 29 326 2655 666 85 174 119 54 126 263 697 47 74 291 359 27 91 26 569 5386 62 95 289 442 135 185
internal_value=-2.72987e-05 -0.00162162 0.00371376 -0.000229688 -0.00361131 0.0027312 -0.00287295 -0.000698067 0.00163464 0.00188643 0.00151041 -0.00507011 0.0063813 0.00778732 -0.00449953 -0.00560656 0.00649891 0.00267964 0.00383856 0.000675045 0.000114178 0.0063999 0.000706182 -0.000980101 0.000704454 0.00376873 -8.53135e-05 -0.00339895 -0.00777284 -0.00584478
internal_weight=52046.5 36494.3 15552.2 21473.3 15021 11367.2 9975.18 1943.13 6162.34 5897.89 5341.04 5045.87 4184.98 1939.63 4168.51 2418.88 1423 2906.32 1841.03 1065.29 2434.72 165.767 2150.71 15310.9 2390.1 489.005 1901.1 8032.05 877.359 559.673
internal_count=17648 13265 4383 7387 5878 3342 3792 695 1974 1889 1715 2086 1041 463 1712 1015 337 936 592 344 779 53 688 5413 772 157 615 3097 374 239
is_linear=0
shrinkage=0.04


Tree=33
num_leaves=31
num_cat=0
split_feature=0 0 2 6 6 0 6 2 8 10 6 10 20 19 1 5 8 8 17 6 6 0 2 5 2 20 10 5 5 1
split_gain=194.839 51.1195 34.3327 14.1798 12.2378 9.17565 8.93876 7.39357 4.96264 8.93561 6.91473 5.06682 5.04825 5.14068 5.04583 4.53614 4.36367 6.46384 4.31798 4.25056 4.20185 5.8792 4.05423 4.04731 5.03493 4.02225 4.59121 4.03004 3.99094 4.78482
threshold=0.49281796658898136 0.35216560111520917 0.1336136742054834 0.42802984408379302 0.51542426645519435 0.24803824657010173 0.54005274930724811 0.054715890876612903 1505.2227454811962 99.131956185895902 0.43039605898473193 66.467425922632302 -0.22500000000000006 2.6333333333333337 0.26507308518252154 0.028584147848229494 1508.8064567402887 1632.6260527907482 2.4500000000000006 0.57914622829113094 0.53855745252253995 0.11569507422138935 0.13594061431236656 0.024018351583143919 0.20882026778739479 0.91666666666666696 148.20431937423328 0.026109974790416438 0.027204318831093536 0.2605115181795053
decision_type=2 2 2 2 2 2 2 2 2 2 2 2 2 2 2 2 2 2 2 2 2 2 2 2 2 2 2 2 2 2
left_child=1 5 7 -3 22 20 -7 -2 11 10 -10 28 13 -13 -12 16 19 -18 -15 23 -1 -22 -4 -6 -25 26 -9 -27 -5 -30
right_child=2 3 4 8 15 6 -8 25 9 -11 14 12 -14 18 -16 -17 17 -19 -20 -21 21 -23 -24 24 -26 27 -28 -29 29 -31
leaf_value=-0.0061283388228819185 0.0087649809837435453 -0.001892726077690708 -0.0070521565724550829 0.00043353739614792025 0.0054210607681218995 -0.0035146128900807251 -0.00041546134976539406 0.0010980214875664143 0.017635936386068238 -0.00056848624276704485 0.0054592090177683159 0.011493464376424225 -0.0013597960047823424 0.0013057034310385554 0.0015656642499601075 0.0024320076911507759 0.0018706189296534832 0.0070380525070365407 0.010074135453554765 0.0032323650039283729 -0.00696716349507032 -0.0027557303692983528 0.00088529631543643613 0.0092697969479713475 0.023270174967981904 -6.6280052274093022e-05 0.0065478301604524926 0.0044510194315409432 0.0028997887597432027 -0.0028018669304342172
leaf_weight=2621.473304271698 948.40233969688416 6873.5212736129761 103.58486270904541 1517.4480509757996 124.76348447799683 7653.3763692378998 1849.0593564510345 274.73798203468323 48.597219228744507 2197.4983823299408 715.35014986991882 102.96008086204529 672.37450671195984 929.59454393386841 2081.2112250328064 4077.8585290908813 1076.5664784908295 604.9098858833313 98.535988092422485 183.44338822364807 723.2310209274292 1992.2486336231232 6662.5407013893127 105.40308809280396 69.011877536773682 363.69238948822021 2519.891012430191 2406.6180129051208 263.45592761039734 2161.7503850460052
leaf_count=1111 209 2492 32 523 38 2968 650 75 17 736 218 34 228 316 714 1174 313 169 33 53 314 789 2167 31 21 98 669 620 81 747
internal_value=-2.99185e-05 -0.00192705 0.0031286 -0.00047293 0.00194134 -0.00365765 -0.00291166 0.00549907 0.000431713 0.00134736 0.00282677 -0.000371932 0.00138381 0.00301449 0.00256321 0.00321858 0.00469892 0.00373268 0.00215504 0.00805068 -0.00498508 -0.00387954 0.000762755 0.0109844 0.0149105 0.004941 0.00601265 0.00385817 -0.0011752 -0.00218154
internal_weight=52023.1 32501.7 19521.4 17662.3 13008.1 14839.4 9502.44 6513.34 10788.8 5042.66 2845.16 5746.12 1803.47 1131.09 2796.56 6241.96 2164.1 1681.48 1028.13 482.622 5336.95 2715.48 6766.13 299.178 174.415 5564.94 2794.63 2770.31 3942.65 2425.21
internal_count=17640 11971 5669 6139 3998 5832 3618 1671 3647 1685 949 1962 611 383 932 1799 625 482 349 143 2214 1103 2199 90 52 1462 744 718 1351 828
is_linear=0
shrinkage=0.04


Tree=34
num_leaves=31
num_cat=0
split_feature=0 0 2 6 6 0 6 2 18 18 6 22 5 6 0 9 0 2 9 10 2 7 6 21 22 21 15 18 13 9
split_gain=186.955 49.4124 32.6302 13.649 11.6874 8.92023 8.58824 6.96615 6.55297 4.63618 4.51533 4.41804 4.31343 4.2947 5.71289 4.20762 4.26252 3.91753 3.68566 6.13159 5.10203 4.34377 4.29593 3.6815 3.41373 3.63949 3.54791 3.46856 3.40902 5.52864
threshold=0.49281796658898136 0.35216560111520917 0.1336136742054834 0.42802984408379302 0.51542426645519435 0.24493787352263166 0.54005274930724811 0.054715890876612903 16.916666666666668 13.91666666666667 0.69103016924208982 5.5000000000000009 0.028584147848229494 0.53855745252253995 0.11569507422138935 1373.4674860034131 0.45620488027595268 0.13594061431236656 1608.0306175352082 93.938366020638583 0.21691866005449509 -0.37499999999999994 0.63329433540546221 0.18333333333333349 7.5000000000000009 -1.5499999999999996 6.5500000000000007 10.633333333333335 1.1833333333333336 1433.7783061856478
decision_type=2 2 2 2 2 2 2 2 2 2 2 2 2 2 2 2 2 2 2 2 2 2 2 2 2 2 2 2 2 2
left_child=1 5 7 11 17 13 -7 24 9 28 -11 -3 -6 -1 -15 16 -13 -4 20 22 -5 -21 -20 -17 25 -2 -27 -28 -9 -30
right_child=2 3 4 18 12 6 -8 8 -10 10 -12 15 -14 14 -16 23 -18 -19 19 21 -22 -23 -24 -25 -26 26 27 -29 29 -31
leaf_value=-0.0061474278404387798 0.016965457411078536 -0.0034306975954464299 -0.0069623632889036866 0.014599660619531468 0.0045841233477826246 -0.0034690646227047706 -0.00045962379736487398 0.0043639739049272782 0.015886692415095084 -0.00086687186189698343 0.0071063588513464431 -0.00067999378785562681 0.0023778641648691092 -0.0068771243554907316 -0.0027027839484014939 -0.0021056218838813759 0.013498430676972616 0.00086693843497240286 0.0026142786560334834 -0.012657985328924839 7.9287165232080542e-05 -0.0001480690911913879 0.010316116314409547 0.00037871517284772361 0.0050615601242898281 0.0054340854180001241 0.0053544108325381838 0.015025050403945779 0.0043640790248936842 0.0093228803455959065
leaf_weight=2470.558943271637 105.97758197784424 2018.1346538066864 102.85693621635437 37.878234148025513 2174.2647967338562 7761.4231777191162 1886.2532935142517 3478.5278043746948 83.471457004547119 425.38624382019043 153.98327398300171 75.100275039672852 4087.7879846096039 718.20968127250671 1948.8041114807129 3376.6648163795471 60.743094682693481 6668.4416291713715 1046.2545232772827 62.821812629699707 9370.8438136577606 146.08663296699524 129.54754638671875 1329.8810365200043 312.73609185218811 260.68056273460388 88.613739252090454 188.74362754821777 775.79786419868469 675.34021663665771
leaf_count=1056 23 734 32 13 625 3023 664 916 21 113 36 27 1174 314 775 1226 21 2167 351 20 3177 48 38 484 70 57 20 39 201 175
internal_value=-2.94248e-05 -0.00189251 0.00305677 -0.000463769 0.00189907 -0.00359831 -0.00288079 0.00536 0.00481875 0.0046482 0.00126083 -0.00185869 0.00314452 -0.0049449 -0.00382906 -0.00120295 0.00571228 0.000747 0.000422959 0.00234892 0.00013929 -0.00395236 0.0034709 -0.00140372 0.00851541 0.0101822 0.00881706 0.0119657 0.00504597 0.00667667
internal_weight=52021.8 32439.2 19582.6 17654 13033.4 14785.2 9647.68 6549.26 5592.51 5509.04 579.37 6860.52 6262.05 5137.57 2667.01 4842.39 135.843 6771.3 10793.4 1384.71 9408.72 208.908 1175.8 4706.55 956.752 644.016 538.038 277.357 4929.67 1451.14
internal_count=17640 11971 5669 6139 3998 5832 3687 1671 1462 1441 149 2492 1799 2145 1089 1758 48 2199 3647 457 3190 68 389 1710 209 139 116 59 1292 376
is_linear=0
shrinkage=0.04


Tree=35
num_leaves=31
num_cat=0
split_feature=0 0 6 6 6 0 6 1 20 8 10 6 10 20 18 1 18 17 22 0 0 5 9 8 4 9 14 9 0 6
split_gain=179.4 47.757 31.1911 13.1376 10.5589 8.67546 8.36765 7.61332 5.27257 4.70386 8.37743 6.45049 4.87073 4.82773 5.19805 4.71555 4.62062 4.52015 4.27243 4.12162 4.81533 4.07854 6.7459 4.04175 5.66661 4.72859 4.95326 4.03105 4.02244 3.996
threshold=0.49281796658898136 0.35216560111520917 0.54370208828971733 0.42802984408379302 0.67763863121005985 0.24803824657010173 0.54005274930724811 0.25795642294481363 -1.1833333333333329 1505.2227454811962 99.131956185895902 0.43039605898473193 66.467425922632302 -0.22500000000000006 10.450000000000001 0.26507308518252154 13.91666666666667 2.4500000000000006 5.5000000000000009 0.39173302790581255 0.43896622318506401 0.024624598853734695 1503.3906771334118 1706.9108815924858 -1.891753518579943 1379.5011770159313 12.450000000000001 1373.4674860034131 0.45620488027595268 0.53855745252253995
decision_type=2 2 2 2 2 2 2 2 2 2 2 2 2 2 2 2 2 2 2 2 2 2 2 2 2 2 2 2 2 2
left_child=1 5 7 18 -4 29 -7 8 -2 12 11 -11 -5 14 -14 -13 19 -16 -3 -15 -21 -9 -23 24 25 26 -10 28 -20 -1
right_child=2 3 4 9 -6 6 -8 21 23 10 -12 15 13 16 17 -17 -18 -19 27 20 -22 22 -24 -25 -26 -27 -28 -29 -30 -31
leaf_value=-0.0059606862718351011 0.01292351489179731 -0.0033742531670286021 0.0038747257848369887 -0.0011571891866252581 0.0070488267452252992 -0.0034000535491207975 -0.00039844449743027825 0.002992514131198333 0.017032118517818075 0.016890420939790013 -0.00055331297678640776 0.0052627019415842878 0.0070169786728551736 0.0076349130882193816 0.00013188499779273518 0.0015108598562848137 0.007647138532595953 0.010210614691518814 -0.0006671162859530382 -0.0080014868297504909 -0.00034624957542754754 -0.0010364713629431681 0.0026080090185902644 -0.0013224700288850609 0.0019696843533615776 0.0040875305411555022 0.0038624900835636483 -0.0013778045322263227 0.013058272989724751 -0.0037567830907196281
leaf_weight=2589.8490138053894 76.46573543548584 2011.2229096889496 7857.2348816394806 3938.8580677509308 2134.0829877853394 7600.1139035224915 1847.4419815540314 776.91042876243591 103.61601543426514 49.603250026702881 2195.7708678245544 720.95260000228882 346.46010422706604 56.453078031539917 710.1603946685791 2086.550089597702 79.691348075866699 78.133513689041138 75.049224138259888 229.97965288162231 305.38999843597412 3335.7005310058594 1073.24729347229 422.91931200027466 3068.6453621387482 711.28358817100525 82.447338819503784 4699.94708943367 61.568589925765991 2694.7759649753571
leaf_count=1111 22 734 2144 1351 492 2968 650 253 29 17 736 218 116 20 241 714 27 26 27 79 102 1102 353 121 931 199 23 1710 21 1103
internal_value=-2.89328e-05 -0.00185852 0.00298683 -0.000454792 0.00455333 -0.00353972 -0.0028132 0.00136482 0.00257532 0.000414373 0.00130447 0.00273192 -0.000368563 0.00135085 0.0029407 0.00247584 -0.00133612 0.00114253 -0.0018252 -0.00255661 -0.00364351 0.000322191 -0.000148924 0.00239213 0.00278848 0.00558317 0.0112483 -0.00118049 0.00556835 -0.00483778
internal_weight=52020.5 32378 19642.6 17645.8 9991.32 14732.2 9447.56 9651.24 4465.38 10798 5052.88 2857.11 5745.13 1806.27 1134.75 2807.5 671.514 788.294 6847.79 591.823 535.37 5185.86 4408.95 4388.91 3965.99 897.347 186.063 4836.56 136.618 5284.62
internal_count=17640 11971 5669 6139 2636 5832 3618 3033 1325 3647 1685 949 1962 611 383 932 228 267 2492 201 181 1708 1455 1303 1182 251 52 1758 48 2214
is_linear=0
shrinkage=0.04


Tree=36
num_leaves=31
num_cat=0
split_feature=0 0 6 0 0 6 6 4 6 6 20 6 8 15 9 6 21 8 17 19 14 15 20 10 6 10 10 6 4 0
split_gain=167.471 40.3666 32.6544 14.01 10.4036 10.0735 7.09544 5.08595 4.90262 4.74806 5.68618 4.37786 4.1534 4.03732 4.03112 3.89973 4.04506 3.44139 3.42384 3.46015 3.93066 5.63861 4.88716 3.3975 3.39705 3.61421 3.76331 3.36075 4.6816 3.35182
threshold=0.49281796658898136 0.35216560111520917 0.5167526886005992 0.76085831920542291 0.26163482688702033 0.44656453952139236 0.64810509706148267 -0.73931431067751141 0.67763863121005985 0.4221951727549666 -1.2916666666666663 0.36320059839210678 1517.7809294829278 4.0833333333333348 1505.1179579016969 0.47442438513867097 1.4500000000000004 1706.9108815924858 1.0833333333333337 5.4500000000000011 15.083333333333334 6.0833333333333348 0.63333333333333353 -109.43317758188685 0.79421709188616985 253.54866247710257 223.7597804652244 0.44656453952139236 0.045197459370728194 0.63736159708496398
decision_type=2 2 2 2 2 2 2 2 2 2 2 2 2 2 2 2 2 2 2 2 2 2 2 2 2 2 2 2 2 2
left_child=1 4 9 8 11 7 15 -3 18 14 -11 -1 -13 -5 -2 -6 -17 29 -4 -20 22 -22 -21 -18 25 26 -15 -14 -29 -12
right_child=2 5 3 13 6 -7 -8 -9 -10 10 17 12 27 24 -16 16 23 -19 19 20 21 -23 -24 -25 -26 -27 -28 28 -30 -31
leaf_value=-0.010001771030245535 -0.0015667587001941255 -0.0012220499536263628 0.0048675110224518578 -0.00028639822753468027 -0.0032530824362126489 0.00044364998336691552 0.0065704308817302803 -0.005321877818543516 0.0066565142466344408 0.011527534473728231 0.0011883064624412347 -0.0048080550112724468 -0.0099793557499599957 0.0054569331756223298 0.0033658797126023404 -0.0010285511375075532 -0.011932872085965024 -0.0031261329676168055 0.0031394913697535805 0.0016705019784090537 0.0090712863028588105 -0.0020849509669275076 -0.0069470929153660575 -0.0030329382665310036 0.012864918571330559 0.0074106911907552133 -0.0039818704944431758 0.0044530482546951029 -0.0027391396711997579 0.0044910449636487047
leaf_weight=228.1569299697876 1694.3845498561859 7928.6706945896149 1646.3248126506805 122.60737991333008 5122.3097262382507 9139.6557037830353 137.45370221138 514.75461292266846 723.73290753364563 87.556214809417725 4696.947240114212 5024.4446403980255 73.854229211807251 255.70516347885132 313.25251483917236 2990.2545306682587 97.336736917495728 265.46286797523499 6202.5587539672852 230.25676870346069 151.75304889678955 137.36199879646301 192.54301881790161 230.71441531181335 156.04630470275879 2013.3600227832794 90.922022104263306 185.69918727874756 644.85887932777405 548.38048338890076
leaf_count=98 565 2868 458 31 2012 3061 46 193 179 27 1503 2109 32 61 105 1101 36 80 1732 66 43 38 55 84 29 470 22 73 260 153
internal_value=-3.56205e-06 -0.00177075 0.00292083 0.00422714 -0.00331493 -0.000476567 -0.00241398 -0.0014726 0.00349549 0.000872778 0.00147119 -0.00456954 -0.00435885 0.00679925 -0.000795824 -0.00256105 -0.00149214 0.00130936 0.00322752 0.00283639 0.000194893 0.00378191 -0.00226108 -0.0057019 0.00714452 0.00676099 0.00297676 -0.00186071 -0.00112766 0.00153439
internal_weight=51847.3 32318.2 19529.2 11923.2 14735.1 17583.1 8578.07 8443.43 9284.53 7605.98 5598.35 6157.01 5928.86 2638.64 2007.64 8440.62 3318.31 5510.79 8560.8 6914.47 711.915 289.115 422.8 328.051 2516.03 2359.99 346.627 904.412 830.558 5245.33
internal_count=17590 11973 5617 3184 5851 6122 3279 3061 2571 2433 1763 2572 2474 613 670 3233 1221 1736 2392 1934 202 81 121 120 582 553 83 365 333 1656
is_linear=0
shrinkage=0.04


Tree=37
num_leaves=31
num_cat=0
split_feature=0 0 1 1 0 6 1 6 1 6 5 8 6 2 9 9 20 16 12 18 11 8 15 17 1 5 2 18 6 1
split_gain=160.699 38.9999 31.4349 10.4051 10.0996 9.63382 8.78285 6.8067 4.34925 4.28798 4.1405 4.0341 3.7737 3.75678 4.46253 4.3151 3.73155 3.84377 3.5895 4.86865 5.42304 3.86412 3.77255 3.58554 3.57652 3.50396 3.32999 3.80756 3.27277 5.58481
threshold=0.49281796658898136 0.35216560111520917 0.22446178726388902 0.29151890455132051 0.26163482688702033 0.67763863121005985 0.25742633686007937 0.64810509706148267 0.263287944291622 0.36320059839210678 0.023718546317590076 1517.7809294829278 0.47442438513867097 0.20015603186659234 1493.8198805609779 1488.963392781762 -1.1833333333333329 0.22500000000000003 0.77500000000000013 14.083333333333334 0.60048609950446485 1373.863706704024 2.9166666666666674 2.8166666666666669 0.14526011599783292 0.037018765582126363 0.21833928556563056 11.633333333333335 0.44656453952139236 0.2609481419748883
decision_type=2 2 2 2 2 2 2 2 2 2 2 2 2 2 2 2 2 2 2 2 2 2 2 2 2 2 2 2 2 2
left_child=1 4 5 8 9 24 16 12 10 -1 -3 -11 -6 14 15 25 -4 -18 19 20 21 -10 -22 -19 -2 -8 27 -5 -13 -30
right_child=2 3 6 26 7 -7 13 -9 18 11 -12 28 -14 -15 -16 -17 17 23 -20 -21 22 -23 -24 -25 -26 -27 -28 -29 29 -31
leaf_value=-0.0099030793901962628 0.0064638611353981549 -0.0016112252419186648 0.0087371667739610265 -0.00048140555489004224 -0.0031989703406905979 0.0069357499089506358 -0.00061014884633668284 0.0063985606337538751 0.0063276976694272872 -0.0047355082540187863 0.0035124227414263754 -0.0098815628911096392 -0.0014648296592087316 0.0014481208354282643 0.0021046093481096244 -0.0096640407460479166 0.011662729057287593 0.0024141921423223951 -0.00021776993433835921 0.0094643548444590889 0.014551658107977334 -0.0034435373943699542 0.0030554867498122362 -0.0043159296290688539 0.0035273144167019634 -0.0058628417323197185 -0.0015580013529610151 0.0068149273070955167 -0.0025372575642253563 0.0063990974740270115
leaf_weight=225.88633108139038 753.34562611579895 315.66689586639404 150.74040460586548 394.20487141609192 5105.6735258102417 2217.7209906578064 1932.1716847419739 138.35980534553528 79.17466402053833 5000.3447897434235 1247.2918148040771 73.120877027511597 3313.3783550262451 2434.2947030067444 704.56483268737793 98.992772579193115 69.413419723510742 5232.0520825386047 5770.2474970817566 137.43070435523987 60.015810489654541 336.38767790794373 184.86684393882751 128.91578674316406 5637.9810304641724 226.12384700775146 8889.2601175308228 160.17432641983032 697.35827445983887 132.26462149620056
leaf_count=98 183 97 43 140 2012 504 637 46 27 2109 380 32 1221 796 231 33 21 1555 1943 46 20 115 62 38 1502 74 3236 56 279 54
internal_value=-3.60224e-06 -0.00173875 0.00285434 -0.000467345 -0.00326006 0.00466373 0.00143501 -0.00237186 0.00058152 -0.00449959 0.00247724 -0.00429118 -0.00251674 0.000284241 -0.000672497 -0.00153986 0.0025474 0.002374 0.000130103 0.00264305 0.00121145 -0.00157116 0.00592069 0.00225158 0.0038744 -0.00116293 -0.0013704 0.00163517 -0.00182748 -0.00110657
internal_weight=51847.4 32261.1 19586.3 17574.7 14686.4 8609.05 10977.3 8557.41 8131.08 6128.97 1562.96 5903.09 8419.05 5396.15 2961.85 2257.29 5581.12 5430.38 6568.12 797.876 660.445 415.562 244.883 5360.97 6391.33 2158.3 9443.64 554.379 902.744 829.623
internal_count=17590 11973 5617 6122 5851 2189 3428 3279 2690 2572 477 2474 3233 1771 975 744 1657 1614 2213 270 224 142 82 1593 1685 711 3432 196 365 333
is_linear=0
shrinkage=0.04


Tree=38
num_leaves=31
num_cat=0
split_feature=0 0 1 1 0 1 1 6 6 0 1 5 2 9 9 20 22 20 12 18 11 8 18 23 5 10 10 21 6 11
split_gain=154.204 37.6756 29.9265 10.0088 9.81956 9.11156 8.40201 6.20461 5.55472 4.25113 4.16445 3.9604 3.60573 4.28802 4.19915 3.53689 3.6402 3.64104 3.44038 4.61581 5.18239 3.70858 3.63126 3.41683 3.39292 3.37262 3.49746 4.87074 3.35539 3.24921
threshold=0.49281796658898136 0.35216560111520917 0.22446178726388902 0.29151890455132051 0.24493787352263166 0.14079197456156048 0.25742633686007937 0.57741166618352835 0.49358970144445397 0.11569507422138935 0.263287944291622 0.023718546317590076 0.20015603186659234 1493.8198805609779 1488.963392781762 -1.1833333333333329 70.500000000000014 1.791666666666667 0.77500000000000013 14.083333333333334 0.60048609950446485 1373.863706704024 11.083333333333334 22.500000000000004 0.037018765582126363 262.50207765033605 223.7597804652244 -0.33333333333333331 0.32534403669724771 0.61553218857237757
decision_type=2 2 2 2 2 2 2 2 2 2 2 2 2 2 2 2 2 2 2 2 2 2 2 2 2 2 2 2 2 2
left_child=1 4 5 10 8 25 15 28 -1 -10 11 -3 13 14 24 -4 17 23 19 20 21 -12 -22 -17 29 26 27 -2 -6 -8
right_child=2 3 6 -5 7 -7 12 -9 9 -11 18 -13 -14 -15 -16 16 -18 -19 -20 -21 22 -23 -24 -25 -26 -27 -28 -29 -30 -31
leaf_value=-0.0067358340194138902 0.010955580407190768 -0.0015818862232030177 0.0084899927548818133 -0.0013450380833159459 -0.0063586022419574329 0.0038219252418191163 -0.0051552895237746213 0.00052623657719991668 -0.0064475350373793209 -0.0030886365058209941 0.0061645392696787413 0.0034305263919294782 0.0014172941800652439 0.002058489213032855 -0.0095659958471122249 0.0025114966790979005 0.011033379392775901 -0.003384346542796437 -0.00021349199130689142 0.0091900726851993075 0.011178983979120873 -0.0033870659179861201 0.0014151851036246098 -0.0064020616348264879 -0.0057808820577466028 0.0075451988224367328 -0.0033756224987781885 -0.0013166267718798649 -0.0026226249349836214 -7.8941564325015512e-06
leaf_weight=1435.6597611904144 122.94510960578918 315.158695936203 152.06321811676025 9430.7061812877655 403.29027485847473 6586.1919348239899 220.63694906234741 1002.4436423778534 763.75532722473145 2875.9304869174957 79.677245140075684 1251.6805338859558 2437.8224108219147 706.04922556877136 98.040709257125854 5119.9086124897003 74.731598377227783 179.82720637321472 5768.9910473823547 138.73757100105286 109.16750717163086 335.2313060760498 137.16058421134949 68.81939959526062 224.80199480056763 1756.8367450237274 94.820208072662354 88.496016979217529 8157.5522501468658 1710.3561818599701
leaf_count=635 28 97 43 3432 162 1728 74 347 341 1181 27 380 796 231 33 1520 21 53 1943 46 36 115 46 20 74 392 21 20 3185 563
internal_value=-3.62714e-06 -0.00170725 0.00278954 -0.00045828 -0.0032059 0.00454963 0.00140443 -0.00245073 -0.00462807 -0.00379505 0.000569654 0.00242195 0.000278421 -0.000659741 -0.0015118 0.00249042 0.00232129 0.00219798 0.00012754 0.00258408 0.00118626 -0.00154241 0.00577 0.00239206 -0.00114125 0.00686975 0.00298314 0.00583718 -0.00279934 -0.000598404
internal_weight=51847.5 32205.1 19642.3 17566.5 14638.6 8649.29 10993.1 9563.29 5075.35 3639.69 8135.8 1566.84 5397.71 2959.89 2253.84 5595.35 5443.29 5368.56 6568.97 799.974 661.237 414.909 246.328 5188.73 2155.8 2063.1 306.261 211.441 8560.84 1930.99
internal_count=17590 11973 5617 6122 5851 2189 3428 3694 2157 1522 2690 477 1771 975 744 1657 1614 1593 2213 270 224 142 82 1540 711 461 69 48 3347 637
is_linear=0
shrinkage=0.04


Tree=39
num_leaves=31
num_cat=0
split_feature=3 3 1 1 1 1 2 3 14 10 14 12 1 19 10 15 1 16 13 5 13 22 14 1 8 14 14 12 20 9
split_gain=143.324 40.3113 29.6364 19.5777 8.89366 7.84562 4.95613 4.80452 4.75028 6.07686 4.581 4.70908 4.30621 3.77075 6.03782 4.47573 3.98999 3.71216 3.76706 3.7002 4.62457 4.11178 4.05828 3.69717 3.65357 3.60473 4.85625 3.52298 4.02932 4.82928
threshold=0.013347626089184651 -0.86199146298610352 0.2323630714726353 0.29113678145954919 0.14079197456156048 0.263287944291622 0.27951094571726764 -2.1261441789223081 14.083333333333334 24.16753824450041 13.583333333333334 2.0833333333333335 0.25795642294481363 4.5500000000000007 67.51483648381533 5.4500000000000011 0.28991177839652277 0.22500000000000003 1.0833333333333337 0.026876938642286134 2.0833333333333335 10.500000000000002 14.733333333333336 0.17311083563382071 1584.905239968595 9.4500000000000011 8.0833333333333339 0.63333333333333341 0.91666666666666696 1649.6515679366892
decision_type=2 2 2 2 2 2 2 2 2 2 2 2 2 2 2 2 2 2 2 2 2 2 2 2 2 2 2 2 2 2
left_child=1 7 4 5 -2 -3 19 -1 23 -10 13 -12 17 14 -7 16 -15 -4 -19 21 22 -5 24 -9 25 26 -21 -6 -29 -30
right_child=2 3 12 6 27 10 -8 8 9 -11 11 -13 -14 15 -16 -17 -18 18 -20 20 -22 -23 -24 -25 -26 -27 -28 28 29 -31
leaf_value=-0.0072024067037756304 0.0066160955235422094 0.0026465158398610955 0.010633099450083514 0.0003089674410466063 -0.0036827721283026488 -0.0017541461920723943 -0.0023453165366646802 0.0042473193652947999 -0.0017996508704982892 0.0098005612810295219 -0.0023787092898120967 0.0022297728463532554 0.00020353885928190625 0.00095836017416513534 0.0013654925934171453 0.0078479307147923689 0.0092580352781075209 0.00036716475299036587 0.0027676346455895312 0.0027683370660246216 -0.0085053000036775586 0.0074570998420966615 0.0033082203496103517 -0.003975415077176611 -0.004969065573477008 -0.00033660241908439574 -0.0051965883635215005 0.004513503508675549 0.0022980427822415074 0.0094927577488074857
leaf_weight=626.11161184310913 2102.508275270462 2279.7653322219849 77.037233829498291 680.12258815765381 101.58329772949219 1990.2382650375366 8053.5206568241119 87.751492261886597 726.4156928062439 79.227398872375488 1882.9246969223022 436.23272252082825 4239.7968940734863 2172.6796827316284 1978.370297908783 180.14832782745361 95.83115553855896 1718.1730873584747 2674.0801239013672 155.41139268875122 134.57388687133789 157.85000348091125 322.66573333740234 7490.1811199188232 400.48544764518738 2982.5832929611206 567.62095928192139 4801.0785357952118 2950.9660851955414 156.37282514572144
leaf_count=282 467 705 23 242 28 693 3068 38 288 30 640 146 1387 749 667 61 34 518 796 56 48 56 113 3086 142 1068 206 1274 773 39
internal_value=3.4753e-05 -0.0015352 0.00282739 -0.000692956 0.00430029 0.00055739 -0.00171665 -0.00382248 -0.00356922 -0.000648144 1.19929e-05 -0.00151127 0.00111684 0.000562639 -0.000199039 0.00179669 0.0013129 0.00198301 0.00182891 -0.00077902 -0.00122767 0.00166275 -0.00100466 -0.00387965 -0.0013443 -0.000951318 -0.00348312 0.00369168 0.00378686 0.00266305
internal_weight=52302.3 33480.7 18821.6 24471 10112.5 11016.2 13454.8 9009.69 8383.58 805.643 8736.43 2319.16 8709.09 6417.27 3968.61 2448.66 2268.51 4469.29 4392.25 5401.31 4563.34 837.973 4428.77 7577.93 4106.1 3705.62 723.032 8010 7908.42 3107.34
internal_count=17723 12418 5305 8694 2581 3695 4999 3724 3442 318 2990 786 2724 2204 1360 844 783 1337 1314 1931 1633 298 1585 3124 1472 1330 262 2114 2086 812
is_linear=0
shrinkage=0.04


Tree=40
num_leaves=31
num_cat=0
split_feature=7 0 6 6 0 6 6 6 0 19 14 8 17 8 0 6 17 16 5 0 8 11 23 6 22 8 9 8 18 21
split_gain=137.116 44.2259 21.5887 14.8374 10.6762 8.91856 7.59604 5.27023 6.40989 4.54057 4.40582 4.2547 5.09073 4.247 4.24254 4.63313 4.62256 4.11205 4.06055 3.97848 3.6139 3.98832 5.12382 3.87035 3.95932 3.85599 3.54148 3.65054 3.46049 3.39741
threshold=-0.62499999999999989 0.35216560111520917 0.64810509706148267 0.45907901622187341 0.26415626478492721 0.5167526886005992 0.54005274930724811 0.60024813895781637 0.10658160070972415 5.0833333333333348 13.083333333333334 1415.1688894738211 1.9166666666666667 1706.9108815924858 0.17631180886299344 0.42550457545515424 1.6333333333333335 1.4500000000000002 0.03868581914834935 0.63736159708496398 1600.5510690297112 0.63973680772361086 10.500000000000002 0.61199436687241582 8.5000000000000018 1616.1071841878099 1393.5494605684701 1412.4806477295899 13.29166666666667 0.29166666666666657
decision_type=2 2 2 2 2 2 2 2 2 2 2 2 2 2 2 2 2 2 2 2 2 2 2 2 2 2 2 2 2 2
left_child=2 4 5 26 7 13 11 14 -9 -10 -7 -6 -13 19 -2 -16 -17 18 -4 -1 23 22 25 -5 29 -22 -3 -28 -26 -25
right_child=1 3 17 20 6 10 -8 8 9 -11 -12 12 -14 -15 15 16 -18 -19 -20 -21 21 -23 -24 24 28 -27 27 -29 -30 -31
leaf_value=0.00081059833904044019 -0.0069136260844573569 0.0012518437174994868 0.0061519975034336448 0.00035965692302647375 -0.00090817291698630216 0.0018961386855881029 0.00036130292965182924 -0.0062830115099562775 0.0047801864356448185 -0.0018131829872325284 0.0038945189192201501 -0.0029485580802347611 -0.0084997775388887132 -0.003990456263644992 -0.0068786924431356537 -0.002739048740594711 -0.0075172787400503618 0.0040592264091396943 0.010797066474253315 0.0041708763857459547 0.0098075093682411293 0.00088490486012251948 0.012306890701658104 -0.00082778403463004831 0.016095394272622007 0.0017143341976540308 -0.0038827149220651671 -0.0011609482893535925 0.0033533632688218175 0.0058363159608198437
leaf_weight=4057.2287318706512 1270.0529110431671 882.714768409729 1869.4246473312378 7959.2093484401703 1635.4796659946442 2753.6461701393127 1619.7824537754059 433.4395751953125 207.56789255142212 839.97898459434509 4932.9255547523499 4881.091402053833 278.82802128791809 257.29237198829651 801.47118377685547 2310.3188102245331 376.43504190444946 1282.2975487709045 361.02511811256409 653.89200472831726 116.95600652694702 890.63200378417969 122.71233892440796 294.22868180274963 66.295432329177856 470.7760283946991 858.77871918678284 9541.0509688854218 70.494141817092896 208.33542132377625
leaf_count=1279 561 309 425 2642 644 770 566 196 83 338 1311 1926 109 77 350 966 155 303 82 180 37 285 39 89 20 149 315 3434 21 62
internal_value=3.39717e-05 -0.00133591 0.00309571 -0.000180116 -0.00303009 0.00232529 -0.00210003 -0.00428397 -0.00219803 -0.000503416 0.00317896 -0.00268669 -0.00325012 0.00100422 -0.0049326 -0.00420955 -0.00341106 0.00586976 0.00690836 0.00127778 0.000925467 0.00266976 0.00490291 0.000600402 0.00359216 0.00333876 -0.00117958 -0.00138605 0.00960082 0.00194089
internal_weight=52304.4 36136.6 16167.7 21482.2 14654.4 12655 8415.18 6239.26 1480.99 1047.55 7686.57 6795.4 5159.92 4968.41 4758.28 3488.23 2686.75 3512.75 2230.45 4711.12 10199.6 1601.08 710.444 8598.56 639.354 587.732 11282.5 10399.8 136.79 502.564
internal_count=17723 13296 4427 7402 5894 3617 3245 2649 617 421 2081 2679 2035 1536 2032 1471 1121 810 507 1459 3344 510 225 2834 192 186 4058 3749 41 151
is_linear=0
shrinkage=0.04


Tree=41
num_leaves=31
num_cat=0
split_feature=3 0 1 1 6 1 6 4 0 6 0 22 14 12 16 21 5 12 1 19 6 18 18 1 15 17 19 19 15 1
split_gain=132.124 37.7221 26.9301 18.2643 8.21958 7.32286 5.12791 4.7031 4.58517 8.62835 4.78172 4.46153 4.45261 4.5045 4.12927 4.12475 4.00289 3.92638 3.84818 4.05848 3.84076 5.13863 5.76557 4.77461 4.49792 3.76323 3.59966 5.86889 4.22986 3.81371
threshold=0.013347626089184651 0.29692343997102588 0.2323630714726353 0.29113678145954919 0.64810509706148267 0.263287944291622 0.46930926216640506 -0.94688876988179416 0.10658160070972415 0.60024813895781637 0.17631180886299344 75.500000000000014 13.583333333333334 2.0833333333333335 1.4500000000000002 -0.36666666666666664 0.03868581914834935 0.63333333333333341 0.21014410494324859 6.0833333333333348 0.38263988522238174 10.29166666666667 11.083333333333334 0.3125661216308771 3.0833333333333335 0.63333333333333341 4.5500000000000007 2.9166666666666674 5.4500000000000011 0.28991177839652277
decision_type=2 2 2 2 2 2 2 2 2 2 2 2 2 2 2 2 2 2 2 2 2 2 2 2 2 2 2 2 2 2
left_child=1 8 4 5 17 -3 -4 -5 -1 10 -10 -8 26 -14 16 -11 -6 -2 19 -16 23 25 -23 -9 -24 -22 27 -7 29 -28
right_child=2 3 6 7 14 12 11 20 9 15 -12 -13 13 -15 18 -17 -18 -19 -20 -21 21 22 24 -25 -26 -27 28 -29 -30 -31
leaf_value=-0.0070283438960204846 -0.0050231059705244845 0.0025522372717538587 -8.7938969459568203e-05 -0.00074469989733937038 0.0059371196967803229 0.0031827987535611823 0.001737658383693352 -0.013956712061114847 -0.0064548283714118198 0.0089377872167354031 -0.0035554908374989466 0.011513848536001249 -0.0023426966427990592 0.0021596494358141196 0.0036523191520875815 -0.00095534977640285431 0.01050553763807519 0.0033827529018827557 -0.0020964841605604547 0.010437645077804109 0.0079521414615549135 -0.005479981455774754 0.00083498389225288645 -0.0033963908916287344 -0.0024346737403860754 -0.0001008579911868783 0.00093858965669050209 -0.00089234371461936355 0.0076140884652651977 0.0090210173870360309
leaf_weight=617.60702061653137 89.285429239273071 2289.358062505722 3590.3104386329651 5391.6154687404633 1888.1030468940735 681.96968483924866 5062.6316034793854 70.082566261291504 1074.4203240871429 70.520057201385498 6002.2091875076294 74.846755266189575 1879.0524098873138 437.62490820884705 969.40841102600098 1178.3838512897491 368.45180654525757 6564.3781244754791 153.21143245697021 164.66628003120422 100.37721610069275 784.61670351028442 857.99715781211853 1987.2080049514771 3116.8311479091644 1103.1013824939728 2174.7455763816833 3285.0491557121277 181.68995714187622 96.625726699829102
leaf_count=282 25 705 1176 1931 427 230 1526 27 475 27 2475 22 640 146 224 465 83 1743 41 38 38 296 327 787 1178 415 749 1130 61 34
internal_value=3.32044e-05 -0.0014805 0.00270307 -0.000667008 0.00409891 0.00053901 0.00107189 -0.00165846 -0.00370313 -0.00345564 -0.00399654 0.0018823 1.1237e-05 -0.00149163 0.00565532 -0.000390024 0.00668738 0.00326922 0.0038424 0.00464587 -0.00227258 -0.0017579 -0.00234827 -0.00376274 -0.00172886 0.000576854 0.000553692 -0.000191161 0.00175783 0.00128624
internal_weight=52306.4 33381.1 18925.3 24437.9 10197.5 11026.1 8727.79 13411.8 8943.14 8325.53 7076.63 5137.48 8736.76 2316.68 3543.84 1248.9 2256.55 6653.66 1287.29 1134.07 8020.21 5962.92 4759.45 2057.29 3974.83 1203.48 6420.08 3967.02 2453.06 2271.37
internal_count=17723 12418 5305 8694 2581 3695 2724 4999 3724 3442 2950 1548 2990 786 813 492 510 1768 303 262 3068 2254 1801 814 1505 453 2204 1360 844 783
is_linear=0
shrinkage=0.04


Tree=42
num_leaves=31
num_cat=0
split_feature=0 0 6 1 6 6 0 6 1 0 6 1 1 8 10 10 5 2 23 19 0 10 13 14 6 19 9 19 14 18
split_gain=145.602 33.5019 29.2953 13.3211 9.08225 7.50461 7.03919 9.66834 5.5476 5.4279 5.29465 5.96794 4.99664 4.92164 4.5948 5.68684 4.12233 4.03724 4.48158 4.11831 4.00078 4.53455 3.93239 3.84272 4.90855 5.71842 4.35676 4.11034 3.71848 4.29093
threshold=0.49281796658898136 0.32080786295250868 0.54370208828971733 0.27650191376917349 0.67763863121005985 0.37880694091675177 0.17631180886299344 0.54113137721385152 0.25999837149177368 0.55884164455629526 0.60149445395667389 0.19108974798625902 0.29941304225703175 1435.8253275884078 -90.238659403274468 -81.842959239939418 0.023122382601415196 0.25996295990091872 8.5000000000000018 2.8166666666666669 0.39033710958789153 167.11881045468161 2.6333333333333337 12.816666666666668 0.62726124511082137 3.2250000000000005 1475.2404894678743 4.291666666666667 14.633333333333335 9.4500000000000011
decision_type=2 2 2 2 2 2 2 2 2 2 2 2 2 2 2 2 2 2 2 2 2 2 2 2 2 2 2 2 2 2
left_child=1 6 28 17 8 12 10 -8 9 16 -1 -12 -5 -13 -9 -16 -4 18 -3 -19 21 -7 -21 24 -11 -26 27 -27 29 -2
right_child=2 3 4 5 -6 20 7 14 -10 23 11 13 -14 -15 15 -17 -18 19 -20 22 -22 -23 -24 -25 25 26 -28 -29 -30 -31
leaf_value=-0.00705178839048963 0.0023498289685714292 -0.0031391423506103911 -0.0056300903721702442 0.011104981217773358 0.0064327014510409319 -0.0014757324681222031 -0.0036237534698244623 -0.0025868508872123708 0.012994861711025416 0.00098243634401456873 -0.0049440583314761663 -0.0039158496598476408 -0.0030040545302999662 0.0073541848723409466 0.010502970479907163 0.00022652550581417621 0.0019003190593453207 0.0096249745971649214 0.0048221117632661469 0.001838471417787036 -0.00017099916262941576 -0.011673334164108116 -0.0041162091363442458 0.0045151701440165658 -0.0037437469601165657 0.0065165634293096325 0.0022823574208853405 0.017122538182813854 0.0027583419706757486 0.00021296146493493399
leaf_weight=1271.2714579105377 2036.5173168182373 559.85339021682739 126.85935974121094 39.682233810424805 2304.2784245014191 4905.5387711524963 6675.2402827739716 1060.5459370613098 98.209820032119751 1231.8528349399567 737.6287317276001 113.11545944213867 3400.0704777240753 134.93644571304321 91.861353874206543 1194.6166210174561 1290.1326243877411 102.76503252983093 140.77796697616577 3608.8186182975769 7840.5917599201202 69.80072021484375 185.69114851951599 4940.2169218063354 82.119805574417114 137.73642230033875 142.58784961700439 103.3602602481842 1872.4119021892548 5738.0774660110474
leaf_count=569 636 182 38 14 510 1844 2755 412 30 340 329 46 1289 54 34 439 381 32 45 1156 2742 26 61 1260 21 35 37 26 565 1804
internal_value=7.8709e-05 -0.00159169 0.00274846 -0.000641751 0.00421493 -0.00117941 -0.00334778 -0.00284741 0.00358742 0.00347112 -0.00534589 -0.00314081 -0.00283811 0.00221979 -0.000638794 0.000967906 0.00122265 0.00125897 -0.00153489 0.0017615 -0.000734039 -0.00162112 0.00154606 0.00395085 0.00230696 0.00580015 0.00784725 0.0111154 0.00115853 0.000772934
internal_weight=52237.2 32132.8 20104.4 20853.6 10457.4 16255.7 11279.2 9022.26 8153.08 8054.87 2256.95 985.681 3439.75 248.052 2347.02 1286.48 1416.99 4597.91 700.631 3897.27 12815.9 4975.34 3794.51 6637.87 1697.66 465.804 383.685 241.097 9647.01 7774.59
internal_count=17712 12029 5683 7391 2678 5915 4638 3640 2168 2138 998 429 1303 100 885 473 419 1476 227 1249 4612 1870 1217 1719 459 119 98 61 3005 2440
is_linear=0
shrinkage=0.04


Tree=43
num_leaves=31
num_cat=0
split_feature=0 0 7 0 2 0 12 14 14 19 8 2 8 10 19 18 10 19 5 13 10 5 14 2 5 15 0 21 14 19
split_gain=139.702 32.3674 26.4568 7.98351 6.96046 6.84258 6.11221 5.76923 5.72684 4.56773 4.23301 4.04173 5.91222 3.76079 3.68266 4.32099 3.62677 3.55702 5.94627 4.3798 4.15456 3.54185 3.61424 3.53115 4.08974 4.82716 3.5266 3.50269 3.65831 3.92514
threshold=0.49281796658898136 0.32080786295250868 -1.1249999999999998 0.40060894580793688 0.31683549226392277 0.17631180886299344 1.8166666666666669 15.550000000000002 14.633333333333335 7.0833333333333348 1442.9497996887105 0.25996295990091872 1484.235146021651 365.05774775975618 3.3666666666666671 8.5500000000000025 -84.657302607753294 4.916666666666667 0.023542063849857579 1.2916666666666667 152.27858193506361 0.021741631868274939 16.208333333333339 0.23860293835139565 0.024894335801923909 4.291666666666667 0.45796725449214998 -1.5499999999999996 14.733333333333336 3.9166666666666674
decision_type=2 2 2 2 2 2 2 2 2 2 2 2 2 2 2 2 2 2 2 2 2 2 2 2 2 2 2 2 2 2
left_child=1 5 7 9 11 6 -1 -2 13 14 -6 -5 27 23 15 -3 -8 18 -10 -19 -21 -14 26 -4 -25 -26 -23 -13 29 -29
right_child=2 3 8 4 10 -7 16 -9 17 -11 -12 12 21 -15 -16 -17 -18 19 -20 20 -22 22 -24 24 25 -27 -28 28 -30 -31
leaf_value=-0.0058821867128558882 0.0036667989749496412 0.00084373323010567772 0.0010281815511053443 -0.00095117733376727379 -0.0024363392098459146 -0.0027989131405263303 -0.0016917879490546542 0.0059574725853490541 0.012450941144515488 0.0047982219892800824 0.0066578427219045333 0.0048371963157148572 0.0073306084115212378 -0.0081294889808487068 -0.0011961760856485466 -0.00393976872069823 0.010982548012133258 0.0031050957709800272 0.0034103339558378214 0.00096319667064986327 -0.0082406669817266399 0.0011429069563805628 -0.0032079741738032753 -0.0020838272872205771 0.0019778351254605524 0.012307396945897888 0.0048213516950383738 -2.4584148231409959e-05 0.0046501430418605921 -0.0033066412016367255
leaf_weight=2066.0479784011841 4251.3997337818146 365.05061984062195 9278.3238322734833 5308.7830290794373 103.42737102508545 8996.6191549301147 129.96591567993164 3011.284989118576 122.16085505485535 178.22021698951721 384.3461480140686 161.743497133255 167.41435480117798 68.871208906173706 6739.1442382335663 1743.567037820816 48.921072959899902 531.02687215805054 2184.2890930175781 192.01574563980103 131.48706483840942 2443.0199656486511 252.36250114440918 99.107140779495239 140.92703247070312 148.82101988792419 502.1388373374939 1199.6688799858093 158.09007811546326 1133.2708978652954
leaf_count=923 1065 140 2866 1851 33 3640 55 697 36 59 118 54 56 21 2488 667 20 152 639 54 37 833 81 30 42 44 154 417 53 387
internal_value=7.70489e-05 -0.00156265 0.00268638 -0.000629445 5.48759e-05 -0.00329246 -0.00526821 0.00461726 0.00159877 -0.00152507 0.00472848 -0.000146792 0.000562872 0.00111829 -0.00165297 -0.00311163 0.00181611 0.00307787 0.00389436 0.00087212 -0.00279156 0.00167588 0.00137761 0.001185 0.00491467 0.00730741 0.00177149 -0.000849029 -0.00122003 -0.00161964
internal_weight=52241.5 32081.8 20159.7 20840.2 11814.3 11241.6 2244.93 7262.68 12897 9025.98 487.774 11326.5 6017.71 9736.05 8847.76 2108.62 178.887 3160.98 2306.45 854.53 323.503 3364.94 3197.52 9667.18 388.855 289.748 2945.16 2652.77 2491.03 2332.94
internal_count=17712 12029 5683 7391 4037 4638 998 1762 3921 3354 151 3886 2035 3003 3295 807 75 918 675 243 91 1124 1068 2982 116 86 987 911 857 804
is_linear=0
shrinkage=0.04


Tree=44
num_leaves=31
num_cat=0
split_feature=0 0 6 1 6 6 0 6 1 6 1 0 1 10 11 5 4 23 19 13 0 10 14 6 19 9 19 1 20 21
split_gain=134.044 31.2676 27.0115 12.4802 8.34081 7.19466 6.64969 9.38148 5.24358 5.1631 5.76664 5.04919 4.77851 4.43702 5.42717 3.92995 3.78396 4.30947 3.90278 3.7426 3.74198 4.42909 3.52385 4.63115 5.43226 4.08275 3.81728 3.51102 3.47044 3.65547
threshold=0.49281796658898136 0.32080786295250868 0.54370208828971733 0.27650191376917349 0.67763863121005985 0.37880694091675177 0.17631180886299344 0.54113137721385152 0.25999837149177368 0.60149445395667389 0.19108974798625902 0.55884164455629526 0.29941304225703175 -90.238659403274468 0.38658010366695039 0.023122382601415196 -1.0461610803591983 8.5000000000000018 2.8166666666666669 2.6333333333333337 0.39033710958789153 167.11881045468161 12.816666666666668 0.62726124511082137 3.2250000000000005 1475.2404894678743 4.291666666666667 0.30358824453592231 -1.5499999999999996 -0.33333333333333331
decision_type=2 2 2 2 2 2 2 2 2 2 2 2 2 2 2 2 2 2 2 2 2 2 2 2 2 2 2 2 2 2
left_child=1 6 27 16 8 12 9 -8 11 -1 -11 15 -5 -9 -15 -4 17 -3 -18 28 21 -7 23 -13 -25 26 -26 -2 -20 -30
right_child=2 3 4 5 -6 20 7 13 -10 10 -12 22 -14 14 -16 -17 18 -19 19 -21 -22 -23 -24 24 25 -27 -28 -29 29 -31
leaf_value=-0.006888599672049878 0.0012148024548340405 -0.0030707174236712527 -0.0055618629823204722 0.010799739415009932 0.0061390406412170405 -0.0014196920497048478 -0.0035191316928391732 -0.0024936407543026985 0.012502986424800373 -0.0047942439886754082 0.0022614294233990191 0.00091524566403258963 -0.0029308455034423283 0.0093852963523589333 0.00019956666101722501 0.0018052476071759411 0.0093189844091865811 0.0047274104947161392 0.010891551199284664 -0.0040432896876578346 -0.00015889951864214447 -0.011564150141042758 0.0043108248516169866 -0.0037350416842650272 0.0062641550323883225 0.0021716207470448188 0.016406899995309566 -0.0039300836449851521 -0.00050981004960444617 0.0023855500289322795
leaf_weight=1255.2696640491486 9458.0489268302917 557.56808829307556 126.24939060211182 40.087212324142456 2330.3132762908936 4890.6304836273193 6632.5048060417175 1054.8494408130646 99.717521190643311 730.28544616699219 247.58317732810974 1235.8394365310669 3385.3657221794128 111.82082509994507 1172.2985229492188 1295.7974803447723 103.85305428504944 141.32396626472473 64.676013708114624 184.83063578605652 7835.77658867836 68.869275093078613 4981.9851219654083 82.074939727783203 139.07670044898987 143.30944609642029 105.41935920715332 216.14630460739136 952.82055258750916 2601.3624339103699
leaf_count=569 2929 182 38 14 510 1844 2755 412 30 329 100 340 1289 41 432 381 32 45 21 61 2742 26 1260 21 35 37 26 76 307 828
internal_value=7.54316e-05 -0.00153407 0.00262585 -0.000617363 0.00402664 -0.00113915 -0.00323783 -0.00275109 0.00342635 -0.00519115 -0.00300736 0.00331321 -0.00276705 -0.000572615 0.00100614 0.00114775 0.00121987 -0.00148935 0.00170469 0.0014944 -0.000703161 -0.00156286 0.00377343 0.00220223 0.005578 0.00755354 0.0106864 0.00109946 0.00177828 0.00160942
internal_weight=52245.8 32031.8 20214 20827.2 10539.8 16220.7 11204.6 8971.47 8209.47 2233.14 977.869 8109.75 3425.45 2338.97 1284.12 1422.05 4606.43 698.892 3907.54 3803.69 12795.3 4959.5 6687.71 1705.72 469.88 387.806 244.496 9674.2 3618.86 3554.18
internal_count=17712 12029 5683 7391 2678 5915 4638 3640 2168 998 429 2138 1303 885 473 419 1476 227 1249 1217 4612 1870 1719 459 119 98 61 3005 1156 1135
is_linear=0
shrinkage=0.04


Tree=45
num_leaves=31
num_cat=0
split_feature=0 6 0 6 0 6 11 18 6 17 6 1 5 19 14 0 19 1 12 0 14 6 2 5 6 8 15 23 6 2
split_gain=125.173 33.84 24.165 10.5473 8.24312 6.33176 6.41658 4.95445 4.42392 4.25247 4.2836 4.24057 4.9337 4.53135 4.46355 4.10786 4.67022 4.04396 3.96855 4.17161 4.28364 3.93871 5.2369 5.51413 3.72459 4.40403 4.1142 3.53636 3.60868 3.52735
threshold=0.44195628352006905 0.51856042716204886 0.2915497133234381 0.46025614895561445 0.76085831920542291 0.53855745252253995 0.37489128847861747 8.2916666666666696 0.51933002530838379 3.2916666666666674 0.67763863121005985 0.26191154057948712 0.032634487825662813 4.6333333333333337 13.083333333333334 0.17631180886299344 7.366666666666668 0.25392549695394084 0.63333333333333341 0.25927880839514023 13.816666666666668 0.37880694091675177 0.30899441627633634 0.037206894756961491 0.42078663959286494 1437.8091801094081 2.4500000000000006 16.500000000000004 0.43039605898473193 0.31982536311144349
decision_type=2 2 2 2 2 2 2 2 2 2 2 2 2 2 2 2 2 2 2 2 2 2 2 2 2 2 2 2 2 2
left_child=2 24 5 21 8 15 -7 -5 -3 10 -10 12 13 17 -14 -1 -17 -9 -8 20 -20 -4 23 27 -2 -26 -27 -23 -29 -15
right_child=1 4 3 7 -6 6 18 11 9 -11 -12 -13 14 29 -16 16 -18 -19 19 -21 -22 22 -24 -25 25 26 -28 28 -30 -31
leaf_value=-0.0077876540766871442 -0.00067257431449697718 0.0098349979613546572 -0.003209153973831425 0.0070427709843305653 0.0051647623681364083 -0.0036547072280932119 0.009835678790168674 0.0015374681972621699 0.0025127856509425794 -0.00532130129567488 0.0055282762912797724 -0.00059382771015998432 -0.010610675888603092 -0.0071739926421468146 0.0020183306692284765 -0.0044287632771569125 0.0077047083018322018 0.012664737532046033 -0.0038772161005459654 0.0030965128789780688 0.0040847448563006497 -0.00093590729101535432 -0.0025508593141164728 0.0081820795204076216 -0.0022438354388960476 0.0076826490666893369 0.00096919475151920358 0.011052357033071581 -0.0020976847648792084 0.0026700848066128799
leaf_weight=613.44286394119263 3776.8373188972473 138.39680194854736 3148.936959028244 152.86290192604065 2836.5966196060181 2359.4516127109528 61.623580455780029 85.905930280685425 10137.445564746857 104.88995051383972 814.22201609611511 6432.9666447639465 83.284625291824341 63.610002279281616 94.964175701141357 4203.8163125514984 50.503816366195679 133.64840316772461 553.21961712837219 337.8453323841095 133.45140671730042 2927.0068316459656 3549.0173802375793 116.66110038757324 685.72838091850281 147.83664727210999 7887.5885033607483 79.860463619232178 56.406228542327881 592.77660942077637
leaf_count=287 1301 41 1231 53 625 1000 24 27 2809 29 194 2274 27 19 30 1792 21 42 225 122 51 1061 1387 42 227 47 2517 29 20 185
internal_value=-3.94227e-05 0.00189038 -0.00202139 -0.00117847 0.00323858 -0.00379724 -0.00248396 -6.24068e-05 0.0027501 0.00266054 0.00273746 -0.000208392 0.00214198 0.00337631 -0.0039087 -0.00472613 -0.00428295 0.00833764 6.03003e-05 -0.000536696 -0.00232616 -0.00204158 -0.0014948 -0.000315741 0.000376611 0.000831003 0.00109365 -0.000641935 0.0056334 0.00170664
internal_weight=52360.8 26529.5 25831.3 17517.9 14031.6 8313.35 3445.59 7640.02 11195 11056.6 10951.7 7487.16 1054.19 875.941 178.249 4867.76 4254.32 219.554 1086.14 1024.52 686.671 9877.89 6728.95 3179.93 12498 8721.15 8035.43 3063.27 136.267 656.387
internal_count=17739 7790 9949 6427 3698 3522 1422 2657 3073 3032 3003 2604 330 273 57 2100 1813 69 422 398 276 3770 2539 1152 4092 2791 2564 1110 49 204
is_linear=0
shrinkage=0.04


Tree=46
num_leaves=31
num_cat=0
split_feature=0 6 0 6 0 6 10 18 6 17 6 1 5 19 0 19 6 2 5 1 22 0 2 2 22 8 10 10 23 5
split_gain=120.273 32.3282 23.3799 10.1659 7.82992 6.15094 5.86057 4.7283 4.1866 4.08617 4.07069 4.06726 4.73384 4.29613 4.01447 4.49326 3.80983 5.05342 5.26032 3.79867 3.7717 4.06082 3.65295 3.47784 3.43303 5.80136 4.11072 3.40377 3.68016 4.33418
threshold=0.44195628352006905 0.51856042716204886 0.2915497133234381 0.46025614895561445 0.76085831920542291 0.53855745252253995 -90.238659403274468 8.2916666666666696 0.51933002530838379 3.2916666666666674 0.67763863121005985 0.26191154057948712 0.032634487825662813 4.6333333333333337 0.17631180886299344 7.366666666666668 0.37880694091675177 0.30899441627633634 0.037206894756961491 0.25392549695394084 13.500000000000002 0.2740096987442156 0.21691866005449509 0.46531765613834081 13.500000000000002 1530.8340930406443 -2.9211964958255972 -380.38850570219296 4.5000000000000009 0.033594043605181596
decision_type=2 2 2 2 2 2 2 2 2 2 2 2 2 2 2 2 2 2 2 2 2 2 2 2 2 2 2 2 2 2
left_child=2 22 5 16 8 14 27 -5 -3 10 -10 12 13 19 -1 -16 -4 18 24 -9 21 -8 -2 -23 -18 26 -26 -7 29 -29
right_child=1 4 3 7 -6 6 20 11 9 -11 -12 -13 -14 -15 15 -17 17 -19 -20 -21 -22 23 -24 -25 25 -27 -28 28 -30 -31
leaf_value=-0.0076934000832038756 0.00091817913801578986 0.0095464106676696314 -0.0031556391537424446 0.0068551611587998789 0.0050358762217377782 -0.0094527878894102649 -0.00027525479856177661 0.0015049679331823993 0.0024566351704308409 -0.005244448648573318 0.005388462118119006 -0.0005823833007428073 -0.0038472981402308138 0.0016696204267941561 -0.0043602716517695053 0.0074971976725830211 -0.001154956731502028 -0.0025066535687481174 0.0079554720023852724 0.012258377164503254 -0.0055805285485234137 0.0014796711462802534 -0.00048208614315741019 0.013129392715858097 0.0076162585416019038 0.011074678778144094 -0.0027628380856888259 -0.001339169428025148 -0.0038968158609565895 0.010837665970421882
leaf_weight=608.68413114547729 7598.988917350769 139.76465010643005 3138.8477418422699 153.94327998161316 2851.2848660945892 146.91269588470459 769.86696457862854 86.038109302520752 10162.950822591782 104.3332827091217 818.73572611808777 6429.1477065086365 177.56162929534912 657.51678586006165 4185.2397615909576 50.894435882568359 2653.4074506759644 3539.9758756160736 117.61954617500305 135.35178804397583 165.62345409393311 93.637845039367676 4903.7141227722168 72.345186233520508 82.693266630172729 100.48859596252441 224.71542859077454 300.21951746940613 1834.0726099014282 54.368200063705444
leaf_count=287 2415 41 1231 53 625 68 304 27 2809 29 194 2274 57 204 1792 21 963 1387 42 42 65 34 1677 25 30 36 81 126 776 24
internal_value=-3.87184e-05 0.00184927 -0.00198534 -0.00115647 0.00316388 -0.00373616 -0.00244077 -6.12148e-05 0.002688 0.00260068 0.00267569 -0.000204348 0.00209456 0.00329798 -0.00465445 -0.00421608 -0.00200517 -0.00146733 -0.00030953 0.00810487 -3.53942e-05 0.000950873 0.000368983 0.00660553 -0.000629577 0.00278253 4.47924e-05 -0.00357466 -0.00317595 0.000553107
internal_weight=52358.9 26579.8 25779.2 17497.3 14077.1 8281.86 3437.05 7639.56 11225.8 11086 10981.7 7485.62 1056.47 878.907 4844.82 4236.13 9857.75 6718.9 3178.92 221.39 1101.47 935.85 12502.7 165.983 3061.3 407.897 307.409 2335.57 2188.66 354.588
internal_count=17739 7790 9949 6427 3698 3522 1422 2657 3073 3032 3003 2604 330 273 2100 1813 3770 2539 1152 69 428 363 4092 59 1110 147 111 994 926 150
is_linear=0
shrinkage=0.04


Tree=47
num_leaves=31
num_cat=0
split_feature=0 6 0 6 0 6 11 18 17 0 6 6 12 14 0 6 2 5 6 8 15 6 9 13 18 17 18 9 10 10
split_gain=115.565 30.8878 22.6185 9.79807 7.43944 5.9739 6.00094 4.51324 4.01308 3.92229 3.87713 3.86937 3.77351 3.99764 3.7071 3.68474 4.87604 5.01922 3.57698 4.21218 3.91687 3.38402 5.87295 4.23727 3.31352 3.52788 3.30941 3.3032 3.29961 3.79928
threshold=0.44195628352006905 0.51856042716204886 0.2915497133234381 0.46025614895561445 0.76085831920542291 0.53855745252253995 0.37489128847861747 8.2916666666666696 3.2916666666666674 0.17631180886299344 0.51933002530838379 0.67763863121005985 0.63333333333333341 12.775000000000002 0.19600667074310954 0.37880694091675177 0.30899441627633634 0.037206894756961491 0.42078663959286494 1437.8091801094081 2.4500000000000006 0.41478643216080407 1548.1727437251777 1.7750000000000001 9.0833333333333339 1.9166666666666667 10.29166666666667 1479.5845436867692 -380.38850570219296 -136.05036935727171
decision_type=2 2 2 2 2 2 2 2 2 2 2 2 2 2 2 2 2 2 2 2 2 2 2 2 2 2 2 2 2 2
left_child=2 18 5 15 8 9 28 -5 10 -1 -3 -12 -8 14 -14 27 17 -17 24 26 -21 22 -11 -23 25 -2 -20 -4 -7 -30
right_child=1 4 3 7 -6 6 12 -9 -10 21 11 -13 13 -15 -16 16 -18 -19 19 20 -22 23 -24 -25 -26 -27 -28 -29 29 -31
leaf_value=-0.0075995653685882467 0.0022397503253862019 0.009268954624282958 -0.0047953425068695257 0.0066737975200845704 0.0049108453226097562 -0.0093545871974974344 0.0095412015843264024 -0.00020033693223964048 -0.0051683124875588965 -0.0030719360358873165 0.0024018756294709072 0.0052529238416840389 -0.0067323492627255664 0.0028722977338225598 -0.0003230725494663126 -0.00061743815928880729 -0.0024631039272409016 0.007736881435044936 0.00066773691423376112 0.0074658527293271007 0.00094081080992346677 -0.0023306841484444321 -0.0085766094864780859 -0.0055202329103113592 -0.0013458038850529858 -0.0057830281347406318 -0.004893334305422793 -0.0021032694464343032 -0.0022143930914675209 -0.0061170329933025597
leaf_weight=604.01925826072693 835.97812223434448 141.10528969764709 1160.3872117996216 155.00221157073975 2865.6797955036163 145.5305004119873 62.250734329223633 7484.0887634754181 103.78754425048828 605.25184488296509 10187.948175191879 823.15936136245728 210.70132517814636 358.7804262638092 454.46103978157043 3059.3732225894928 3531.1134934425354 118.55899667739868 331.17154169082642 149.01733231544495 7898.3511970043182 1964.4593093395233 638.67303395271301 1009.9239492416382 2842.7724049091339 96.998989820480347 353.03045296669006 1968.5710694789886 1672.7396724224091 524.21928143501282
leaf_count=287 285 41 453 53 625 68 24 2604 29 259 2809 194 90 135 173 1110 1387 42 109 47 2517 841 280 433 983 33 118 778 718 214
internal_value=-3.80221e-05 0.00180913 -0.00194985 -0.00113483 0.00309114 -0.00367586 -0.00239828 -6.00009e-05 0.00262747 -0.00458353 0.00270048 0.00261547 5.93181e-05 -0.000525881 -0.00236038 -0.00196934 -0.00144031 -0.000303428 0.000361515 0.000806317 0.00106255 -0.00414997 -0.00590284 -0.00341516 -0.000667047 0.00140035 -0.00220459 -0.00310285 -0.00353739 -0.00314797
internal_weight=52357.1 26629 25728.1 17477.1 14121.7 8251.01 3428.68 7639.09 11256 4822.33 11152.2 11011.1 1086.19 1023.94 665.162 9838 6709.05 3177.93 12507.3 8731.57 8047.37 4218.31 1243.92 2974.38 3775.75 932.977 684.202 3128.96 2342.49 2196.96
internal_count=17739 7790 9949 6427 3698 3522 1422 2657 3073 2100 3044 3003 422 398 263 3770 2539 1152 4092 2791 2564 1813 539 1274 1301 318 227 1231 1000 932
is_linear=0
shrinkage=0.04


Tree=48
num_leaves=31
num_cat=0
split_feature=3 1 3 1 1 1 22 6 3 2 15 12 18 22 6 11 3 6 21 18 3 1 3 16 5 5 9 5 8 16
split_gain=112.266 27.9743 22.6188 9.56245 7.22622 5.57076 5.55721 4.79986 4.6913 11.7837 4.48098 4.38976 4.35602 4.33878 3.97508 7.51271 5.36975 3.94946 3.86447 5.38109 3.79674 4.11798 3.90916 3.73177 9.19927 3.63715 5.85804 4.14734 4.86223 3.52257
threshold=-0.23322633314270363 0.22446178726388902 -0.82658564717759919 0.27650191376917349 0.26956037805735894 0.27568401820658117 69.500000000000014 0.39018367961457406 -0.14525557022966354 0.27481738715146714 5.0833333333333348 2.0833333333333335 14.633333333333335 16.500000000000004 0.63647160440509631 0.53570849721157521 -1.5415379815136625 0.47429288924134289 1.0000000180025095e-35 13.29166666666667 -0.53096158270725391 0.30892871213941847 -0.23994630612900511 1.4500000000000002 0.033027030953487919 0.023122382601415196 1487.3265309670901 0.028124503845487373 1428.6335619387535 0.22500000000000003
decision_type=2 2 2 2 2 2 2 2 2 2 2 2 2 2 2 2 2 2 2 2 2 2 2 2 2 2 2 2 2 2
left_child=2 10 14 5 6 -4 8 13 9 -3 -2 -12 18 -5 16 -16 -1 -18 -11 -20 -9 22 -22 -23 -25 26 -10 -27 -29 -30
right_child=1 4 3 7 -6 -7 -8 20 25 12 11 -13 -14 -15 15 -17 17 -19 19 -21 21 23 -24 24 -26 27 -28 28 29 -31
leaf_value=-0.0057639630946796369 0.0025336299393132794 0.018839434033901148 0.00078804559226335156 -0.0028817676225053185 8.8862788386641998e-05 0.0088562142878033934 0.0095257908966041287 -0.0018135408817334059 0.0017302318763007035 -0.002872783179132653 0.0056748788179936949 0.0034403137228290036 0.0096427203452107875 0.0039135276590917031 -0.0017594833932635234 0.01376114648111362 -0.0041312357588961521 -0.002212624192891022 0.011936054298577225 -0.0032161038113914225 -0.00054890474402040585 0.00067274144036685076 -0.0080638469668749754 0.00089532196348689837 0.016832535817567901 0.003109607309250877 -0.0059518259375541853 -0.0037982318121884957 0.010165254375299245 0.0012145992522417952
leaf_weight=1552.2424976825714 3402.1218543052673 84.261518239974976 2740.6884658336639 3476.8647723197937 8083.2843189239502 143.14753699302673 142.58550024032593 4099.8527150154114 375.95644974708557 214.40482425689697 2399.3118913173676 3419.0481073856354 109.48087763786316 156.28951811790466 870.62646675109863 51.933435201644897 3386.9523148536682 3490.0545420646667 86.418554782867432 65.068542957305908 4506.4855704307556 804.40220618247986 112.55193066596985 175.30474948883057 85.65434718132019 2143.2485389709473 273.58144402503967 311.46853852272034 70.260687112808228 5647.5339703559875
leaf_count=710 871 26 892 1361 2760 49 41 1579 114 66 578 794 33 61 370 20 1458 1413 26 20 1593 296 39 65 31 632 82 94 21 1687
internal_value=9.42521e-05 0.0019033 -0.00179765 -0.000897931 0.000968501 0.00119146 0.00171497 -0.00134706 0.00159525 0.00514373 0.0036881 0.0043626 0.00268167 -0.00258845 -0.00336571 -0.00087183 -0.00363852 -0.00315801 0.000578203 0.00544931 -0.000885886 -0.000216617 -0.000733727 0.00202398 0.00617067 0.00136959 -0.00150958 0.00159858 0.00106103 0.00132634
internal_weight=52481.1 26828 25653.1 16301.2 17607.6 2883.84 9524.27 13417.4 9381.68 559.634 9220.48 5818.36 475.373 3633.15 9351.81 922.56 8429.25 6877.01 365.892 151.487 9784.25 5684.4 4619.04 1065.36 260.959 8822.05 649.538 8172.51 6029.26 5717.79
internal_count=17782 7845 9937 5966 5602 941 2842 5025 2801 171 2243 1372 145 1422 3971 390 3581 2871 112 46 3603 2024 1632 392 96 2630 196 2434 1802 1708
is_linear=0
shrinkage=0.04


Tree=49
num_leaves=31
num_cat=0
split_feature=0 1 0 1 1 1 22 6 3 2 14 5 15 22 18 6 10 0 6 4 21 18 0 1 0 16 5 5 9 5
split_gain=107.83 26.6959 21.8632 9.19651 6.92261 5.29492 5.27154 4.63361 4.47124 11.026 4.32285 5.95693 5.2638 4.17521 4.13231 3.84971 7.14215 5.22477 3.83085 3.85088 3.70145 5.09935 3.65813 3.95227 3.79244 3.55405 8.63177 3.48962 5.66113 3.96105
threshold=0.44195628352006905 0.22446178726388902 0.30436750075997659 0.27650191376917349 0.26956037805735894 0.27568401820658117 69.500000000000014 0.39018367961457406 -0.14525557022966354 0.27481738715146714 12.550000000000002 0.033091238038663547 4.2250000000000005 16.500000000000004 14.633333333333335 0.63647160440509631 25.298095534763551 0.17631180886299344 0.47429288924134289 -0.28765330031000758 1.0000000180025095e-35 13.29166666666667 0.37029264209955082 0.30892871213941847 0.44029958278599701 1.4500000000000002 0.033027030953487919 0.023122382601415196 1487.3265309670901 0.028124503845487373
decision_type=2 2 2 2 2 2 2 2 2 2 2 2 2 2 2 2 2 2 2 2 2 2 2 2 2 2 2 2 2 2
left_child=2 10 15 5 6 -4 8 13 9 -3 -2 12 -12 -5 20 17 -17 -1 -19 -20 -11 -22 -9 24 -24 -25 -27 28 -10 -29
right_child=1 4 3 7 -6 -7 -8 22 27 14 11 -13 -14 -15 -16 16 -18 18 19 -21 21 -23 23 25 -26 26 -28 29 -30 -31
leaf_value=-0.0056825125558686487 0.0019003030801464321 0.018125434813881954 0.00077178364514079035 -0.0028327740239819888 8.7090067464330978e-05 0.0086047313888164799 0.0092490869758382194 -0.0017807850104332524 0.001693001014839827 -0.0028241302072816751 -0.0018281097473551516 0.0054394633380213499 0.0034978541474977609 0.003821245936045028 0.00936210689804985 -0.0017276384257655622 0.013310168670525402 -0.0040661273522979427 0.002289483496444956 -0.0025694879116769267 0.011563015932990776 -0.0031632922980538115 -0.00053830237538619863 0.0006589477087435865 -0.0079691605102173817 0.00087684978195356762 0.016226971429709483 0.0030383143232190807 -0.0058690840369999778 0.0010388386507938266
leaf_weight=1543.3211617469788 1902.1614336967468 85.864005088806152 2742.8490982055664 3466.859680891037 8084.0026550292969 144.42091250419617 143.95022892951965 4092.424192905426 376.60750579833984 213.78976702690125 319.47499203681946 2932.2580587863922 4100.6553695201874 156.90235877037048 110.54167747497559 869.09596419334412 52.653038501739502 3372.988874912262 283.38103723526001 3198.9598572254181 87.456232070922852 64.859611749649048 4504.0126152038574 804.94354367256165 111.64797830581665 175.46177506446838 87.108329772949219 2149.9235739707947 271.95796895027161 6035.6639277935028
leaf_count=710 496 26 892 1361 2760 49 41 1579 114 66 82 674 991 61 33 370 20 1458 112 1301 26 20 1593 296 39 65 31 632 82 1802
internal_value=9.23088e-05 0.00186189 -0.00176519 -0.000880917 0.000948334 0.00116643 0.001678 -0.00132213 0.00156105 0.00501606 0.00360141 0.0040412 0.00311258 -0.00254369 0.00262151 -0.00331012 -0.000855141 -0.00357942 -0.0031052 -0.00217354 0.000566304 0.00531248 -0.00086909 -0.000212385 -0.000719734 0.00197989 0.00601154 0.00134051 -0.0014821 0.0015643
internal_weight=52486.2 26879.2 25607 16286.6 17624.6 2887.27 9540.61 13399.4 9396.66 562.511 9254.55 7352.39 4420.13 3623.76 476.647 9320.4 921.749 8398.65 6855.33 3482.34 366.106 152.316 9775.6 5683.17 4615.66 1067.51 262.57 8834.15 648.565 8185.59
internal_count=17782 7845 9937 5966 5602 941 2842 5025 2801 171 2243 1747 1073 1422 145 3971 390 3581 2871 1413 112 46 3603 2024 1632 392 96 2630 196 2434
is_linear=0
shrinkage=0.04


Tree=50
num_leaves=31
num_cat=0
split_feature=0 1 0 1 1 1 22 6 3 2 14 5 15 19 18 12 8 22 1 18 6 0 14 9 14 6 4 13 9 21
split_gain=103.571 25.4793 21.1307 8.84443 6.63216 5.03422 5.00231 4.47273 4.26234 10.3264 4.11272 5.65018 5.03277 4.30491 4.52446 4.07098 4.12438 4.01781 3.9363 3.92147 3.7278 5.0827 4.89581 5.72635 3.7152 3.71519 3.70881 3.57549 4.34276 3.54567
threshold=0.44195628352006905 0.22446178726388902 0.30436750075997659 0.27650191376917349 0.26956037805735894 0.27568401820658117 69.500000000000014 0.39018367961457406 -0.14525557022966354 0.27481738715146714 12.550000000000002 0.033091238038663547 4.2250000000000005 3.5500000000000003 14.29166666666667 2.2916666666666674 1804.1339394975 16.500000000000004 0.21743850904512929 14.633333333333335 0.63647160440509631 0.17631180886299344 14.733333333333336 1756.347938970084 10.816666666666668 0.47429288924134289 -0.28765330031000758 1.5500000000000003 1412.6849648363279 1.0000000180025095e-35
decision_type=2 2 2 2 2 2 2 2 2 2 2 2 2 2 2 2 2 2 2 2 2 2 2 2 2 2 2 2 2 2
left_child=2 10 20 5 6 -4 8 17 9 -3 13 12 -12 24 18 -13 -17 -5 27 29 21 -1 -22 -24 -2 -23 -27 -15 -29 -11
right_child=1 4 3 7 -6 -7 -8 -9 -10 19 11 15 -14 14 -16 16 -18 -19 -20 -21 22 25 23 -25 -26 26 -28 28 -30 -31
leaf_value=-0.0056017525617536781 0.0035418603123985311 0.017450789298798175 0.00075586963748316353 -0.0027844756288788052 8.5352863921697248e-05 0.0083624846930977909 0.008982896444202167 -0.0008525967014701881 0.0013120760829528589 -0.0027761660258716426 -0.0017952121702960481 0.0065369562827769867 0.0034163023865370922 0.0052604401005958692 -0.0028371022691302734 0.0016286125432122447 0.0064292081708715179 0.0037314837224167491 0.011619972542764754 0.0090921902843888961 -0.0018936796440739122 -0.0040017819491083755 0.015740230476246325 -0.0027653958286471005 -0.001927139234205084 0.0022390005443457461 -0.0025250081814884497 0.0055871149196261693 -0.0068211410863709913 0.0051798006476850272
leaf_weight=1534.5760906934738 293.79953336715698 87.434518337249756 2744.9668040275574 3457.0527493953705 8084.7067220211029 145.66897702217102 145.28781342506409 9767.1166670322418 8846.0150558948517 213.18684911727905 318.89149188995361 1745.1825766563416 4115.0239865779877 561.80634260177612 145.82355928421021 733.21949052810669 469.84935736656189 157.50306844711304 115.24745774269104 111.58144044876099 814.80865836143494 3359.3017275333405 56.855411767959595 49.290244340896606 608.92958092689514 284.03057670593262 3190.750727891922 81.507658720016479 98.665419578552246 153.12812542915344
leaf_count=710 77 26 892 1361 2760 49 41 3603 2630 66 82 407 991 144 39 167 100 61 31 33 349 1458 21 20 160 112 1301 20 25 46
internal_value=9.04036e-05 0.00182146 -0.00173325 -0.000864211 0.000928606 0.00114195 0.0016419 -0.00129762 0.00152763 0.00489219 0.00351705 0.00394478 0.00304116 0.00185901 0.00366117 0.00530225 0.00350723 -0.00249959 0.00476861 0.00256286 -0.00325527 -0.00352107 -0.000838756 0.00720127 -0.000145265 -0.0030531 -0.00213506 0.00369022 -0.00120797 0.000554659
internal_weight=52491.2 26929.3 25561.9 16272.3 17641.3 2890.64 9556.63 13381.7 9411.35 565.331 9287.95 7382.17 4433.92 1905.78 1003.05 2948.25 1203.07 3614.56 857.227 477.896 9289.61 8368.66 920.954 106.146 902.729 6834.08 3474.78 741.979 180.173 366.315
internal_count=17782 7845 9937 5966 5602 941 2842 5025 2801 171 2243 1747 1073 496 259 674 267 1422 220 145 3971 3581 390 41 237 2871 1413 189 45 112
is_linear=0
shrinkage=0.04


Tree=51
num_leaves=31
num_cat=0
split_feature=0 6 0 6 6 19 13 2 15 9 6 18 15 21 0 5 20 23 6 19 1 5 19 16 5 12 23 9 1 15
split_gain=94.983 26.1193 21.4611 8.56452 7.00216 3.88814 4.45191 3.8539 4.49923 3.669 3.55904 4.43218 5.25294 4.0748 4.2943 4.05794 5.35484 3.90711 4.02757 3.64771 3.9105 3.42399 4.54738 4.9303 4.61496 4.21595 4.70909 4.53203 4.26722 3.74276
threshold=0.44195628352006905 0.51856042716204886 0.29516110568426757 0.67763863121005985 0.52435913451107508 2.6333333333333337 1.3666666666666669 0.12787321866105891 3.2916666666666674 1379.5011770159313 0.37880694091675177 9.6333333333333346 4.0833333333333348 -0.16666666666666682 0.36521990824872858 0.027998855219256383 -0.33333333333333331 5.5000000000000009 0.50897441797776455 5.4500000000000011 0.27850096206274016 0.030933496927754937 5.0833333333333348 2.7750000000000004 0.030042836363130102 1.2916666666666667 6.5000000000000009 1533.0571363666822 0.24062649653309534 3.8166666666666669
decision_type=2 2 2 2 2 2 2 2 2 2 2 2 2 2 2 2 2 2 2 2 2 2 2 2 2 2 2 2 2 2
left_child=2 7 -1 21 10 -6 -7 8 -2 -10 -4 12 -12 14 -13 16 -14 -16 -19 20 -15 22 24 25 -3 26 -24 -27 -29 -23
right_child=1 3 4 -5 5 6 -8 -9 9 -11 11 13 15 19 17 -17 -18 18 -20 -21 -22 29 23 -25 -26 27 -28 28 -30 -31
leaf_value=-0.0035017315923572953 0.011693300288203329 0.0027642101447433488 -0.0026656503302989625 0.0048784080981437404 0.010271500899912907 0.0020105906560741586 -0.00084906352651454838 5.5777543794028367e-05 0.0078778567181648079 0.00034037715626711692 -0.00036557618160376566 -0.0046332389236226172 0.010137161843871048 -0.0058052738382486377 -0.0043802038080202532 0.013042184840126488 -0.0022944172171947938 -0.0009986487261970788 0.0072755147863546275 -0.0029169932633773361 -0.00010263463488594019 -8.2561231778965295e-05 0.01131881979942812 0.0087203157003573183 -0.0004388922392924413 -0.0042754421070968877 -0.00014854548076288101 0.0043166432254460336 -0.0024207002110517733 0.003498537272123738
leaf_weight=8378.3264919519424 84.555915594100952 4608.4044761657715 2995.8936684131622 2474.9642908573151 63.372622966766357 1501.23366355896 2072.1640210151672 11685.211499452591 129.48658418655396 496.91963577270508 935.5071816444397 1069.2349278926849 92.993649005889893 199.58583545684814 550.55644822120667 84.695555210113525 134.4581413269043 1391.0059745311737 99.956954717636108 1064.7038216590881 4714.3945803642273 523.74301981925964 88.148955345153809 92.055160760879517 852.55331897735596 585.34083533287048 160.29266619682312 276.08222031593323 328.06943821907043 4302.5733733177185
leaf_count=3620 22 1266 1191 526 20 494 690 3856 35 136 348 421 34 72 199 31 50 500 34 397 1775 145 25 25 231 164 47 72 98 1099
internal_value=-9.18981e-05 0.00157356 -0.00184541 0.00273889 -0.00102749 0.000528162 0.000352543 0.000229866 0.00308705 0.00190855 -0.00145182 -0.00109981 0.00113508 -0.00140667 -0.0025806 0.00561936 0.00281036 -0.0015038 -0.000439429 -0.000795539 -0.000335387 0.00229042 0.00172426 -0.000203011 0.00226416 -0.000779937 0.00394923 -0.00177017 0.000660143 0.00310999
internal_weight=52036.5 26688.4 25348.1 14292.2 16969.8 3636.77 3573.4 12396.2 710.962 626.406 13333 10337.1 1247.65 9089.44 3110.75 312.147 227.452 2041.52 1490.96 5978.68 4913.98 11817.3 6990.95 1529.99 5460.96 1437.93 248.442 1189.49 604.152 4826.32
internal_count=17623 7747 9876 3698 6256 1204 1184 4049 193 171 5052 3861 463 3398 1154 115 84 733 534 2244 1847 3172 1928 431 1497 406 72 334 170 1244
is_linear=0
shrinkage=0.04


Tree=52
num_leaves=31
num_cat=0
split_feature=0 6 0 6 1 19 10 14 19 9 10 19 9 6 9 1 2 14 6 5 19 5 9 12 22 23 21 10 12 8
split_gain=91.2822 24.9761 20.7502 8.14564 6.77839 5.54454 5.02005 4.24778 3.76032 3.6518 4.82648 3.77285 3.5617 4.41355 3.99443 4.16062 4.75827 3.83814 4.27065 3.26571 4.35184 4.41301 3.67812 5.5944 4.59822 4.36701 3.84456 3.57329 4.29492 4.11364
threshold=0.44195628352006905 0.51856042716204886 0.29516110568426757 0.67763863121005985 0.28035909573962409 2.9166666666666674 72.558541486751793 14.733333333333336 2.9166666666666674 1487.3265309670901 169.08979695576491 1.9166666666666667 1339.5455837403247 0.46811203738050161 1497.8703041414326 0.2713134624064078 0.21290457813066907 12.450000000000001 0.4833332237555803 0.030933496927754937 5.0833333333333348 0.030042836363130102 1519.6923322261489 1.2916666666666667 8.5000000000000018 5.5000000000000009 1.0833333333333337 262.50207765033605 2.7916666666666674 1689.8882862105158
decision_type=2 2 2 2 2 2 2 2 2 2 2 2 2 2 2 2 2 2 2 2 2 2 2 2 2 2 2 2 2 2
left_child=2 7 -1 19 5 6 -4 8 12 11 -11 -6 -2 -14 15 16 17 18 -15 20 21 -3 23 -22 25 -24 -27 29 -29 -21
right_child=1 3 4 -5 9 -7 -8 -9 -10 10 -12 -13 13 14 -16 -17 -18 -19 -20 27 22 -23 24 -25 -26 26 -28 28 -30 -31
leaf_value=-0.003444343817981619 0.0078927076125967326 0.0027017625265616397 0.0013866935217121538 0.0047580496893384347 0.0045249691242440658 0.00013026007775616058 0.015303336705245854 0.0020637077977462516 -0.00051402404322158676 -0.00097698425880158018 0.0099677465720523061 -0.0024085437437789898 -0.00015197921208611652 0.012300215014467588 0.012115983461344492 -0.0040288120275507929 0.013551314535363672 -0.0015520398631033031 0.0018829838396973082 0.0025888488960149341 0.0037038201154344281 -0.00043037510750892487 0.005252400253317544 -0.0043539578020234688 0.0069238689991135772 -0.0046928268730412632 0.0034233567430797043 0.0049276549203202801 -0.0011662063467348788 -0.0027934734742252705
leaf_weight=8349.0391497612 120.77002549171448 4621.1606912612915 94.051924228668213 2487.0676815509796 127.7442319393158 3759.1828486919403 73.498311281204224 1729.271164894104 7932.0603413581848 7565.2726647853851 64.02809476852417 5268.582160949707 1862.8859767913818 97.865199327468872 75.920259237289429 126.56011509895325 71.419069051742554 207.6060688495636 174.65500974655151 2554.6385333538055 184.84547209739685 852.17922139167786 174.97931361198425 534.14864110946655 198.34323978424072 303.52769708633423 133.8346529006958 1832.7195115089417 205.44065475463867 248.55352807044983
leaf_count=3620 37 1266 31 526 49 1254 23 547 2611 2888 23 1988 627 29 23 42 22 60 51 688 53 231 49 150 55 87 37 443 49 64
internal_value=-9.01375e-05 0.00153983 -0.00181217 0.00267705 -0.00100816 0.000448524 0.007546 0.000225265 -7.28613e-05 -0.0014473 -0.000883837 -0.0022436 0.00120507 0.000893538 0.00347336 0.00248932 0.00398959 0.00254206 0.00565523 0.00223973 0.00168705 0.00221411 -0.000199026 -0.00228012 0.00164723 -7.04254e-05 -0.0022071 0.00303865 0.00431314 0.00211078
internal_weight=52031.9 26730.5 25301.4 14331.4 16952.4 3926.73 167.55 12399 10669.7 13025.6 7629.3 5396.33 2737.68 2616.91 754.026 678.105 551.545 480.126 272.52 11844.4 7003.02 5473.34 1529.68 718.994 810.685 612.342 437.362 4841.35 2038.16 2803.19
internal_count=17623 7747 9876 3698 6256 1308 54 4049 3502 4948 2911 2037 891 854 227 204 162 140 80 3172 1928 1497 431 203 228 173 124 1244 492 752
is_linear=0
shrinkage=0.04


Tree=53
num_leaves=31
num_cat=0
split_feature=0 6 0 6 6 14 19 8 10 10 20 6 18 21 0 23 6 19 1 17 6 0 21 1 6 20 14 1 4 0
split_gain=87.7237 23.8848 20.0612 7.74923 6.54904 4.07149 3.61075 3.57522 3.60709 4.64505 4.83163 3.43368 4.27128 3.89362 4.16501 3.77038 3.81382 3.53335 3.82212 3.42632 3.76543 4.4508 4.21503 3.46266 4.09865 3.32648 3.24426 4.84451 3.24104 4.81327
threshold=0.44195628352006905 0.51856042716204886 0.29516110568426757 0.67763863121005985 0.52435913451107508 14.733333333333336 2.9166666666666674 1541.4529261112182 102.79330469478636 21.870361661137967 0.16666666666666663 0.37880694091675177 9.6333333333333346 -0.16666666666666682 0.36521990824872858 5.5000000000000009 0.50897441797776455 5.4500000000000011 0.27850096206274016 0.55000000000000016 0.63647160440509631 0.11569507422138935 2.5833333333333339 0.2380591788828634 0.63971428248255291 0.63333333333333353 13.91666666666667 0.25893848858885388 -0.84218401620546612 0.40963475329125565
decision_type=2 2 2 2 2 2 2 2 2 2 2 2 2 2 2 2 2 2 2 2 2 2 2 2 2 2 2 2 2 2
left_child=2 5 19 -3 11 6 26 -6 9 -9 -11 -4 -13 14 -14 -16 -17 18 -15 -1 21 -21 23 24 -22 -12 27 -2 29 -19
right_child=1 3 4 -5 7 -7 -8 8 -10 10 25 12 13 17 15 16 -18 28 -20 20 22 -23 -24 -25 -26 -27 -28 -29 -30 -31
leaf_value=-0.0052992142570698168 0.0044454199761540351 0.002190236924438618 -0.0025955432054424279 0.004641224632054422 -0.00027754169169354377 0.0020185293561860744 -0.00050407670445281011 0.00063910988644816824 -0.0014755148189486457 -0.0018926572764957372 0.01502302022787471 0.0011391234302615093 -0.0045361463720209987 -0.0057291919758301214 -0.0042823137144709471 -0.00094865225903013883 0.0070760186712121101 0.011464205893812878 -7.6605446298625297e-05 -0.0085453841147143331 0.011147332383325093 -0.0031570360861293339 -0.010088593843128308 0.0097949304538255087 -0.0012274617302164424 0.0062345997021311592 -0.0034947799369370583 0.00051079290006660397 -0.0041187861702599842 -0.0017843527156586535
leaf_weight=1271.9752535820007 687.63297653198242 11870.952003955841 2983.7263355255127 2498.9294593334198 2601.8898503780365 1732.843563079834 7927.9841210842133 366.75297260284424 269.82288551330566 80.235509157180786 101.61477565765381 1247.4141895771027 1062.4553873538971 198.50611901283264 547.09123063087463 1387.3265523910522 100.70457625389099 54.537686109542847 4708.1915647983551 255.2163165807724 44.786175966262817 5964.3789093494415 66.50646185874939 56.314848184585571 661.15369057655334 218.93489193916321 217.70265984535217 1835.6293663978577 797.99410820007324 208.07411813735962
leaf_count=570 200 3172 1191 526 869 547 2611 120 87 26 32 463 421 72 199 500 34 20 1775 124 19 2573 30 20 284 70 69 622 305 72
internal_value=-8.83996e-05 0.00150688 -0.00177943 0.00261676 -0.000989138 0.000220763 -7.13906e-05 0.000514267 0.00249862 0.0038958 0.00686695 -0.00140064 -0.00105469 -0.00135668 -0.00250711 -0.00144612 -0.000401184 -0.000759179 -0.000306408 -0.0033877 -0.00304204 -0.00337948 -0.00050861 0.000339363 -0.000427723 0.0090586 0.00117984 0.00158438 -0.00285158 0.00100008
internal_weight=52027.3 26771.7 25255.6 14369.9 16935.3 12401.8 10668.9 3639.25 1037.36 767.538 400.785 13296 10312.3 9064.88 3097.58 2035.12 1488.03 5967.3 4906.7 8320.33 7048.36 6219.6 828.761 762.255 705.94 320.55 2740.97 2523.26 1060.61 262.612
internal_count=17623 7747 9876 3698 6256 4049 3502 1204 335 248 128 5052 3861 3398 1154 733 534 2244 1847 3620 3050 2697 353 323 303 102 891 822 397 92
is_linear=0
shrinkage=0.04


Tree=54
num_leaves=31
num_cat=0
split_feature=0 1 0 6 7 1 0 12 6 12 19 18 14 6 1 5 5 1 23 21 9 12 9 19 14 14 5 16 18 16
split_gain=95.1946 30.9919 11.4544 10.7841 7.91586 5.09651 5.14843 5.29539 4.96823 5.31051 3.66599 4.42287 3.96918 3.4918 5.02962 3.31294 3.25614 6.64462 4.30813 3.98052 3.36447 4.30486 3.20608 3.13613 4.14814 2.97992 2.97137 2.95279 2.74618 2.72268
threshold=0.40652096243872526 0.25682499623986549 0.24493787352263166 0.47051262664448817 -1.6249999999999998 0.27091769632850804 0.18146632070201171 1.9166666666666667 0.42078663959286494 0.22500000000000003 2.0833333333333335 7.366666666666668 11.816666666666668 0.57471290617251736 0.19323835300909467 0.029868536370147861 0.027538301613954434 0.25023001695035113 8.5000000000000018 0.45000000000000001 1458.4051806190821 0.81666666666666676 1639.6518681334901 4.916666666666667 7.916666666666667 13.816666666666668 0.037206894756961491 0.29166666666666669 18.083333333333339 1.1833333333333336
decision_type=2 2 2 2 2 2 2 2 2 2 2 2 2 2 2 2 2 2 2 2 2 2 2 2 2 2 2 2 2 2
left_child=2 4 5 -4 -2 6 7 13 9 -3 11 -10 -13 26 15 -15 -5 -18 19 20 21 -19 -22 24 -7 -17 -1 -11 -6 -12
right_child=1 8 3 16 28 23 -8 -9 10 27 29 12 -14 14 -16 25 17 18 -20 -21 22 -23 -24 -25 -26 -27 -28 -29 -30 -31
leaf_value=-0.0073549721145939285 0.0043997915576815304 0.010194381116058271 -0.0024826118833313287 0.00050229656395687486 0.0022437925093606575 -0.012626516159593084 -0.0015776473708804563 0.0034432821736120611 -0.0026866085543925406 -0.007876798027848601 -6.6354571027583341e-05 0.0028298754964312723 0.017024916416531494 -0.0095915051731676592 9.9844850234106347e-05 -0.0025562850794722636 0.0043528640750939221 0.010964240221730511 -0.0047722079216641778 0.00091038856650151598 -0.0044339457693079107 -0.0012171111568166288 0.0043844387978743734 -0.0098651643079781266 -0.0032906498248804921 -0.011663611916704229 0.00080351126389640183 -0.00088225880516316414 -0.0029941586999099753 0.0012360805438026508
leaf_weight=899.18126940727234 3217.8603129386902 67.530094385147095 9122.8527989387512 3407.6642596721649 12426.616592168808 90.180450558662415 1739.1439681053162 126.85439944267273 60.703180074691772 97.431750535964966 5616.999698638916 59.804914474487305 66.768410444259644 215.11015582084656 410.74961304664612 462.38502073287964 300.4445059299469 56.735937118530273 641.74946141242981 941.52677392959595 845.42353200912476 236.03700804710388 70.753303527832031 305.03995656967163 470.85033559799194 64.838604927062988 77.379514455795288 5158.8478569984436 161.41758561134338 4729.9129636287689
leaf_count=432 686 24 3675 1230 3358 43 744 54 20 34 1858 20 21 101 176 218 104 21 236 349 312 84 27 143 222 30 37 1821 43 1548
internal_value=1.28489e-06 0.00137588 -0.00212341 -0.00159559 0.0026293 -0.0038189 -0.00321447 -0.00447476 0.000126492 -0.000869332 0.0006298 0.00616141 0.0103926 -0.0049478 -0.00345224 -0.00541517 -0.000350517 -0.00129005 -0.00189857 -0.00103919 -0.00255702 0.00117278 -0.00374889 -0.00660052 -0.0048111 -0.00369628 -0.00670836 -0.00101338 0.00217639 0.000529093
internal_weight=52148.8 31663.9 20484.9 15623.2 15805.9 4861.71 3995.64 2256.5 15858 5323.81 10534.2 187.277 126.573 2129.64 1153.08 742.334 6500.33 3092.67 2792.23 2150.48 1208.95 292.773 916.177 866.071 561.031 527.224 976.561 5256.28 12588 10346.9
internal_count=17671 9433 8238 6038 4087 2200 1792 1048 5346 1879 3467 61 41 994 525 349 2363 1133 1029 793 444 105 339 408 265 248 469 1855 3401 3406
is_linear=0
shrinkage=0.04


Tree=55
num_leaves=31
num_cat=0
split_feature=0 1 0 6 7 1 0 12 6 12 6 2 5 8 5 18 20 5 1 4 22 17 5 16 18 2 15 22 18 8
split_gain=91.5249 29.6484 11.0911 10.4062 7.53399 4.96516 4.99363 5.11885 4.77359 5.0619 3.40554 5.55507 3.51034 3.15476 4.08652 4.54413 3.5198 3.13192 6.37634 5.10333 4.66413 3.43453 2.89317 2.86602 2.63485 2.626 2.6233 2.95564 3.52619 2.61783
threshold=0.40652096243872526 0.25682499623986549 0.24493787352263166 0.47051262664448817 -1.6249999999999998 0.27091769632850804 0.18146632070201171 1.9166666666666667 0.42078663959286494 0.22500000000000003 0.57471290617251736 0.66738820827306056 0.029868536370147861 1438.9471174806706 0.022152994126501849 10.816666666666668 0.16666666666666663 0.027538301613954434 0.25023001695035113 -0.28765330031000758 8.5000000000000018 1.8166666666666669 0.037206894756961491 0.29166666666666669 18.083333333333339 0.32315410333921962 2.9166666666666674 8.5000000000000018 12.633333333333335 1429.8439580407237
decision_type=2 2 2 2 2 2 2 2 2 2 2 2 2 2 2 2 2 2 2 2 2 2 2 2 2 2 2 2 2 2
left_child=2 4 5 -4 -2 6 7 10 9 -3 22 -12 -13 14 15 -10 -16 19 -19 -5 -20 -21 -1 -11 29 26 27 28 -15 -6
right_child=1 8 3 17 24 -7 -8 -9 13 23 11 12 -14 25 16 -17 -18 18 20 21 -22 -23 -24 -25 -26 -27 -28 -29 -30 -31
leaf_value=-0.0072627370436466948 0.004293305960614782 0.0098939213632483688 -0.0024394132562513592 0.0013616465356804902 -0.0009231498870119995 -0.0065131784074962179 -0.0015487927007931336 0.0033637932239082573 0.013595251308949095 -0.0077829795402893425 0.00035589592681131563 -0.009716060685977846 -0.0036689457737809606 0.00027981576981806085 -0.0024677770303944374 -0.00085174530318962976 0.0058339049915603156 0.0042480304477720155 -0.00099992460914116255 -0.0011516616202578718 -0.004962607266943325 -0.0083220174219804689 0.000787123414368963 -0.00086550837917929047 -0.0029438862279619745 0.0089231987109402999 0.00065483501578267799 0.0091027875515056651 0.0094370685915310011 0.0023020648416369333
leaf_weight=892.59208452701569 3232.0494134426117 68.222042560577393 9100.2324056625366 2591.2125482559204 416.09366512298584 860.39790403842926 1736.4023776054382 127.29194784164429 59.368921041488647 96.667314767837524 407.51365208625793 217.76283860206604 523.86221075057983 363.38367247581482 1163.652125120163 82.099678754806519 86.941608905792236 301.75514912605286 2179.9256312847137 692.67445945739746 607.01167893409729 125.48934054374695 77.441715121269226 5154.2984228134155 160.93499732017517 63.608627557754517 8523.1132919788361 117.06393051147461 81.58784008026123 12038.436985015869
leaf_count=432 686 24 3675 912 118 408 744 54 20 34 173 104 248 120 391 28 29 104 805 270 224 48 37 1821 43 19 2794 39 27 3240
internal_value=1.17281e-06 0.00134665 -0.00208581 -0.00156645 0.00257023 -0.0037578 -0.00316108 -0.00440605 0.00012396 -0.000852831 -0.00487413 -0.00339595 -0.00545525 0.00061691 -0.00115652 0.00526397 -0.00188644 -0.000343714 -0.00126614 0.000492073 -0.00186449 -0.00226026 -0.00661994 -0.000994313 0.00212847 0.00088685 0.000829608 0.00347413 0.00197624 0.00219425
internal_weight=52149.1 31707.5 20441.6 15598.3 15847.5 4843.26 3982.87 2246.46 15860 5319.19 2119.17 1149.14 741.625 10540.8 1392.06 141.469 1250.59 6498.07 3088.69 3409.38 2786.94 818.164 970.034 5250.97 12615.5 9148.76 9085.15 562.035 444.972 12454.5
internal_count=17671 9433 8238 6038 4087 2200 1792 1048 5346 1879 994 525 352 3467 468 48 420 2363 1133 1230 1029 318 469 1855 3401 2999 2980 186 147 3358
is_linear=0
shrinkage=0.04


Tree=56
num_leaves=31
num_cat=0
split_feature=0 1 0 6 7 1 0 12 6 12 19 14 6 2 5 19 14 5 1 4 22 17 5 16 19 16 11 0 23 5
split_gain=87.9954 28.3651 10.7364 10.0403 7.17213 4.83513 4.84246 4.94777 4.58677 4.82618 3.48602 4.1519 3.32101 5.38331 3.43783 3.09948 4.09876 3.01207 6.11918 4.90551 4.5167 3.33988 2.81656 2.78145 2.66079 2.58816 5.41617 3.8275 3.65965 3.43862
threshold=0.40652096243872526 0.25682499623986549 0.24493787352263166 0.47051262664448817 -1.6249999999999998 0.27091769632850804 0.18146632070201171 1.9166666666666667 0.42078663959286494 0.22500000000000003 2.0833333333333335 12.550000000000002 0.57471290617251736 0.66738820827306056 0.029868536370147861 4.916666666666667 7.916666666666667 0.027538301613954434 0.25023001695035113 -0.28765330031000758 8.5000000000000018 1.8166666666666669 0.037206894756961491 0.29166666666666669 6.7750000000000012 1.1833333333333336 0.5954890142971464 0.53696228007766866 9.5000000000000018 0.033955092920875181
decision_type=2 2 2 2 2 2 2 2 2 2 2 2 2 2 2 2 2 2 2 2 2 2 2 2 2 2 2 2 2 2
left_child=2 4 5 -4 -2 6 7 12 9 -3 11 -10 22 -14 -15 16 -7 19 -19 -5 -20 -21 -1 -11 -9 26 27 29 -27 -12
right_child=1 8 3 17 -6 15 -8 24 10 23 25 -13 13 14 -16 -17 -18 18 20 21 -22 -23 -24 -25 -26 28 -28 -29 -30 -31
leaf_value=-0.0071709921048895469 0.0041898479355802929 0.0096051474969627119 -0.0023968617068281855 0.0013327762652742688 0.0020817036371820244 -0.012488233444031454 -0.0015204215491439778 0.0081673149828713522 0.0016765980675915507 -0.0076895648780537628 -0.0017535294500240952 0.01415131712565439 0.00034871884501602241 -0.0096174451209710462 -0.0036095338941126731 -0.0097006093387584889 -0.0031277238064154906 0.0041461577268017812 -0.00098106177890764333 -0.0011301307202053756 -0.0048885991940330956 -0.0082263377327690332 0.00077108228273225143 -0.00084906158947760119 -0.0034449261575863607 0.00069190666463899504 0.00066758713212284953 0.0073060437779154472 0.0036542144909409656 -0.0072579733766110809
leaf_weight=886.13290023803711 3245.955429315567 68.900376081466675 9078.0602314472198 2594.7432646751404 12642.353802442551 88.470836997032166 1733.715131521225 73.912912845611572 124.34178924560547 95.917875051498413 1201.6507174968719 64.261827945709229 407.65871357917786 215.65728867053986 521.94371175765991 300.08460342884064 466.25674951076508 303.03974080085754 2177.7469589710236 691.87719011306763 604.00678038597107 124.44934964179993 77.502694606781006 5149.8392601013184 53.807940483093262 3936.6603283882141 4140.0484807491302 64.509718418121338 802.64671635627747 213.18242216110229
leaf_count=432 686 24 3675 912 3401 43 744 31 41 34 407 20 173 104 248 143 222 104 805 270 224 48 37 1821 23 1286 1359 20 262 72
internal_value=1.07862e-06 0.0013181 -0.00204877 -0.00153781 0.00251263 -0.00369732 -0.00310836 -0.00433802 0.000121501 -0.000836629 0.000604324 0.00597926 -0.00480112 -0.00334023 -0.00537675 -0.00642604 -0.00464037 -0.000337087 -0.00124264 0.00048197 -0.00183096 -0.00222069 -0.00653209 -0.000975581 0.0032864 0.000505894 -7.47788e-05 -0.00215139 0.00119427 -0.00258746
internal_weight=52149.3 31750.3 20399.1 15573.9 15888.3 4825.14 3970.33 2236.62 15862 5314.66 10547.3 188.604 2108.9 1145.26 737.601 854.812 554.728 6495.86 3084.79 3411.07 2781.75 816.327 963.636 5245.76 127.721 10358.7 5619.39 1479.34 4739.31 1414.83
internal_count=17671 9433 8238 6038 4087 2200 1792 1048 5346 1879 3467 61 994 525 352 408 265 2363 1133 1230 1029 318 469 1855 54 3406 1858 499 1548 479
is_linear=0
shrinkage=0.04


Tree=57
num_leaves=31
num_cat=0
split_feature=0 1 0 1 1 9 0 19 8 20 12 10 15 9 7 21 1 9 21 1 5 22 5 5 5 1 9 9 1 23
split_gain=75.7389 25.3243 15.9511 6.29201 5.21212 4.32924 4.9189 4.30933 4.42245 4.06678 5.58389 3.77179 3.84921 3.74951 3.6108 3.54901 3.32608 4.38832 3.31065 3.57912 4.55881 4.48342 3.60827 3.2367 3.58226 3.68439 3.3501 3.23127 3.03961 3.33421
threshold=0.44195628352006905 0.23415996529920899 0.29692343997102588 0.29113678145954919 0.26956037805735894 1339.5455837403247 0.49387303602485261 2.9166666666666674 1536.5973410767997 -1.1833333333333329 0.91666666666666685 -380.38850570219296 4.291666666666667 1407.1521230038049 -2.1249999999999996 1.916666666666667 0.32760073525496952 1608.0306175352082 -0.36666666666666664 0.28072231584555457 0.023718546317590076 14.500000000000002 0.022535207228443269 0.027177861761166881 0.021514434490804816 0.27466622008419855 1432.7380170788274 1490.4635264929268 0.2605115181795053 19.500000000000004
decision_type=2 2 2 2 2 2 2 2 2 2 2 2 2 2 2 2 2 2 2 2 2 2 2 2 2 2 2 2 2 2
left_child=2 14 11 7 9 6 -6 -4 23 10 13 -1 -13 -3 27 -10 -5 -18 19 -7 22 -22 -21 24 25 -9 -25 -2 -28 -30
right_child=1 4 3 16 5 18 -8 8 15 -11 -12 12 -14 -15 -16 -17 17 -19 -20 20 21 -23 -24 26 -26 -27 28 -29 29 -31
leaf_value=-0.0095930731405163092 0.0040664606195572692 0.0040113283978536422 0.0046161884967811113 -0.0011559629282467073 0.013065823812654543 -0.0034097970532537022 -0.00021771334826821805 0.003461225856666951 0.0020494639883204897 0.00097841227863765517 -0.00071850923891858282 -0.0034625992920265824 -0.0015409234065876154 0.016706398224377746 0.002676584788667218 -0.0061620664965246694 -0.0033993074003998039 0.0048460970132812716 0.00022708827676895418 -0.00050400763178112839 -0.00074624155155251885 -0.0084338879109589412 0.0078327830692880487 0.0020182533268461814 0.0012331812363541555 -0.0065477639743108419 0.0014046002030518516 0.0096641167904175668 -0.0025425169738746227 -0.01112451076248799
leaf_weight=137.24893152713776 942.58476400375366 68.523829698562622 318.44407558441162 8392.4405755996704 80.989859580993652 1009.1040585041046 97.742398023605347 82.167996168136597 1567.9343178272247 7778.5427184104919 112.86129379272461 5977.9636328220367 2316.3633219003677 82.671841621398926 9707.0697858333588 88.032380342483521 1926.8220047950745 108.26414608955383 4730.5826563835144 161.18801498413086 1621.6179094314575 130.22710847854614 170.13770890235901 330.77837514877319 1539.5266041755676 201.7586932182312 306.49763178825378 200.1635799407959 1847.6263592243195 74.508738040924072
leaf_count=67 181 20 107 3219 27 335 32 27 519 2321 33 2660 978 23 2396 29 779 44 1615 56 563 45 59 114 534 72 97 37 653 27
internal_value=-4.16427e-05 0.00143496 -0.00161648 -0.000903349 0.000425527 -0.000297263 0.00584073 8.85182e-05 -0.000150963 0.00114458 0.0060173 -0.00303583 -0.00292618 0.011017 0.00292748 0.00160948 -0.001508 -0.0029585 -0.000438229 -0.00145578 -0.000508058 -0.0013222 0.00378767 -0.000816321 0.000471372 -0.00364919 -0.00173356 0.00505454 -0.00229107 -0.0028808
internal_weight=52110.4 26894 25216.4 16784.8 16044.2 8001.59 178.732 6357.28 6038.83 8042.6 264.057 8431.58 8294.33 151.196 10849.8 1655.97 10427.5 2035.09 7822.86 3092.27 2083.17 1751.85 331.326 4382.86 1823.45 283.927 2559.41 1142.75 2228.63 1922.14
internal_count=17669 7743 9926 6221 5129 2732 59 2179 2072 2397 76 3705 3638 43 2614 548 4042 823 2673 1058 723 608 115 1524 633 99 891 218 777 680
is_linear=0
shrinkage=0.04


Tree=58
num_leaves=31
num_cat=0
split_feature=0 1 0 6 6 1 14 9 0 20 20 12 23 6 1 2 15 6 6 19 19 14 19 9 9 9 9 1 21 1
split_gain=72.7789 24.211 15.4154 8.2525 5.137 5.00112 4.18932 4.13892 4.63999 3.90485 3.87632 5.27948 3.52286 4.08249 6.61358 5.34787 3.99175 4.54608 3.75583 4.89552 3.73875 5.81882 3.51284 3.49016 3.40535 3.4022 3.39577 3.37079 3.18625 3.45702
threshold=0.44195628352006905 0.23415996529920899 0.29341725856341344 0.38847972222055355 0.58020100502512573 0.26956037805735894 8.1833333333333353 1339.5455837403247 0.49387303602485261 -0.33333333333333331 -1.1833333333333329 0.91666666666666685 8.5000000000000018 0.60149445395667389 0.16075461430144269 0.55805108326470743 3.8166666666666669 0.66192020539846641 0.41624627120500485 4.916666666666667 6.7750000000000012 15.083333333333334 2.0833333333333335 1407.1521230038049 1649.6515679366892 1697.6787556153729 1715.0525490942443 0.27779171215739401 -0.36666666666666664 0.28072231584555457
decision_type=2 2 2 2 2 2 2 2 2 2 2 2 2 2 2 2 2 2 2 2 2 2 2 2 2 2 2 2 2 2
left_child=2 4 6 -4 9 10 -1 8 -7 -2 11 23 13 15 -15 18 17 -16 19 -8 21 -18 -6 -3 -24 -20 -27 -28 29 -9
right_child=1 5 3 -5 22 7 12 28 -10 -11 -12 -13 -14 14 16 -17 20 -19 25 -21 -22 -23 24 -25 -26 26 27 -29 -30 -31
leaf_value=-0.0055251326166973523 -0.0026518696787480593 0.0039171200852413605 -0.0025882272046509427 -0.0004483061148568438 0.010183942211258699 0.012643521013624134 -0.0028024783305769315 -0.0033536536294384816 -0.00021347915816002965 0.0019985933994674273 0.00095803297809674047 -0.00070486937592602837 -0.0044352232310224896 -0.00603776716449533 0.0028096689425098536 -0.0052912757104777866 -9.6268507047222684e-05 0.015315245390549124 -0.0018474479567017581 -0.010387807166241388 -0.0048899983942959167 0.014041895437214123 0.0031757273955427606 0.016107646514027855 0.0081653106369100337 0.0092910422652578532 0.002560849235769162 -0.0080087867332038418 0.00022252744187564123 -0.00049833226794958449
leaf_weight=948.89523184299469 318.54506063461304 68.799253940582275 3670.1539528369904 13441.103423595428 120.80318403244019 82.055001497268677 675.3910801410675 1005.6690809726715 97.721121072769165 3022.5040996074677 7786.1570611000061 112.78023052215576 1475.5092303752899 237.67699897289276 248.62921273708344 1043.4496893882751 352.10429978370667 56.417296171188354 2244.7784044742584 169.95092284679413 200.68169140815735 52.674882888793945 7194.5752928256989 84.064591884613037 225.19166326522827 84.74550461769104 212.15589046478271 61.411370038986206 4731.6570448875427 2082.1240372657776
leaf_count=434 85 20 1474 4887 27 27 303 335 32 791 2321 33 652 115 105 491 143 24 965 78 82 20 1659 23 52 37 89 27 1615 723
internal_value=-4.08784e-05 0.0014044 -0.00158702 -0.000907417 0.00286088 0.000416884 -0.0030287 -0.000291483 0.0056923 0.00155454 0.00112057 0.00586326 -0.00269506 -0.00223911 -0.000110391 -0.0027831 0.00144181 0.00516502 -0.00202284 -0.00433793 -0.000439466 0.00177364 0.00343941 0.0106822 0.00332824 -0.00126965 0.00234527 0.000167612 -0.000429766 -0.00142907
internal_weight=52108.4 26932.6 25175.7 17111.3 10881.6 16051 8064.47 7999.23 179.776 3341.05 8051.8 265.644 7115.58 5640.07 1148.18 4491.88 910.507 305.047 3448.43 845.342 605.461 404.779 7540.57 152.864 7419.77 2603.09 358.313 273.567 7819.45 3087.79
internal_count=17669 7743 9926 6361 2614 5129 3565 2732 59 876 2397 76 3131 2479 489 1990 374 129 1499 381 245 163 1738 43 1711 1118 153 116 2673 1058
is_linear=0
shrinkage=0.04


Tree=59
num_leaves=31
num_cat=0
split_feature=0 1 0 6 6 6 23 8 6 6 0 16 17 1 1 9 2 10 20 15 8 1 18 12 6 9 13 2 21 8
split_gain=70.0909 29.8808 9.39757 6.27936 5.45464 5.1465 4.38434 4.49203 7.14728 4.00418 4.95591 4.89709 3.75092 3.71895 6.70054 3.62483 3.52559 4.00575 4.52784 3.56518 3.26838 3.51853 3.20079 3.20061 3.03709 3.25706 2.97993 2.87578 2.94882 2.8539
threshold=0.40060894580793688 0.24329044841182401 0.26163482688702033 0.47051262664448817 0.67763863121005985 0.41979899497487444 11.500000000000002 1517.7809294829278 0.42351583577337654 0.60149445395667389 0.10658160070972415 2.0833333333333335 0.55000000000000016 0.241465382676818 0.22294563097666406 1410.1410397329093 0.31982536311144349 64.236320499687068 -1.3666666666666663 3.4500000000000006 1513.4149696194743 0.30522824364752738 11.775000000000002 2.0833333333333335 0.61538392729354519 1600.2891595294182 1.9166666666666667 0.1885078297690661 1.0833333333333337 1444.7383150244598
decision_type=2 2 2 2 2 2 2 2 2 2 2 2 2 2 2 2 2 2 2 2 2 2 2 2 2 2 2 2 2 2
left_child=2 4 6 26 -2 15 7 9 -9 -1 -11 24 -8 14 -10 -3 17 20 19 -19 27 23 -17 -22 -12 -26 -4 -7 -29 -24
right_child=1 5 3 -5 -6 16 12 8 13 10 11 -13 -14 -15 -16 22 -18 18 -20 -21 21 -23 29 -25 25 -27 -28 28 -30 -31
leaf_value=-0.004003582065260314 0.0021994652223045227 0.0015067389610595868 -0.0017967107636886704 -0.00035360134287077186 0.0042721756022345595 0.0045928342309801062 -0.011848463375310592 -0.013696397823101718 0.0030453649995291184 -0.0049664159527951154 0.012492567588347468 -0.002484684212110289 -0.0047406746221246594 0.0045327281354336762 -0.0082883239751216625 -0.0020355572458464382 0.0044497547345555997 0.00032393978615395295 0.00077465490266642289 0.012441229598279988 -0.00028811038139740357 0.010544980417935199 0.0057318660753457274 0.0051470836245225415 -0.0025581916336959573 0.0067909810522186233 -0.0041264148594192676 -0.0017107231066778462 0.0051735497506956874 -0.00034499761655163336
leaf_weight=3178.0922789573669 10109.189145326614 842.22582960128784 7140.3071303367615 5709.9658558368683 2543.7842423915863 129.02254581451416 141.21717810630798 54.109877467155457 205.90163350105286 327.91620624065399 62.662527084350586 299.35935056209564 746.2101799249649 303.140873670578 138.94393968582153 3251.2063803672791 356.82518553733826 65.371429443359375 9433.0164151191711 94.957213640213013 952.23503041267395 60.162832021713257 135.73863577842712 210.90557169914246 106.47412371635437 133.30669379234314 1001.7239043712616 2979.2671866416931 102.04219198226929 1291.1061460971832
leaf_count=1472 2586 292 2902 2073 523 39 65 26 88 161 26 128 339 129 58 1159 109 21 3008 29 307 21 49 65 44 57 408 992 33 460
internal_value=-4.01221e-05 0.00109668 -0.00193329 -0.00137067 0.00261647 0.000130469 -0.0033007 -0.002823 0.000133654 -0.00332825 -0.00101791 0.00113826 -0.00588381 0.00130785 -0.00153193 -0.000907677 0.000528929 0.000428879 0.000888381 0.00753323 -0.000565351 0.00119335 -0.00134259 0.000700997 0.00472063 0.00264612 -0.00208381 -0.00123567 -0.00148114 0.000236716
internal_weight=52106.4 32557.1 19549.3 13852 12653 19904.1 5697.33 4809.91 702.096 4107.81 929.719 601.803 887.427 647.986 344.846 5520.28 14383.8 14027 9593.35 160.329 4433.64 1223.3 4678.05 1163.14 302.443 239.781 8142.03 3210.33 3081.31 1426.84
internal_count=17669 9693 7976 5383 3109 6584 2593 2189 301 1888 416 255 404 275 146 1960 4624 4515 3058 50 1457 393 1668 372 127 101 3310 1064 1025 509
is_linear=0
shrinkage=0.04


Tree=60
num_leaves=31
num_cat=0
split_feature=7 0 1 6 1 12 5 12 9 15 15 5 11 15 9 1 23 18 1 18 18 9 15 6 9 20 6 0 1 12
split_gain=66.4841 20.3092 10.7032 10.2499 5.21721 4.74 3.81356 7.77104 5.71795 5.26045 4.76502 4.69798 6.90471 4.24072 4.16188 4.05527 4.00145 3.93965 3.80802 3.95942 3.68885 3.54535 3.43425 3.31528 3.41576 3.31279 3.23655 4.28267 3.32762 3.91142
threshold=-0.62499999999999989 0.30436750075997659 0.27045930689292069 0.51856042716204886 0.11137909142809364 2.0833333333333335 0.028124503845487373 1.2250000000000003 1530.8797765782044 4.7750000000000012 4.916666666666667 0.027678984503769603 0.65225340714671498 4.916666666666667 1424.0383748765544 0.24625547922773597 6.5000000000000009 10.450000000000001 0.25324041408735187 13.29166666666667 12.29166666666667 1499.3554585685847 5.291666666666667 0.37880694091675177 1659.3399980395163 1.5500000000000005 0.47429288924134289 0.20051720793945912 0.23024088099281292 1.8166666666666669
decision_type=2 2 2 2 2 2 2 2 2 2 2 2 2 2 2 2 2 2 2 2 2 2 2 2 2 2 2 2 2 2
left_child=3 26 6 -1 -5 23 7 10 11 -8 21 -9 -13 16 -11 -16 -10 -17 19 -19 -7 -3 -15 -4 -25 -22 -2 28 29 -28
right_child=1 2 5 4 -6 20 9 8 13 14 -12 12 -14 22 15 17 -18 18 -20 -21 25 -23 -24 24 -26 -27 27 -29 -30 -31
leaf_value=0.00055146214182119429 -0.0036435503813318604 0.0066793558412077871 -0.0019948259401328028 0.0054833111449363826 0.0024267032725811704 -0.0010357002445259376 -0.0014767502918720419 -0.0031845978771985225 0.0015387463893310627 -0.0062295123960328406 0.012844548040132985 0.01145757005566907 -0.0053353344140910511 -0.0063109394446808067 -0.0028642774090057218 0.011559041624965198 0.011098116654673902 0.015182248849949278 0.0015017436839864697 0.0032768473133288601 0.0063451456523319306 0.00095231427966837256 0.0023648915874287602 -0.00060593780550130256 -0.003758324131503538 -0.0013101241206418513 -0.0031450986648379449 -0.0011116849479513363 -0.005900079270159151 0.002679249096986944
leaf_weight=5225.5746037960052 3341.8067504167557 402.11784267425537 4056.3922502994537 973.47954511642456 10858.51592540741 342.10400724411011 1462.0096344947815 647.71898126602173 123.28014588356018 88.472816467285156 119.45579743385315 92.862427234649658 66.446183919906616 86.058903217315674 174.29500555992126 92.559320449829102 162.42421078681946 72.614346265792847 675.79653263092041 115.6738612651825 355.36693382263184 303.57084655761719 451.57000041007996 15682.254082202911 568.99771738052368 120.80393004417419 1615.1835570335388 3208.2970821857452 607.72740650177002 207.48751473426819
leaf_count=1581 1511 122 1586 181 2687 118 454 201 38 27 35 28 20 27 50 28 50 21 209 34 122 96 135 5674 208 41 758 1310 283 89
internal_value=-2.28423e-05 -0.001015 -0.000453465 0.00202704 0.00267863 -0.000851654 0.00118396 0.00232252 0.000720546 0.00014085 0.00548308 -0.00167113 0.00446381 0.00306404 0.00207989 0.00273486 0.00699305 0.00375691 0.00290877 0.00792418 0.00213148 0.00422055 0.000967003 -0.000971956 -0.000716535 0.00440434 -0.00265695 -0.0020717 -0.003338 -0.00248097
internal_weight=52300.9 35243.3 26262.8 17057.6 11832 21125.9 5136.93 2455.51 1630.36 2681.42 825.144 807.028 159.309 823.333 1219.41 1130.94 285.704 956.644 864.085 188.288 818.275 705.689 537.629 20307.6 16251.3 476.171 8980.5 5638.7 2430.4 1822.67
internal_count=17724 13275 9324 4449 2868 7749 1575 752 499 823 253 249 48 250 369 342 88 292 264 55 281 218 162 7468 5882 163 3951 2440 1130 847
is_linear=0
shrinkage=0.04


Tree=61
num_leaves=31
num_cat=0
split_feature=7 3 1 6 1 12 5 12 9 15 5 10 15 15 9 1 18 1 18 18 22 9 15 6 22 10 9 20 6 3
split_gain=63.8062 19.5927 10.2834 9.79446 4.95876 4.55198 3.64991 7.40276 5.48163 5.05012 4.51509 6.56674 4.47664 4.03004 4.00563 3.88266 3.71769 3.61492 3.70642 3.52432 3.3852 3.36562 3.31038 3.19681 3.82201 4.71262 3.29865 3.15287 3.13561 4.1418
threshold=-0.62499999999999989 -0.82658564717759919 0.27045930689292069 0.51856042716204886 0.11137909142809364 2.0833333333333335 0.028124503845487373 1.2250000000000003 1530.8797765782044 4.7750000000000012 0.027678984503769603 109.74198136877068 4.916666666666667 4.916666666666667 1424.0383748765544 0.24625547922773597 10.450000000000001 0.25324041408735187 13.29166666666667 12.29166666666667 7.5000000000000009 1499.3554585685847 5.291666666666667 0.37880694091675177 15.500000000000002 19.102945549302607 1659.3399980395163 1.5500000000000005 0.47429288924134289 -1.3830649408147326
decision_type=2 2 2 2 2 2 2 2 2 2 2 2 2 2 2 2 2 2 2 2 2 2 2 2 2 2 2 2 2 2
left_child=3 28 6 -1 -5 23 7 12 10 -8 -9 -12 21 20 -11 -16 -17 18 -18 -7 -10 -3 -15 24 -4 -26 -25 -21 -2 -30
right_child=1 2 5 4 -6 19 9 8 13 14 11 -13 -14 22 15 16 17 -19 -20 27 -22 -23 -24 26 25 -27 -28 -29 29 -31
leaf_value=0.00054020937057097413 -0.0035843625119261284 0.0065030934754519215 -0.0022271307519271168 0.0053448489850208766 0.0023726823098308516 -0.0010162472200618176 -0.0014495963571142748 -0.0031314801549958723 0.0034589134362191737 -0.0061452728805960755 0.011104514545144663 -0.0052587734473877089 0.012430537039173937 -0.006226131756249368 -0.0028157964003910864 0.011201735211375193 0.014661262177795452 0.0014697301180878054 0.0032017909553499965 0.0061798372332651091 0.012455117096160966 0.00093256557946253536 0.0023125019414510012 -0.00059426618898861759 0.012150136264065921 -0.0011429502818993398 -0.0036977889058914344 -0.0012860010474083927 -0.0032828283120677421 -0.0010908338404463965
leaf_weight=5228.4570965766907 3329.6528654098511 404.81272077560425 3864.8865740299225 978.83209800720215 10884.898328542709 341.7498733997345 1459.8522047996521 645.65953803062439 181.65174221992493 87.923387289047241 93.932523012161255 66.092616081237793 121.00004982948303 85.517500877380371 173.79649019241333 93.635424613952637 73.725206851959229 676.81216812133789 116.05352783203125 357.62895917892456 106.05510091781616 303.86007928848267 452.63917541503906 15672.754512310028 65.842431783676147 117.5795214176178 566.86325311660767 120.64576578140259 2422.3081194162369 3204.7324526309967
leaf_count=1581 1511 122 1515 181 2687 118 454 201 56 27 28 20 35 27 50 28 21 209 34 122 32 96 135 5674 26 45 208 41 1130 1310
internal_value=-2.24375e-05 -0.000995901 -0.000444684 0.00198271 0.00261833 -0.000835472 0.00115903 0.00227102 0.000705575 0.00013804 -0.00164085 0.00435556 0.0053449 0.00299388 0.00203441 0.00267346 0.00366888 0.00284298 0.00770708 0.00208461 0.00680677 0.00411928 0.000946612 -0.000953596 -0.00195915 0.00366884 -0.000702819 0.00429781 -0.00261122 -0.00203485
internal_weight=52299.9 35207.7 26251 17092.2 11863.7 21108 5143.02 2461.22 1631.55 2681.8 805.685 160.025 829.673 825.864 1221.95 1134.02 960.226 866.591 189.779 820.025 287.707 708.673 538.157 20287.9 4048.31 183.422 16239.6 478.275 8956.69 5627.04
internal_count=17724 13275 9324 4449 2868 7749 1575 752 499 823 249 48 253 250 369 342 292 264 55 281 88 218 162 7468 1586 71 5882 163 3951 2440
is_linear=0
shrinkage=0.04


Tree=62
num_leaves=31
num_cat=0
split_feature=0 0 6 1 1 12 10 18 17 20 2 9 6 0 9 1 0 20 12 6 17 20 17 18 10 6 21 2 14 13
split_gain=61.356 15.7167 13.318 9.76696 5.13361 3.59477 3.52924 3.5036 4.65577 3.5552 4.57609 3.26845 3.03748 4.00488 3.28131 3.24615 3.79794 3.57517 2.93914 2.92252 4.75047 3.8081 4.86226 3.96083 5.27879 5.08469 3.34182 3.21102 4.93125 3.7109
threshold=0.49281796658898136 0.30436750075997659 0.51856042716204886 0.26464569806277477 0.11137909142809364 2.0833333333333335 113.77988704864164 11.91666666666667 1.2916666666666667 1.5500000000000005 0.32315410333921962 1642.9562118743386 0.47429288924134289 0.20051720793945912 1765.3007754613936 0.23024088099281292 0.11569507422138935 0.29166666666666657 0.29166666666666669 0.40270631067961166 2.2916666666666674 0.63333333333333353 1.0833333333333337 8.8166666666666682 121.04424423509876 0.38404976694328358 0.29166666666666657 0.27812975473162432 14.450000000000001 2.0833333333333335
decision_type=2 2 2 2 2 2 2 2 2 2 2 2 2 2 2 2 2 2 2 2 2 2 2 2 2 2 2 2 2 2
left_child=1 12 -2 11 -4 19 7 -7 9 10 -9 -3 14 15 18 16 17 -14 -1 20 21 23 -23 24 25 26 -5 28 29 -25
right_child=2 3 4 5 -6 6 -8 8 -10 -11 -12 -13 13 -15 -16 -17 -18 -19 -20 -21 -22 22 -24 27 -26 -27 -28 -29 -30 -31
leaf_value=0.0033255435296703486 0.00036503086035755898 0.0013222778315945271 0.0052106105125339355 -0.0013587617531418891 0.002206341363445421 -0.0011958672608826325 -0.0020909830074351578 0.009654327440837978 0.011258499599690634 -0.006463604704134266 -0.0018472497735384614 0.0057018286164655678 -0.0057023247929570932 -0.0010703513201948762 -0.012336946677617904 -0.0057714783051168962 -0.00093603125980474351 0.0034971091890329633 -0.0035611231781810344 -0.00064998929634927174 0.0076560621808252185 -0.0018653823396393627 -0.0094822571650411067 -2.4372573372322209e-05 -0.0087686290228636537 0.0099305577308776028 0.0071093814959328171 -0.0029437371408176389 -0.0087683502554853406 -0.010384636194307921
leaf_weight=101.62917602062225 8057.9427156448364 1852.1312167644501 984.0778112411499 304.86167788505554 12061.656845569611 188.62661743164062 279.20161986351013 125.69884157180786 141.01773476600647 57.19959831237793 97.792593002319336 318.96035099029541 618.99924373626709 3201.2385232448578 65.41409957408905 602.17224812507629 1118.0065618753433 75.191082715988159 3150.6962733268738 13501.011870145798 84.025731325149536 324.58360314369202 228.24842238426208 1923.4814398288727 69.291000366210938 124.52417278289795 97.612826108932495 2371.3779234886169 116.15693378448486 55.954971075057983
leaf_count=47 2522 559 181 120 3025 65 93 42 47 20 35 94 310 1310 32 283 501 36 1432 4860 32 125 88 718 26 47 39 971 43 21
internal_value=-2.20325e-05 -0.0011489 0.00164366 -0.000580094 0.00243334 -0.000855539 0.00162908 0.00333149 0.00535457 0.00235903 0.0046358 0.00196802 -0.00256614 -0.00199856 -0.00352593 -0.00322833 -0.00238055 -0.00470229 -0.00334497 -0.000970724 -0.00173015 -0.00187192 -0.00502161 -0.0015271 0.00153301 0.00290154 0.000707562 -0.00193584 -0.000794448 -0.000322334
internal_weight=52298.8 31195.1 21103.7 22261.8 13045.7 20090.7 889.537 610.335 421.709 280.691 223.491 2171.09 8933.35 5615.61 3317.74 2414.37 1812.2 694.19 3252.33 19201.1 5700.12 5616.09 552.832 5063.26 596.29 526.999 402.475 4466.97 2095.59 1979.44
internal_count=17724 11996 5728 8045 3206 7392 302 209 144 97 77 653 3951 2440 1511 1130 847 346 1479 7090 2230 2198 213 1985 232 206 159 1753 782 739
is_linear=0
shrinkage=0.04


Tree=63
num_leaves=31
num_cat=0
split_feature=0 1 0 6 14 6 5 19 8 6 0 19 14 8 15 8 11 21 21 14 11 14 11 12 1 12 6 12 21 22
split_gain=68.5449 20.9131 8.83118 6.17964 5.2147 5.05947 3.88773 5.11868 4.60593 3.80692 4.05083 3.75886 4.50517 4.33583 3.5038 3.45328 3.43879 3.6952 3.37543 3.22647 3.21135 3.47868 3.2455 3.20926 3.16565 3.16501 3.33528 3.11648 3.01107 2.89189
threshold=0.40060894580793688 0.25682499623986549 0.26163482688702033 0.47051262664448817 14.733333333333336 0.67763863121005985 0.032752510415573595 4.6333333333333337 1651.1689740364695 0.50386600506167689 0.11569507422138935 2.0833333333333335 12.29166666666667 1484.235146021651 2.9166666666666674 1340.5544987036294 0.57831624099062784 -1.0833333333333328 1.8166666666666671 16.550000000000004 0.60512273435892394 12.083333333333334 0.80015932070375539 1.9166666666666667 0.16996551696369974 1.2250000000000003 0.51856042716204886 0.22500000000000003 1.6333333333333337 3.5000000000000004
decision_type=2 2 2 2 2 2 2 2 2 2 2 2 2 2 2 2 2 2 2 2 2 2 2 2 2 2 2 2 2 2
left_child=2 5 9 -4 6 -2 11 8 16 -1 24 12 -3 15 -9 -13 29 -18 19 25 21 -19 -22 -16 -11 26 -6 -17 -15 -8
right_child=1 4 3 -5 18 -7 7 14 -10 10 -12 13 -14 28 23 27 17 20 -20 -21 22 -23 -24 -25 -26 -27 -28 -29 -30 -31
leaf_value=-0.0045648902773053664 0.0018098066124007698 0.0016636191011435491 -0.0020699931022281353 -0.0003512007768279348 -0.0012885860734107599 0.0037345281900530674 -0.010761382232400996 0.0092082369708731231 -0.011534530307237785 -0.0032560077494875085 -0.0017716222030080195 0.0074877400134341189 0.012234143052943611 0.00084008530960600497 -0.00037089105652541329 0.007404758408050517 -0.0056194847460991739 5.1707151413672952e-05 0.010589473533633232 -0.00083289224200181215 -0.0014374043737580939 0.0093626800014817851 0.0062773081275377752 0.0079936076728555731 -0.0091475822980177611 0.0040423597799332852 0.0076502553989639113 -0.0012185264520604875 -0.0063905548565035613 -0.0031349325799249136
leaf_weight=2131.2232061624527 13666.552892923355 254.48638582229614 8012.0672433376312 5748.2132110595703 424.29945540428162 2601.763738155365 89.074787378311157 86.365646600723267 78.225930452346802 431.32905089855194 2863.2751003503799 75.774221181869507 85.606702566146851 6369.8976545333862 580.75457978248596 67.206387519836426 236.28451538085938 162.68786716461182 69.268001794815063 586.4702033996582 1521.8400950431824 105.0649299621582 91.570647001266479 82.995467662811279 221.08857643604279 946.88252305984497 78.228383541107178 4031.1975979804993 92.511225461959839 700.78902697563171
leaf_count=1025 3591 88 3282 2090 144 531 32 30 26 214 1247 26 28 2137 198 22 80 57 21 189 522 36 30 27 113 305 24 1386 30 249
internal_value=-1.16204e-05 0.0010954 -0.00189884 -0.00135206 0.000106277 0.00211783 -0.000160205 -0.00127462 -0.00201671 -0.00323075 -0.00242093 0.000219143 0.00435245 8.65879e-05 0.00167769 -0.000918146 -0.00175674 -0.000915644 0.00196784 0.00166945 -0.000322143 0.00372653 -0.000995932 0.00068546 -0.00526346 0.00268184 0.000115351 -0.00107535 0.000735604 -0.0040075
internal_weight=52493 33085.8 19407.2 13760.3 16817.5 16268.3 14712.3 3735.65 2985.54 5646.92 3515.69 10976.7 340.093 10636.6 750.116 4174.18 2907.31 2117.45 2105.15 2035.88 1881.16 267.753 1613.41 663.75 652.418 1449.41 502.528 4098.4 6462.41 789.864
internal_count=17780 9809 7971 5372 5687 4122 5004 1287 1032 2599 1574 3717 116 3601 255 1434 1006 725 683 662 645 93 552 225 327 473 168 1408 2167 281
is_linear=0
shrinkage=0.04


Tree=64
num_leaves=31
num_cat=0
split_feature=0 1 0 6 6 1 2 14 6 0 6 20 14 11 20 1 0 1 2 5 6 20 6 19 0 1 1 23 14 21
split_gain=65.9045 20.0697 8.54044 5.95934 5.01468 6.13782 4.67642 3.74106 3.69502 3.92982 3.66852 3.40532 3.38267 3.45587 3.31388 3.09654 3.07796 2.96553 3.92856 3.19238 6.07829 3.87661 4.39672 3.58375 3.6418 3.02252 3.20973 3.04076 3.00128 3.99897
threshold=0.40060894580793688 0.24329044841182401 0.26163482688702033 0.47051262664448817 0.39975186104218369 0.3125661216308771 0.26530682626559826 14.733333333333336 0.50386600506167689 0.11569507422138935 0.60024813895781637 0.29166666666666657 14.183333333333335 0.52080116296893297 0.63333333333333353 0.16996551696369974 0.29516110568426757 0.29151890455132051 0.21290457813066907 0.029246981803103592 0.4034870592322391 -1.5499999999999996 0.62500073640739251 2.9166666666666674 0.42693508866480129 0.30892871213941847 0.30747280551668998 6.5000000000000009 12.816666666666668 1.0833333333333337
decision_type=2 2 2 2 2 2 2 2 2 2 2 2 2 2 2 2 2 2 2 2 2 2 2 2 2 2 2 2 2 2
left_child=2 10 8 14 -3 7 -7 12 -1 15 -2 -9 17 -14 -4 -10 -16 19 -19 21 -21 -6 23 24 -23 26 -20 -27 29 -22
right_child=1 4 3 -5 5 6 -8 11 9 -11 -12 -13 13 -15 16 -17 -18 18 25 20 28 22 -24 -25 -26 27 -28 -29 -30 -31
leaf_value=-0.0044949275655223496 0.0015691107491562254 -0.0010619152726852278 -0.0017775273497938329 -0.00034434806966018069 0.007462230018286423 0.0016403706684191015 0.012441629866431735 0.0001107428255582596 -0.003201971489733709 -0.0017395532212520052 0.0029165952103817699 0.0030030653863011543 -0.0083283226776789485 -0.00116557019838445 -0.012245626155440016 -0.0090495560075785839 -0.0037191178476540273 0.0055299162199199834 -0.0013212312113952318 0.012858044644552365 0.0001803537948255441 0.011121025179353147 0.0097753404549710578 0.0005580642111248428 0.002500950551511122 -0.0029285871223579023 -0.00901986211692604 0.0078756427012675739 -0.0018792257773199731 0.010138848332310171
leaf_weight=2121.5165838003159 6000.153662443161 3646.5746586322784 7280.9143097400665 5746.1947956085205 157.82017993927002 137.57391762733459 119.71996092796326 1091.404833316803 429.92692577838898 2858.2069491147995 7020.0628561973572 1614.4592833518982 125.55848097801208 729.5582902431488 75.119676113128662 219.07537269592285 639.46549201011658 144.70218420028687 2133.5851128101349 55.839260101318359 2893.6587994098663 87.427083015441895 91.4419264793396 4698.9473359584808 704.58073568344116 66.308838844299316 89.363710641860962 109.30885672569275 1339.0585896968842 64.990474939346313
leaf_count=1025 1579 1315 2993 2090 50 49 43 345 214 1247 1587 497 42 233 33 113 256 50 760 18 923 28 26 1505 223 24 32 39 421 20
internal_value=-1.14403e-05 0.00107243 -0.00186474 -0.00132703 0.000279961 0.000577374 0.00669495 0.000479793 -0.00317701 -0.00237875 0.0022958 0.00183692 0.000207503 -0.00222579 -0.00203313 -0.00518675 -0.00463131 0.000372321 -0.000848179 0.000679897 -0.000136937 0.00129932 0.00112379 0.000977957 0.00346532 -0.0012351 -0.00163464 0.00380275 -0.000308731 0.000402457
internal_weight=52492.5 33122.1 19370.4 13741.7 20101.9 16455.3 257.294 16198 5628.73 3507.21 13020.2 2705.86 13492.1 855.117 7995.5 649.002 714.585 12637 2543.27 10093.8 4353.55 5740.22 5582.4 5490.96 792.008 2398.57 2222.95 175.618 4297.71 2958.65
internal_count=17780 9809 7971 5372 6643 5328 92 5236 2599 1574 3166 842 4394 275 3282 327 289 4119 905 3214 1382 1832 1782 1756 251 855 792 63 1364 943
is_linear=0
shrinkage=0.04


Tree=65
num_leaves=31
num_cat=0
split_feature=0 1 0 6 14 6 20 14 5 19 15 6 0 19 14 1 15 20 12 1 0 13 17 11 11 21 13 5 21 2
split_gain=63.3666 19.2445 8.25809 5.74681 4.83987 4.68348 4.18756 4.97072 3.68625 4.90686 3.65605 3.58581 3.81185 3.55574 4.25547 3.54546 3.31164 3.21189 3.06333 3.02825 3.02064 2.94688 2.8406 2.81694 2.76814 3.73431 3.78083 3.51731 2.77684 2.71257
threshold=0.40060894580793688 0.25682499623986549 0.26163482688702033 0.47051262664448817 14.733333333333336 0.67763863121005985 0.22500000000000012 16.550000000000004 0.032752510415573595 4.6333333333333337 5.6333333333333337 0.50386600506167689 0.11569507422138935 2.0833333333333335 12.29166666666667 0.33796931152173543 2.9166666666666674 0.63333333333333353 1.9166666666666667 0.16996551696369974 0.29516110568426757 1.7083333333333337 0.45000000000000007 0.77431515778629156 0.57831624099062784 -1.0833333333333328 0.91666666666666685 0.038423946153685613 0.29166666666666657 0.096536160266948223
decision_type=2 2 2 2 2 2 2 2 2 2 2 2 2 2 2 2 2 2 2 2 2 2 2 2 2 2 2 2 2 2
left_child=2 5 11 17 8 22 -6 23 13 10 24 -1 19 14 -3 -15 -11 21 -18 -13 -19 -4 -2 -8 -10 -26 -27 28 -28 -24
right_child=1 4 3 -5 6 -7 7 -9 9 16 -12 12 -14 15 -16 -17 18 20 -20 -21 -22 -23 29 -25 25 26 27 -29 -30 -31
leaf_value=-0.0044257245955739285 -0.0039937013409700409 0.0016018990735517339 -0.0013162273632347516 -0.00033762671752586245 -0.00013657335006118839 0.0035777582631823196 0.0060045095438570426 -0.00022798021659539789 -0.0037742054065107939 0.0089254641359952265 -0.0098991453410157224 -0.0031486609045414116 -0.0017080094086395796 0.0001448682427479763 0.011822143114326214 -0.0085322159823340189 -0.0003603856646013412 -0.012153016213369998 0.0077852718369553131 -0.0089517021010138108 -0.0036590577925210989 -0.0032582813711478833 0.0030681378389480823 -0.0023233828966401394 -0.0057174948292088605 -0.0027260346371019411 -0.00052151500290950517 0.0073599375285589843 0.0056680188721128953 0.0015392338992453087
leaf_weight=2112.0019117593765 136.35999464988708 255.22099637985229 5663.4641551971436 5744.2164416313171 920.58016896247864 2619.1705009937286 728.08305716514587 393.17841506004333 770.93758821487427 87.223777294158936 89.309045791625977 428.55251502990723 2853.2392643690109 10563.619212627411 86.732829332351685 74.884610176086426 580.44121623039246 74.205397367477417 83.628382921218872 217.10178101062775 637.09166383743286 1604.519627571106 2220.3877146244049 70.827896595001221 235.10087156295776 693.38065195083618 934.78532195091248 123.15310549736023 131.38049244880676 11359.271190166473
leaf_count=1025 37 88 2332 2090 303 531 234 124 276 30 30 214 1247 3572 28 29 198 33 27 113 256 661 507 22 80 239 321 41 45 3047
internal_value=-1.12628e-05 0.00104998 -0.0018312 -0.00130245 0.000100359 0.00202785 0.00189016 0.00345409 -0.000156809 -0.00124316 -0.00197183 -0.00312399 -0.0023372 0.000212235 0.00422106 8.29939e-05 0.00164397 -0.00199689 0.000675586 -0.00511076 -0.004561 -0.00174536 0.00173165 0.00526421 -0.00172341 -0.000975431 -0.000380548 0.000988028 0.0002458 0.00178943
internal_weight=52492 33157.7 19334.4 13723.5 16822.5 16335.2 2112.67 1192.09 14709.8 3729.34 2978.05 5610.9 3498.89 10980.5 341.954 10638.5 751.293 7979.28 664.07 645.654 711.297 7267.98 13716 798.911 2888.74 2117.8 1882.7 1189.32 1066.17 13579.7
internal_count=17780 9809 7971 5372 5687 4122 683 380 5004 1287 1032 2599 1574 3717 116 3601 255 3282 225 327 289 2993 3591 256 1002 726 646 407 366 3554
is_linear=0
shrinkage=0.04


Tree=66
num_leaves=31
num_cat=0
split_feature=0 6 0 14 6 6 8 18 5 16 17 18 8 10 12 2 10 10 20 21 15 8 18 6 5 12 15 16 12 18
split_gain=54.7804 18.4509 7.79568 4.97711 4.69545 4.65446 4.66086 4.65387 4.6472 4.71134 4.24407 3.96401 3.67875 3.65655 3.43426 7.83615 5.54457 4.63395 5.448 4.49881 4.4743 5.69423 6.14776 5.58967 4.53443 4.21369 4.06379 4.30355 3.57167 3.479
threshold=0.40060894580793688 0.51856042716204886 0.27182989331055124 15.083333333333334 0.46025614895561445 0.36320059839210678 1517.7809294829278 17.750000000000004 0.03382649507346381 1.4500000000000002 0.91666666666666685 19.583333333333339 1538.9993133660503 -74.595885820321186 1.8166666666666669 0.12787321866105891 351.83778269953046 233.56550101821747 -0.16666666666666666 -1.0833333333333328 5.0833333333333348 1523.1466219722759 11.91666666666667 0.5980270520118719 0.028350097620251206 1.2916666666666667 3.8166666666666669 1.2916666666666667 1.2916666666666667 12.633333333333335
decision_type=2 2 2 2 2 2 2 2 2 2 2 2 2 2 2 2 2 2 2 2 2 2 2 2 2 2 2 2 2 2
left_child=2 13 5 10 -4 -1 11 -8 9 -5 -3 -7 -11 -2 16 -16 17 20 28 -20 24 22 -22 -23 25 26 -12 -28 -19 -26
right_child=1 3 4 8 -6 6 7 -9 -10 12 14 -13 -14 -15 15 -17 -18 18 19 -21 21 23 -24 -25 29 -27 27 -29 -30 -31
leaf_value=-0.0081943066357113292 -0.0055841036143972475 0.003806721569669754 -0.0018668584009951209 0.0032621275448184951 -0.00034557562106600275 -0.0029069312766137534 -0.0018352635534355081 0.0043174653281314868 0.0045669843638336165 -0.0042859460057137391 0.0014531782020357968 -0.0079020293255659228 0.0012200859356072651 9.3536376015094339e-05 0.002467646293999821 -0.0013262416641495985 -0.0036258591555788674 0.0046480387225702035 -0.0018121800770820244 0.0048725307655671365 0.013275539768851659 -0.0023749635183201224 0.0015344986161638862 0.0071822628814742981 -0.0015892204634895546 7.4576766483106245e-06 0.0030897582406420421 0.011256748562009714 0.014294700590509961 0.0019190959466436044
leaf_weight=254.36348259449005 182.4727087020874 1042.5033330917358 7232.5995554924011 2341.8583312034607 5890.0147800445557 4696.9007061719894 732.29012632369995 267.80180132389069 1779.563131570816 223.67475628852844 362.09106135368347 268.18822574615479 1428.5475652217865 16804.167523145676 1434.6625082492828 2214.0016646385193 288.44407105445862 120.57025814056396 232.7714900970459 518.8857159614563 177.03409814834595 254.0176682472229 119.56613516807556 157.98525094985962 1293.7146322727203 561.62576627731323 203.7587902545929 210.43410778045654 127.22322487831116 694.04684042930603
leaf_count=123 65 278 2975 552 2148 2183 317 114 390 63 107 126 354 5614 326 609 68 31 57 129 49 72 35 40 355 162 58 62 31 199
internal_value=-4.90668e-05 0.000947198 -0.00173711 0.00193164 -0.00118412 -0.0029035 -0.00267656 -0.000185036 0.00286697 0.00210858 0.0013921 -0.00317828 0.000472548 3.22213e-05 0.0011111 0.000165791 0.00175902 0.00206824 0.00450547 0.00280277 0.00146348 0.00434711 0.00856353 0.00129834 0.000847941 0.00264734 0.00455477 0.00725618 0.00963842 -0.000363908
internal_weight=52115.8 32773.6 19342.2 15787 13122.6 6219.54 5965.18 1000.09 5773.64 3994.08 10013.3 4965.09 1652.22 16986.6 8970.83 3648.66 5322.17 5033.73 999.451 751.657 4034.27 708.603 296.6 412.003 3325.67 1337.91 776.284 414.193 247.793 1987.76
internal_count=17692 9706 7986 4027 5123 2863 2740 431 1359 969 2668 2309 417 5679 2390 935 1455 1387 248 186 1139 196 84 112 943 389 227 120 62 554
is_linear=0
shrinkage=0.04


Tree=67
num_leaves=31
num_cat=0
split_feature=0 2 0 1 19 18 15 1 2 2 18 1 19 19 22 0 8 1 1 17 17 21 17 10 19 19 20 12 18 13
split_gain=52.7482 13.122 12.0864 5.67087 4.32759 4.05224 3.91982 3.64551 3.56286 3.25417 3.2132 5.30866 3.58958 3.16231 3.64689 3.15574 3.75423 3.62585 4.2183 3.4636 2.97246 3.13076 2.89422 2.89392 4.0598 3.62503 2.89244 2.85786 3.11864 4.70156
threshold=0.44195628352006905 0.13104466365609393 0.30436750075997659 0.28035909573962409 2.8166666666666669 16.366666666666671 3.6333333333333337 0.25682499623986549 0.26780195005662294 0.2689341459734812 13.91666666666667 0.11849207201976575 3.8166666666666669 3.3666666666666671 11.500000000000002 0.43097203369425602 1455.9976886288739 0.263287944291622 0.27883212369412286 2.0833333333333335 0.91666666666666685 -0.16666666666666655 0.63333333333333341 91.039518730524165 4.5500000000000007 4.291666666666667 -1.3666666666666663 0.63333333333333341 13.633333333333335 0.81666666666666676
decision_type=2 2 2 2 2 2 2 2 2 2 2 2 2 2 2 2 2 2 2 2 2 2 2 2 2 2 2 2 2 2
left_child=2 5 6 4 -4 10 22 26 -9 -10 12 -12 13 14 -2 17 -17 19 23 -6 -15 -22 -1 24 -19 -25 -3 -5 29 -29
right_child=1 7 3 27 15 -7 -8 8 9 -11 11 -13 -14 20 -16 16 -18 18 -20 -21 21 -23 -24 25 -26 -27 -28 28 -30 -31
leaf_value=-0.0060231298617702787 0.0031970019072138181 0.0062160724758172541 0.0080919263501935332 -0.0028095871921461398 0.0036092139678386677 0.0091421138325164519 -0.0017643598914769375 -2.5023191390245575e-05 0.010401842009329174 0.0018647800087455851 0.0073419969132755619 -0.0021678401617420428 0.0038756433572155568 0.0064897931030529991 -0.0014032193036819232 0.0035688993240500146 -0.0054968195382020151 -0.0026969574458079516 0.0046514630518594696 -0.0036392238419085264 0.00036516215759977723 -0.0058372911751383609 -0.0030179629376289154 0.0013377625405985585 0.0015414461817107902 -0.0068100179074419278 0.0011574848640426673 -0.0040164918665421727 0.00028257060319644353 -0.00096053061530620629
leaf_weight=598.68888247013092 2332.8637037277222 183.81436657905579 119.90225291252136 1437.9653644561768 904.73007583618164 150.00099897384644 4687.6357439756393 10506.902817726135 77.633517980575562 791.51247715950012 115.88349914550781 477.07798671722412 2717.7207767963409 98.41346263885498 312.09875655174255 98.856277704238892 273.23784589767456 566.37769198417664 260.87624382972717 118.5661301612854 678.2304413318634 160.11820483207703 3599.9644229412079 135.7784309387207 995.963543176651 242.604332447052 8574.2698078155518 903.8990683555603 2644.6819705963135 7347.0788247585297
leaf_count=288 541 48 37 565 275 32 2052 3504 25 247 21 112 604 23 73 32 87 197 92 37 152 37 1640 46 339 81 2323 352 1005 2825
internal_value=-4.81424e-05 0.00117086 -0.00137663 -0.000721306 0.00064817 0.00265692 -0.00256006 0.000650973 0.00017868 0.0026384 0.00251447 -0.000300084 0.00277941 0.00194677 0.00265386 0.000397859 -0.00308517 0.000800569 -0.000114089 0.00276663 -5.04305e-05 -0.000825002 -0.0034478 -0.000756751 4.20392e-06 -0.00389046 0.00126435 -0.00113403 -0.000912663 -0.00129576
internal_weight=52113.3 27176.5 24936.8 16050.5 3716.89 7042.41 8886.29 20134.1 11376 869.146 6892.41 592.961 6299.45 3581.72 2644.96 3596.99 372.094 3224.9 2201.6 1023.3 936.762 838.349 4198.65 1940.72 1562.34 378.383 8758.08 12333.6 10895.7 8250.98
internal_count=17692 7742 9950 5970 1223 1595 3980 6147 3776 272 1563 133 1430 826 614 1186 119 1067 755 312 212 189 1928 663 536 127 2371 4747 4182 3177
is_linear=0
shrinkage=0.04


Tree=68
num_leaves=31
num_cat=0
split_feature=0 6 0 14 6 6 5 16 17 23 10 0 20 6 9 18 20 2 0 0 20 13 2 5 16 9 0 13 9 16
split_gain=50.8742 17.0247 7.29683 4.66598 4.54402 4.40143 4.33489 4.43318 4.03153 3.55533 3.50925 3.3882 4.80711 3.64354 3.38143 3.28566 3.2618 3.1771 3.93444 3.12118 3.75497 3.01992 3.67418 5.09807 5.65515 4.88175 3.00474 3.10478 3.07569 2.94775
threshold=0.40060894580793688 0.51856042716204886 0.27182989331055124 15.083333333333334 0.40174068550707603 0.46025614895561445 0.03382649507346381 1.4500000000000002 0.91666666666666685 5.5000000000000009 -74.595885820321186 0.11569507422138935 0.29166666666666657 0.57088653027739333 1687.8925666734606 8.5500000000000025 -0.16666666666666655 0.1000076896644178 0.71151536138663951 0.18146632070201171 -2.0833333333333326 1.7083333333333337 0.53686693903120475 0.025651441284763602 2.0833333333333335 1598.2065019915888 0.24803824657010173 1.5500000000000003 1646.825269116182 2.4500000000000006
decision_type=2 2 2 2 2 2 2 2 2 2 2 2 2 2 2 2 2 2 2 2 2 2 2 2 2 2 2 2 2 2
left_child=2 10 4 8 -1 14 7 15 16 -8 -2 12 -6 19 -4 -5 -3 18 -12 -13 -21 22 26 -24 25 -25 28 -28 -22 -30
right_child=1 3 5 6 11 -7 9 -9 -10 -11 17 13 -14 -15 -16 -17 -18 -19 -20 20 21 -23 23 24 -26 -27 27 -29 29 -31
leaf_value=-0.0062843580548306065 -0.0054895970186588997 -0.00040892621251987729 -0.0016825894862727701 0.0080065469863678657 -0.0062347371641904093 -0.00033146991765574944 0.008163771904249174 0.00043799325327025537 0.0010577724072495874 0.0035466638506239292 0.010844381612580993 -0.0051442442927435291 0.0043972034118998785 -0.00047891870634888324 -0.0079134094273934415 0.0026791646851415142 0.004894815372088978 3.3487746465720514e-05 -0.0010139010128350234 0.0076816741551826604 -0.0056072031075072026 -0.0044290594308987272 -0.0045960284653658746 0.011420511506741752 0.016217840416623736 -0.00408034906759514 -0.0014014584431066715 0.0063942681941617672 -0.0024500321145542164 0.007680288444014827
leaf_weight=548.3654648065567 181.26639175415039 240.5825035572052 7066.8794889450073 202.08115196228027 622.67496621608734 5885.7603614330292 326.53427362442017 1655.0362575054169 8993.7040460109711 1465.883896112442 96.039319515228271 731.36907827854156 75.661838889122009 1529.0819491147995 141.24795126914978 2152.2526576519012 807.61456871032715 16627.714280366898 82.814556121826172 59.259873986244202 558.7465215921402 821.83097171783447 105.09960699081421 50.779419660568237 61.632620573043823 86.426843285560608 526.56406879425049 95.728400468826294 257.41412818431854 54.906191945075989
leaf_count=268 65 67 2916 45 321 2148 70 417 2390 320 24 369 37 646 59 507 211 5569 21 27 264 374 48 23 28 40 231 42 120 25
internal_value=-4.7232e-05 0.000910497 -0.00167814 0.00185363 -0.00281029 -0.00114314 0.00275672 0.00202481 0.00133165 0.00439187 3.08226e-05 -0.00247129 -0.00507817 -0.00210173 -0.00180577 0.00313964 0.00367827 9.06859e-05 0.00537854 -0.00282911 -0.00219525 -0.00242157 -0.00150168 0.00250131 0.00625695 0.00169757 -0.00231752 -0.000193893 -0.00383269 -0.000650284
internal_weight=52111 32831.5 19279.4 15843.7 6185.54 13093.9 5801.79 4009.37 10041.9 1792.42 16987.8 5637.18 698.337 4938.84 7208.13 2354.33 1048.2 16806.6 178.854 3409.76 2678.39 2619.13 1797.3 303.938 198.839 137.206 1493.36 622.292 871.067 312.32
internal_count=17692 9706 7986 4027 2863 5123 1359 969 2668 390 5679 2595 358 2237 2975 552 278 5614 45 1591 1222 1195 821 139 91 63 682 273 409 145
is_linear=0
shrinkage=0.04


Tree=69
num_leaves=31
num_cat=0
split_feature=0 1 0 8 1 1 0 19 2 19 1 14 0 23 2 9 10 8 5 13 15 10 10 10 9 2 14 14 15 5
split_gain=45.7007 15.945 6.58004 5.47944 5.10439 4.87108 4.86108 4.65808 4.61797 4.27761 4.18056 4.0316 3.96378 3.89127 3.871 3.45591 4.41771 3.35376 3.2622 3.16491 3.16158 2.9815 3.31296 3.80116 3.39157 3.28114 3.24725 2.88676 3.51345 3.1413
threshold=0.40060894580793688 0.25626223524809494 0.24493787352263166 1483.5038548463904 0.27391335785052051 0.26464569806277477 0.11569507422138935 1.8166666666666669 0.1000076896644178 4.916666666666667 0.33597792195038378 13.583333333333334 0.71151536138663951 13.500000000000002 0.31683549226392277 1646.825269116182 -196.24600930734127 1804.1339394975 0.027300655534715505 2.9166666666666674 2.0833333333333335 -90.238659403274468 -23.465474983694431 9.5408525020374118 1646.825269116182 0.45029620082253269 10.450000000000001 13.583333333333334 4.4500000000000011 0.030326859599172921
decision_type=2 2 2 2 2 2 2 2 2 2 2 2 2 2 2 2 2 2 2 2 2 2 2 2 2 2 2 2 2 2
left_child=2 8 4 7 6 11 27 -3 12 -6 14 13 -2 21 17 19 -17 -5 -16 -7 -8 25 24 -24 26 -4 -23 28 29 -1
right_child=1 3 5 10 9 15 20 -9 -10 -11 -12 -13 -14 -15 18 16 -18 -19 -20 -21 -22 22 23 -25 -26 -27 -28 -29 -30 -31
leaf_value=-0.010845834469082903 0.010319197696507972 0.0089721106329662577 0.0026909058097499884 0.00054069681472124979 -0.0036397391958947868 -0.0010720388456369554 0.0049549421108625097 -0.0010215155595904211 0.0014398004674101234 -0.010128681550911496 -0.0066413215171222048 0.00378877956165869 0.0027733414193818933 0.0057644234646162104 -0.00061711122074792097 0.0052231151299314436 -0.0041675560441739893 0.0098232637882498548 0.0099393872564730312 -0.0065309230835407222 -0.0018412781049989776 0.0070650220925638704 -0.0082639110146333367 0.00039078335372988904 0.010761652362234655 -0.0073339772101276715 -0.0025365671960972174 -0.013631778035146012 0.0016305261551853465 -0.0039155281629914898
leaf_weight=147.58351564407349 113.63102221488953 74.59645938873291 69.047048330307007 10535.106412887573 461.27900433540344 11611.768258571625 112.62008035182953 5850.8452689647675 11842.277718305588 251.68942022323608 124.53713774681091 539.32470226287842 4131.2119379043579 140.24733304977417 72.773314237594604 85.893789291381836 1055.3210642337799 61.649770259857178 129.85560727119446 171.50067663192749 3076.3194402456284 85.891921997070312 121.40728354454041 240.91844129562378 70.17906379699707 208.09669232368469 159.43679261207581 59.957273006439209 120.88847839832306 361.42196249961853
leaf_count=78 28 25 23 3519 232 4681 54 2018 3127 127 48 178 868 50 22 36 422 19 39 67 1407 31 42 81 24 83 55 31 60 186
internal_value=4.16399e-05 0.000945094 -0.00151213 8.51103e-05 -0.00283229 -0.00109561 -0.00225941 -0.000894211 0.00184577 -0.00594142 0.000616355 0.000961313 0.00297772 -0.000433212 0.000700657 -0.0013558 -0.00345681 0.000595623 0.00616365 -0.00115204 -0.00159979 -0.00134847 8.23674e-05 -0.00252398 0.00307398 -0.0048357 0.000840075 -0.00530186 -0.00448862 -0.00594226
internal_weight=52087.3 32936.5 19150.8 16849.4 4591.76 14559 3878.79 5925.44 16087.1 712.968 10923.9 1634.55 4244.84 1095.22 10799.4 12924.5 1141.21 10596.8 202.629 11783.3 3188.94 954.977 677.834 362.326 315.508 277.144 245.329 689.851 629.894 509.005
internal_count=17661 9713 7948 5690 2175 5773 1816 2043 4023 359 3647 567 896 389 3599 5206 458 3538 61 4748 1461 339 233 123 110 106 86 355 324 264
is_linear=0
shrinkage=0.04


Tree=70
num_leaves=31
num_cat=0
split_feature=0 6 0 10 18 2 11 6 6 9 9 18 5 0 4 0 14 10 0 9 8 11 8 6 8 12 14 21 9 18
split_gain=43.9301 14.8057 6.35761 5.32062 4.87761 4.71665 4.15022 4.57197 4.13874 5.05281 4.04174 4.68535 4.00623 3.98446 3.9806 4.29544 3.76719 3.53494 3.39339 3.27015 4.18297 4.56351 5.31977 3.24363 3.80657 4.8338 3.09228 3.05428 3.22272 3.43961
threshold=0.40060894580793688 0.50386600506167689 0.24493787352263166 236.97867608161428 7.2083333333333348 0.22209146399756799 0.60512273435892394 0.41979899497487444 0.41478643216080407 1391.5775029290123 1565.951259958093 8.9166666666666696 0.040587864268361369 0.62505915748437957 -0.018081497426243227 0.11569507422138935 6.5833333333333348 257.8928783745817 0.26663068244629012 1479.5845436867692 1461.5540910230227 0.62218067878524619 1541.4529261112182 0.47051262664448817 1394.3090410587781 0.63333333333333341 9.0833333333333339 0.49999999999999989 1617.0493976899149 8.0833333333333339
decision_type=2 2 2 2 2 2 2 2 2 2 2 2 2 2 2 2 2 2 2 2 2 2 2 2 2 2 2 2 2 2
left_child=2 6 14 -3 -5 -6 12 13 9 -4 19 -12 27 -8 -1 -16 -10 -9 -13 -11 26 -22 -23 24 25 -17 -21 28 29 -2
right_child=1 3 8 4 5 -7 7 17 16 10 11 18 -14 -15 15 23 -18 -19 -20 20 21 22 -24 -25 -26 -27 -28 -29 -30 -31
leaf_value=-0.0059562509118968642 0.0022766983738902518 0.0011865113965281384 0.0073112389117916243 0.0098606867103950696 0.0023326887144567367 0.011650950571963928 -0.00090126091556293176 0.0014031376847059387 -0.0090737304062921981 -0.0031282267021278359 0.0066886638194283863 -0.011784528565602017 0.0084345467378605706 0.0085837058744680662 -0.0052251840205500702 -0.0075107778413566499 -0.00053591944022455119 -0.0016821308436359812 -0.0042181645486559774 -0.002448819407689757 -0.0031730640057895817 0.012619329332074124 -0.0013657105216927316 -0.0012211021359779142 -0.0067696494996760826 0.007603140779107286 0.0027426883488059178 0.00068706887748358491 0.0062952282284005102 -0.0020836687011254267
leaf_weight=555.53797936439514 314.25874352455139 11065.066957712173 89.520514726638794 145.00487804412842 6253.2454707622528 87.209412336349487 3326.674304485321 6060.1554021835327 82.400367498397827 1353.025235414505 56.99408745765686 105.43344449996948 71.791942596435547 71.410267114639282 686.23231542110443 58.895192503929138 9756.0784976482391 657.91194415092468 907.89347052574158 248.20843601226807 1057.0883777141571 66.108356952667236 123.3323872089386 2828.0412193536758 373.21354746818542 76.907970905303955 697.0356228351593 1274.8758957386017 80.803311347961426 3559.2236640453339
leaf_count=277 108 3044 37 32 1414 25 1171 1956 33 566 24 50 24 20 355 30 3751 192 384 108 446 28 51 1283 191 39 295 443 28 1256
internal_value=4.07601e-05 0.000925435 -0.00148445 0.00171989 0.00262958 0.00246267 2.09935e-05 0.000496059 -0.00107507 -0.00205077 -0.00223392 -0.00438732 -0.000885527 -0.000699469 -0.0027842 -0.00234483 -0.000608341 0.00110079 -0.00501626 -0.00158266 -0.000627559 -0.0021485 0.00355523 -0.00175113 -0.00468771 0.00104154 0.00137832 -0.00101507 -0.00156388 -0.00172941
internal_weight=52089.6 32967.6 19121.9 17550.5 6485.46 6340.45 15417.1 10116.2 14543.1 4704.64 4615.12 1070.32 5300.95 3398.08 4578.83 4023.29 9838.48 6718.07 1013.33 3544.8 2191.77 1246.53 189.441 3337.06 509.017 135.803 945.244 5229.16 3954.29 3873.48
internal_count=17661 9713 7948 4515 1471 1439 5198 3339 5773 1989 1952 458 1859 1191 2175 1898 3784 2148 434 1494 928 525 79 1543 260 69 403 1835 1392 1364
is_linear=0
shrinkage=0.04


Tree=71
num_leaves=31
num_cat=0
split_feature=0 6 0 10 18 2 6 9 11 6 9 19 4 0 5 0 20 19 20 9 9 8 11 8 6 8 12 6 10 19
split_gain=42.2276 14.1853 6.14134 5.08309 4.61711 4.45925 3.99149 4.84096 3.98836 4.38799 3.91573 6.06864 3.86739 4.16576 3.8253 3.80285 3.72218 3.58009 3.6455 3.24273 3.15857 4.02401 4.39283 5.03829 3.14118 3.69532 4.64136 3.12041 3.11891 3.06191
threshold=0.40060894580793688 0.50386600506167689 0.24493787352263166 236.97867608161428 7.2083333333333348 0.22209146399756799 0.41478643216080407 1391.5775029290123 0.60512273435892394 0.41979899497487444 1565.951259958093 3.6333333333333337 -0.018081497426243227 0.11569507422138935 0.040587864268361369 0.62505915748437957 -1.2916666666666663 1.8166666666666669 1.0833333333333337 1604.2783950535738 1479.5845436867692 1461.5540910230227 0.62218067878524619 1541.4529261112182 0.47051262664448817 1394.3090410587781 0.63333333333333341 0.41729271356783926 257.8928783745817 2.7083333333333335
decision_type=2 2 2 2 2 2 2 2 2 2 2 2 2 2 2 2 2 2 2 2 2 2 2 2 2 2 2 2 2 2
left_child=2 8 12 -3 -5 -6 7 -4 14 15 20 19 -1 -14 17 -10 -11 -2 -19 -12 29 -22 -23 -24 25 26 -15 -8 -18 -9
right_child=1 3 6 4 5 -7 27 10 9 16 11 -13 13 24 -16 -17 28 18 -20 -21 21 22 23 -25 -26 -27 -28 -29 -30 -31
leaf_value=-0.0058733192847331694 0.0092205272061934834 0.0011615524810500621 0.0071154544851457589 0.0095710053766041425 0.002280980717059389 0.011289999968738623 0.0051365799763864305 0.0012639081421242449 -0.00088416850331723832 0.0088019966370478514 -0.0027160817712102957 -0.0060467842535819397 -0.00514860858187168 -0.0074192170905125667 0.0082001081835132352 0.0083438984846011879 0.0012507334957228954 -0.0012853257025265783 0.0050777602973164629 0.0062886050461499008 0.0013490141690034681 -0.0031200705986865031 0.012217989407366346 -0.0013406343191613593 -0.0011983321173611847 -0.0066809477820627362 0.0073977507604285264 -0.00068514332088777982 -0.0016515683572084772 -0.0039113228327932389
leaf_weight=552.23889076709747 53.320819139480591 11078.203573942184 90.177418231964111 146.44179630279541 6267.849378824234 88.23142671585083 148.59458327293396 217.6677417755127 3323.6774561405182 97.371643543243408 156.45094728469849 802.36993455886841 682.6559784412384 58.454500794410706 72.400036573410034 72.025871276855469 5971.2929570674896 5023.1914653778076 147.34360456466675 106.82584691047668 946.55135941505432 1053.7394819259644 66.947886228561401 123.16406631469727 2824.5899949073792 370.69555699825287 77.494942903518677 9683.9129199981689 656.80618119239807 1131.1315355300903
leaf_count=277 18 3044 37 32 1414 25 61 91 1171 31 67 345 355 30 24 20 1925 1768 49 46 403 446 28 51 1283 191 39 3723 192 475
internal_value=3.9904e-05 0.000906206 -0.00145723 0.00168281 0.00257056 0.00240779 -0.00105492 -0.00201431 2.05749e-05 0.000485958 -0.0021946 -0.0043195 -0.00273671 -0.00230382 -0.000868698 -0.000686034 0.00107771 -0.000995932 -0.00110305 0.000947584 -0.00155376 -0.00061553 -0.0021104 0.00347298 -0.00171947 -0.00461681 0.00101921 -0.000596649 0.000962926 -0.00307583
internal_weight=52091.8 32998.2 19093.7 17580.7 6502.52 6356.08 14527.5 4695.03 15417.4 10121.2 4604.85 1065.65 4566.13 4013.89 5296.26 3395.7 6725.47 5223.86 5170.54 263.277 3539.2 2190.4 1243.85 190.112 3331.23 506.645 135.949 9832.51 6628.1 1348.8
internal_count=17661 9713 7948 4515 1471 1439 5773 1989 5198 3339 1952 458 2175 1898 1859 1191 2148 1835 1817 113 1494 928 525 79 1543 260 69 3784 2117 566
is_linear=0
shrinkage=0.04


Tree=72
num_leaves=31
num_cat=0
split_feature=3 0 6 14 1 23 22 23 13 18 18 14 13 6 5 6 1 12 7 13 6 18 1 11 0 13 8 4 22 1
split_gain=35.2671 11.6351 8.15488 6.85845 4.3207 4.01647 5.38984 3.92578 3.74655 5.02999 3.61542 5.29092 4.01529 3.99731 3.34093 3.23055 3.21295 3.1818 3.1711 3.1615 3.28101 3.21709 3.13805 5.11271 3.2581 3.20647 3.15698 3.24472 3.34694 3.07902
threshold=-0.1114328688723288 0.26163482688702033 0.52301805337519636 15.550000000000002 0.25626223524809494 8.5000000000000018 12.500000000000002 91.500000000000014 0.77500000000000013 13.633333333333335 15.708333333333334 12.225000000000001 1.6333333333333335 0.49742928892413435 0.027300655534715505 0.45025477831358235 0.25578137267271528 1.7083333333333337 0.87500000000000011 2.9166666666666674 0.38847972222055355 10.183333333333335 0.27045930689292069 0.37127409338390382 0.25382979649823417 1.2916666666666667 1429.8439580407237 -0.14046021638945308 6.5000000000000009 0.31821800621971713
decision_type=2 2 2 2 2 2 2 2 2 2 2 2 2 2 2 2 2 2 2 2 2 2 2 2 2 2 2 2 2 2
left_child=1 5 7 4 16 6 22 8 9 15 19 12 14 -13 -12 -3 -2 -7 -19 20 -10 29 23 24 -1 -24 -27 28 -28 -22
right_child=3 2 -4 -5 -6 17 -8 -9 10 -11 11 13 -14 -15 -16 -17 -18 18 -20 -21 21 -23 25 -25 -26 26 27 -29 -30 -31
leaf_value=-0.0022848379670456142 0.0012204809253304417 -0.0028989818288303634 0.00083101528959644497 0.0024005043383694726 2.5049724909603692e-05 -0.0054414655374730413 0.012023085274819436 0.0087601398772598274 -0.0015899241898228197 0.00027609867222656566 0.0076402454139652409 -0.008597585214078227 -0.0062301658208813492 0.0012018394246275643 -0.00095706295015054652 -0.0074904238366093646 0.0084961757144557792 -0.0035935506740207325 0.0087970779253117824 -0.0070814321860865892 0.00073287428865531873 -0.00058973507099406607 -0.006638902644561121 0.0011039903885440567 -0.012477575512874301 -0.005144969486379704 -0.0004340992372783264 -0.0033494825429785271 0.010618398600255563 0.0072216790138754754
leaf_weight=2164.1280124187469 10840.444811582565 1117.8034620285034 5344.3937675952911 5467.0344884395599 7220.2654981613159 1029.3646100759506 42.274223327636719 65.374131679534912 3780.4271490573883 675.27578163146973 113.16166806221008 323.86416029930115 126.6191565990448 83.492862939834595 196.80991888046265 314.1917142868042 97.021996736526489 88.728079676628113 51.332092761993408 119.4714298248291 2297.4659662246704 8471.68856549263 439.08160853385925 864.14595246315002 50.431333065032959 326.47101712226868 107.07708084583282 193.97863209247589 73.138095736503601 122.31002998352051
leaf_count=1029 2787 443 1770 1290 2364 493 20 25 1541 261 45 126 51 31 79 115 28 38 22 47 849 3225 217 378 21 161 51 96 35 48
internal_value=1.50461e-05 -0.000930117 -0.000539216 0.00115855 0.000784497 -0.00259638 -0.0020256 -0.000950464 -0.000986735 -0.00256968 -0.00077324 -0.00331817 -0.000256363 -0.00659105 0.00219604 -0.00391091 0.00128579 -0.00467246 0.000977789 -0.00062782 -0.00057479 -0.000222323 -0.0021692 -0.00150456 -0.00252248 -0.00396166 -0.00227686 0.000232504 0.00408526 0.00106371
internal_weight=52207.3 28582.5 23152.3 23624.8 18157.7 5430.15 4260.73 17808 17742.6 2107.27 15635.3 843.948 436.591 407.357 309.972 1432 10937.5 1169.42 140.06 14791.4 14671.9 10891.5 4218.45 3078.71 2214.56 1139.75 700.665 374.194 180.215 2419.78
internal_count=17686 11217 8656 6469 5179 2561 2008 6886 6861 819 6042 332 175 157 124 558 2815 553 60 5710 5663 4122 1988 1428 1050 560 343 182 86 897
is_linear=0
shrinkage=0.04


Tree=73
num_leaves=31
num_cat=0
split_feature=3 0 6 1 2 23 22 18 18 9 19 6 10 1 11 0 13 22 9 23 10 5 2 2 6 9 5 15 21 15
split_gain=33.8739 11.2247 7.91226 6.29242 4.94553 3.89487 5.14175 3.73414 7.3033 3.54953 3.54153 3.499 3.17214 3.03832 4.92659 3.18732 3.12093 2.96524 3.27878 3.57194 3.07079 3.86729 2.91147 2.88308 4.89687 3.27293 2.87291 2.85786 3.2691 2.80247
threshold=-0.1114328688723288 0.26163482688702033 0.4833332237555803 0.25626223524809494 0.27232441871543317 8.5000000000000018 12.500000000000002 15.708333333333334 16.450000000000003 1491.3400104148011 4.916666666666667 0.76122463873887047 262.50207765033605 0.27045930689292069 0.37127409338390382 0.25382979649823417 1.2916666666666667 8.5000000000000018 1391.5775029290123 13.500000000000002 -2.9211964958255972 0.022096604565377435 0.27951094571726764 0.46531765613834081 0.43527877089573874 1683.0073464888053 0.02814855632599134 1.9166666666666667 -0.16666666666666666 2.9166666666666674
decision_type=2 2 2 2 2 2 2 2 2 2 2 2 2 2 2 2 2 2 2 2 2 2 2 2 2 2 2 2 2 2
left_child=1 5 7 4 11 6 13 17 -9 -10 -11 -2 -5 14 15 27 -15 -3 19 -19 21 -20 26 24 -18 -25 -22 -1 -29 -23
right_child=3 2 -4 12 -6 -7 -8 8 9 10 -12 -13 -14 16 -16 -17 23 18 20 -21 22 29 -24 25 -26 -27 -28 28 -30 -31
leaf_value=0.0071018425092137759 0.0015570306569793124 -0.0012307963417161132 0.00044496380056341823 0.00038206127970493039 -0.0084137527891001759 -0.0046013865679581448 0.011650710266825032 -0.0080171928259315725 -0.0072706669522131992 0.010918990447308975 -0.00011280681927063854 0.0056255218734991667 -0.0036047656645545319 -0.0065510158495374381 0.0010808819865713276 -0.012386666031928475 -0.0029264770581899349 0.013711768515605707 -0.0057335784377754943 0.00052802726683298879 0.0036421380224655716 0.007725237089241414 -0.0023877028528264256 -0.0058879557862293423 0.0076482774800064168 0.0054287830968995166 -0.0013160579110507056 -0.0090011982757849593 -0.0020893224531386713 0.0016467298509749242
leaf_weight=50.171903848648071 15314.269930839539 11234.130142688751 8465.4506804943085 7582.9107401371002 77.593028545379639 1163.9740287065506 42.785557866096497 351.84366226196289 83.164603471755981 56.820808887481689 238.98572874069214 345.02715873718262 332.35268092155457 436.1762410402298 865.1004900932312 49.805981874465942 208.00259637832642 57.968063831329346 90.994247436523438 74.515190839767456 335.08502507209778 154.85624933242798 1023.2710683345795 341.01841115951538 104.40477335453033 45.6493079662323 420.61611318588257 114.98587954044342 1994.0311900377274 552.22105407714844
leaf_count=25 3809 4406 2904 2474 22 553 20 142 32 23 96 57 107 217 378 21 102 21 37 27 121 64 408 170 48 23 152 53 951 223
internal_value=1.46977e-05 -0.000912566 -0.000528839 0.00113421 0.00159689 -0.00255161 -0.00198956 -0.0010906 -0.00387595 -2.01593e-05 0.00203591 0.00164703 0.000214225 -0.00213094 -0.00147704 -0.00247882 -0.00389875 -0.000944348 0.000243328 0.00635608 -7.32657e-05 0.00198678 -0.000998026 -0.00223693 0.000620674 -0.00454136 0.000884361 -0.00224465 -0.00247025 0.00298701
internal_weight=52208.2 28556 23139.9 23652.2 15736.9 5416.11 4252.13 14674.5 730.815 378.971 295.807 15659.3 7915.26 4209.35 3074.1 2208.99 1135.25 13943.7 2709.53 132.483 2577.04 798.072 1778.97 699.075 312.407 386.668 755.701 2159.19 2109.02 707.077
internal_count=17686 11217 8656 6469 3888 2561 2008 5752 293 151 119 3866 2581 1988 1428 1050 560 5459 1053 48 1005 324 681 343 150 193 273 1029 1004 287
is_linear=0
shrinkage=0.04


Tree=74
num_leaves=31
num_cat=0
split_feature=3 3 1 14 1 23 22 13 5 20 18 23 12 1 7 1 11 3 13 8 22 2 10 16 17 17 10 10 15 22
split_gain=32.535 10.8283 7.2523 6.45049 3.95965 3.77629 4.90649 3.40085 3.60808 4.19766 5.67871 3.29935 3.09958 3.04899 3.04303 2.94124 4.74717 3.11751 3.03714 3.04202 3.14473 3.49306 2.8777 2.85683 2.83662 3.98997 3.00486 3.26345 3.20424 2.93967
threshold=-0.1114328688723288 -1.0374887900725318 0.26507308518252154 15.550000000000002 0.25626223524809494 8.5000000000000018 12.500000000000002 2.9166666666666674 0.020821241394830218 0.16666666666666663 13.816666666666668 92.500000000000014 1.7083333333333337 0.25578137267271528 0.87500000000000011 0.27045930689292069 0.37127409338390382 -1.0782897811194549 1.2916666666666667 1429.8439580407237 3.5000000000000004 0.46943664048471817 262.50207765033605 2.4500000000000006 2.7750000000000004 2.4500000000000006 214.16614788784219 143.73899766852585 4.291666666666667 82.500000000000014
decision_type=2 2 2 2 2 2 2 2 2 2 2 2 2 2 2 2 2 2 2 2 2 2 2 2 2 2 2 2 2 2
left_child=1 5 -3 4 13 6 15 8 9 10 -4 -10 -7 24 -14 16 17 -1 -17 -20 -21 -22 -6 -5 25 29 27 -27 -28 -2
right_child=3 2 7 23 22 12 -8 -9 11 -11 -12 -13 14 -15 -16 18 -18 -19 19 20 21 -23 -24 -25 -26 26 28 -29 -30 -31
leaf_value=-0.0022051263225530975 0.001044594479717277 0.0015331184703427346 0.0026823584717003859 0.0021521514060563081 0.00018914841799270714 -0.0052960410270161996 0.011293921235385708 -0.0060877000792548541 -0.00081120519510244479 -0.0036637193992405878 0.017041757753039049 0.0080037625454975874 -0.0034611765034564018 0.0082153646038420226 0.0086793629639870095 -0.006463721260716866 0.0010582820886122662 -0.012295334941247417 -0.0050282999439143763 -0.00777478595637525 0.0059133720423428298 -0.0025675259377315207 -0.0037553622627011997 0.0075347357189515145 -0.0018290848047199776 0.0030898053593057364 -0.0036052051339954773 0.012313850582019566 0.0046434536463433483 0.0086479898916735354
leaf_weight=2154.3543634414673 9709.1491661071777 2462.009740114212 175.52372527122498 5327.0427272319794 6913.8208317756653 1019.0785918235779 43.286954522132874 189.17989110946655 20081.705590963364 94.055099248886108 58.066613912582397 67.175673246383667 88.003929257392883 98.002297878265381 51.547917604446411 433.32818412780762 866.03606331348419 49.192857027053833 323.89564800262451 63.512163519859314 164.25969159603119 145.84783315658569 308.15371251106262 161.77974057197571 483.62375617027283 120.10996675491333 108.47476649284363 126.41492128372192 241.37548089027405 81.067638158798218
leaf_count=1029 2495 781 68 1251 2264 493 20 72 7654 35 21 25 38 28 22 217 378 21 161 31 78 73 100 39 122 32 28 33 57 20
internal_value=1.43577e-05 -0.000895317 -0.000518635 0.00111039 0.000747653 -0.00250752 -0.00195411 -0.000763133 -0.000713645 0.00344397 0.00630929 -0.000781421 -0.00453106 0.0012265 0.00105316 -0.00209329 -0.00145002 -0.00243586 -0.00383658 -0.00219757 0.000263302 0.00192926 2.03439e-05 0.00231214 0.00116274 0.00130221 0.00447617 0.00785042 0.00208288 0.00110843
internal_weight=52209.1 28530.1 23127.7 23679 18190.2 5402.34 4243.71 20665.7 20476.5 327.645 233.59 20148.9 1158.63 10968.2 139.552 4200.43 3069.58 2203.55 1130.84 697.515 373.62 310.108 7221.97 5488.82 10870.2 10386.6 596.375 246.525 349.85 9790.22
internal_count=17686 11217 8656 6469 5179 2561 2008 7875 7803 124 89 7679 553 2815 60 1988 1428 1050 560 343 182 151 2364 1290 2787 2665 150 65 85 2515
is_linear=0
shrinkage=0.04


Tree=75
num_leaves=31
num_cat=0
split_feature=0 6 0 14 14 17 20 14 14 10 14 17 6 1 18 17 1 21 1 16 16 14 1 9 18 22 1 21 22 4
split_gain=41.0609 17.1929 5.45674 4.5397 3.47598 3.34718 4.00052 3.34703 3.88091 3.77499 3.35737 3.74569 3.34038 4.14748 3.71399 5.23765 4.02189 3.54861 3.39336 3.00701 3.78545 4.53778 3.31039 2.92975 3.38531 4.3204 3.0787 2.95852 2.84826 2.80788
threshold=0.40060894580793688 0.51856042716204886 0.32080786295250868 15.083333333333334 8.0833333333333339 0.91666666666666685 -0.16666666666666666 14.633333333333335 14.366666666666669 43.836568721714009 15.083333333333334 0.63333333333333341 0.4034870592322391 0.3125661216308771 8.5500000000000025 1.9166666666666667 0.32682519605493027 -0.66666666666666663 0.31042087634361393 1.3666666666666669 2.0833333333333335 15.366666666666669 0.2605115181795053 1478.8367311368736 13.91666666666667 5.5000000000000009 0.33437015307943491 0.91666666666666696 16.500000000000004 -0.43645639605194109
decision_type=2 2 2 2 2 2 2 2 2 2 2 2 2 2 2 2 2 2 2 2 2 2 2 2 2 2 2 2 2 2
left_child=2 7 4 5 -1 6 -3 8 -2 -10 11 -9 13 18 16 23 -15 -14 -4 -5 21 -21 28 -16 27 -26 -27 -25 -23 -19
right_child=1 3 12 19 -6 -7 -8 10 9 -11 -12 -13 17 14 15 -17 -18 29 -20 20 -22 22 -24 24 25 26 -28 -29 -30 -31
leaf_value=-0.0043054326635180665 -0.00010758244270909569 -0.0014547391123411002 -0.0030853121606644173 0.0034219950318004682 -0.0018016752771875364 0.0010856125077535412 0.0047780176410874035 -0.0050027359432364407 -0.013284995032982376 -0.0023790256089576542 0.00052225638632280612 0.0051142538625876246 -0.0021926109428144712 0.010629076729060865 -0.0046071058166828284 0.0076808042517956289 -0.00062847305724395084 1.1841680885311958e-05 -0.012292940495962149 0.0060875104798609496 0.0043893953674149439 0.00098783078163093888 -0.0056992363056969 -0.0015692750331290769 -0.0061598853871406576 0.0028332368786967311 0.014389049225154233 -0.0090074611269257247 -0.0064450314796054902 0.0035990098030429141
leaf_weight=979.83838212490082 14252.001138210297 206.50346231460571 171.83622264862061 3691.4354574680328 9363.5403271913528 9203.2406013011932 806.57746410369873 64.936664342880249 62.824383974075317 251.78916049003601 1661.9262526035309 534.67308449745178 1136.4619183540344 80.982923746109009 605.95317101478577 86.853775978088379 133.12381482124329 4628.8711030483246 102.01384949684143 217.09873461723328 583.66894555091858 1333.2064771652222 150.07574486732483 968.70211338996887 61.747600078582764 137.3403959274292 49.795281171798706 92.9451003074646 86.928896903991699 376.61930251121521
leaf_count=458 4800 57 70 825 4159 2423 207 21 22 82 527 170 426 33 255 36 56 1728 42 55 145 303 47 405 26 57 21 39 20 128
internal_value=6.38143e-05 0.000914111 -0.00141959 0.00184086 -0.00203925 0.00132608 0.00350737 1.75592e-05 -0.000204747 -0.004592 0.0014489 0.0040121 -0.000677041 -0.00191214 -0.00133698 -0.0018725 0.00365916 -0.000175832 -0.00654756 0.00270801 0.00159541 0.00068105 -6.9851e-05 -0.00230923 -0.00124405 0.00294669 0.00596828 -0.00222834 0.000528638 0.00028241
internal_weight=52083.5 33106.9 18976.6 16278.7 10343.4 10216.3 1013.08 16828.2 14566.6 314.614 2261.54 599.61 8633.25 2491.29 2217.44 2003.34 214.107 6141.95 273.85 6062.41 2370.98 1787.31 1570.21 1916.48 1310.53 248.883 187.136 1061.65 1420.14 5005.49
internal_count=17643 9704 7939 4082 4617 2687 264 5622 4904 104 718 191 3322 1040 928 839 89 2282 112 1395 570 425 370 803 548 104 78 444 323 1856
is_linear=0
shrinkage=0.04


Tree=76
num_leaves=31
num_cat=0
split_feature=0 6 0 14 14 6 19 9 1 18 17 1 1 17 15 6 9 14 14 10 14 17 15 18 12 6 6 19 12 9
split_gain=39.4642 16.4706 5.2636 4.33498 3.36717 3.21885 5.05531 5.37396 4.02567 3.56723 5.01578 3.81297 3.3339 3.21756 3.52407 5.46142 3.40726 3.21118 3.7487 3.70329 3.20556 3.58492 3.14573 3.131 3.52076 3.10561 3.08512 4.89551 4.8355 4.54075
threshold=0.40060894580793688 0.51856042716204886 0.32080786295250868 15.083333333333334 8.0833333333333339 0.4034870592322391 3.6333333333333337 1391.5775029290123 0.3125661216308771 8.5500000000000025 1.9166666666666667 0.32682519605493027 0.31042087634361393 1.0833333333333337 4.6333333333333337 0.55256444815547778 1480.9415796725734 14.633333333333335 14.366666666666669 43.836568721714009 15.083333333333334 0.63333333333333341 6.916666666666667 13.91666666666667 2.7916666666666674 0.58551753806252116 0.60594818372787251 5.4500000000000011 1.7750000000000001 1419.4996028925511
decision_type=2 2 2 2 2 2 2 2 2 2 2 2 2 2 2 2 2 2 2 2 2 2 2 2 2 2 2 2 2 2
left_child=2 17 4 13 -1 8 -7 -8 12 11 -11 -10 -4 14 -3 16 -16 18 -2 -20 21 -19 26 24 25 -17 28 29 -15 -28
right_child=1 3 5 -5 -6 6 7 -9 9 10 -12 -13 -14 22 15 23 -18 20 19 -21 -22 -23 -24 -25 -26 -27 27 -29 -30 -31
leaf_value=-0.0042383731454142069 -0.00010545708993258386 0.0004026284911377593 -0.003033767423904985 0.0026469244472740387 -0.0017691080570879261 -0.0023478153086059755 0.010678349663465347 0.00025822529250148679 0.010310577222202067 -0.0022688024157146917 0.007472433684102284 -0.00061647076175994715 -0.012200223294603772 0.0013372438034833128 0.014973152726459342 0.001948093332303812 0.0058750426330783333 -0.0049293416599518348 -0.013198414166097379 -0.0023375453723598269 0.00051161900026405163 0.0049870744614269671 -0.0044160564249438403 -0.0022720120389511933 -0.0030229660441229932 0.0080422116856273592 0.00087240104072101182 -0.0019267312264998864 -0.0012371381556022794 0.0042733923528393879
leaf_weight=975.62882232666016 14250.46795964241 603.94615817070007 171.30687046051025 6078.8674716949463 9346.6854552030563 1336.0862386226654 79.540979862213135 4725.248726606369 81.848289728164673 1912.0781512260437 87.523451089859009 133.04017639160156 100.76747393608093 3656.4275612831116 94.87235164642334 263.99149441719055 218.89911413192749 64.612614154815674 61.995282649993896 251.19085884094238 1662.7944350242615 537.41454386711121 168.59947276115417 175.21470737457275 102.31456756591797 272.0583438873291 1122.6532232761383 410.43974375724792 1713.7746999263763 1426.6895506381989
leaf_count=458 4800 164 70 1395 4159 513 29 1740 33 803 36 56 42 1025 25 70 62 21 22 82 527 170 41 46 24 65 252 106 463 344
internal_value=6.2488e-05 0.000895089 -0.00139344 0.00180092 -0.00200288 -0.00066413 -0.000172382 0.000432912 -0.001878 -0.00131227 -0.0018389 0.00357398 -0.00646097 0.001298 0.00286933 0.00418927 0.00866479 1.71753e-05 -0.000200751 -0.00452262 0.00141799 0.00391638 0.000977591 0.00245469 0.00375358 0.00505022 0.00108728 0.00212397 0.000515613 0.00277663
internal_weight=52087 33137.2 18949.8 16308.7 10322.3 8627.44 6140.88 4804.79 2486.56 2214.49 1999.6 214.888 272.074 10229.9 1731.3 1127.35 313.771 16828.5 14563.7 313.186 2264.82 602.027 8498.58 813.579 638.364 536.05 8329.98 2959.78 5370.2 2549.34
internal_count=17643 9704 7939 4082 4617 3322 2282 1769 1040 928 839 89 112 2687 456 292 87 5622 4904 104 718 191 2231 205 159 135 2190 702 1488 596
is_linear=0
shrinkage=0.04


Tree=77
num_leaves=31
num_cat=0
split_feature=0 6 0 6 8 0 8 0 3 8 9 6 22 0 8 2 0 22 17 18 1 6 10 18 11 12 10 9 0 1
split_gain=38.0315 11.3941 8.59631 6.20439 3.59666 3.4712 7.06909 6.22949 3.87843 3.85319 3.28881 4.00086 3.17737 3.15685 2.87409 3.88578 3.59673 3.46152 5.10856 3.2076 4.00285 3.74947 4.52517 3.91089 2.87961 3.63738 3.0265 3.26631 3.1986 3.19634
threshold=0.44195628352006905 0.51542426645519435 0.32080786295250868 0.38847972222055355 1457.6947998960156 0.46091001376375046 1556.0170122941024 0.45796725449214998 0.2668826479057676 1586.8512959717625 1562.7185366747897 0.37637085479621152 16.500000000000004 0.57008915988990583 1529.9536265114207 0.39262469145957862 0.3403283231142758 15.500000000000002 1.0833333333333337 9.0833333333333339 0.31646396779546399 0.42550457545515424 63.326142341358839 8.9166666666666696 0.4970897291448409 2.0833333333333335 8.2392096724548782 1498.4040571340768 0.42693508866480129 0.26191154057948712
decision_type=2 2 2 2 2 2 2 2 2 2 2 2 2 2 2 2 2 2 2 2 2 2 2 2 2 2 2 2 2 2
left_child=2 10 -1 12 -3 6 7 -6 -7 -8 -2 -12 -4 -10 19 16 -16 -18 -19 20 21 -5 23 -23 25 -21 -26 -28 29 -29
right_child=1 4 3 14 5 8 9 -9 13 -11 11 -13 -14 -15 15 -17 17 18 -20 24 -22 22 -24 -25 26 -27 27 28 -30 -31
leaf_value=-0.0019670889535947493 0.00035476075910390633 -0.00068807695543149393 -0.0023362686175269856 -0.0039655245102397227 0.0060354660466590817 0.00060096032043490701 -0.0082649927727954705 0.01978545991183206 0.0081470913412498031 0.0029604624652090038 0.0078697205757649533 -0.0028304750001538156 0.0045816282680472544 0.0021121659277469223 -0.0048504361080865697 0.0078968132549971509 0.00074847997426683282 -0.0024339955612712413 0.012269560132857835 0.00015565010818118375 0.011499042541786591 -0.0017547090414531048 0.0077111486308569736 0.0097759589185410431 -0.0043072358147655679 0.010043788234278359 -0.001565777189862762 0.010043148425967324 -0.0043895819553890145 0.001171683147247539
leaf_weight=10301.667271852493 11360.059389591217 874.07536029815674 2843.7227222919464 171.34134864807129 254.60425209999084 3180.1316726207733 66.238767385482788 66.085475206375122 139.65664386749268 178.63047409057617 58.851277589797974 857.32897424697876 109.44626569747925 10611.683885335922 170.84223914146423 126.51565837860107 2427.6884014606476 59.808885812759399 100.44917106628418 2729.3907997608185 64.679279088973999 293.87828993797302 192.65180373191833 55.001978158950806 465.68688201904297 59.850343227386475 3169.8941338062286 69.214139223098755 152.79924654960632 878.47609090805054
leaf_count=4617 3697 246 1166 65 77 901 20 19 36 53 21 279 43 2426 68 41 837 21 34 1009 25 106 66 20 171 20 1161 20 52 326
internal_value=6.1198e-05 0.00107744 -0.00108826 -0.000447961 0.0018031 0.00195333 0.00502343 0.00892166 0.00182835 -9.73633e-05 0.000168767 -0.00213531 -0.00207842 0.00219131 -1.7446e-05 0.00106988 0.000754059 0.00112577 0.00680108 -0.000395384 0.00204887 0.00117654 0.00280781 8.58792e-05 -0.000648175 0.000371349 -0.00124856 -0.000914081 0.000962809 0.00182951
internal_weight=52090.4 27647.3 24443 14141.3 15371.1 14497 565.559 320.69 13931.5 244.869 12276.2 916.18 2953.17 10751.3 11188.2 2885.3 2758.79 2587.95 160.258 8302.86 777.553 712.873 541.532 348.88 7525.31 2789.24 4736.07 4270.38 1100.49 947.69
internal_count=17643 7775 9868 5251 3778 3532 169 96 3363 73 3997 300 1209 2462 4042 1001 960 892 55 3041 282 257 192 126 2759 1029 1730 1559 398 346
is_linear=0
shrinkage=0.04


Tree=78
num_leaves=31
num_cat=0
split_feature=0 6 0 6 16 6 11 12 9 6 5 6 5 16 16 5 6 6 18 18 23 8 21 6 13 19 18 18 11 9
split_gain=36.6265 11.9229 4.46513 4.56361 3.75818 3.69236 4.95775 4.0331 3.48663 3.1675 2.99609 5.01988 3.63373 3.81808 3.83447 5.6495 3.45495 3.28415 2.996 4.18982 3.67975 3.13405 5.19713 2.95154 2.9473 3.29815 4.26544 5.70316 5.70519 3.71604
threshold=0.40060894580793688 0.60594818372787251 0.26163482688702033 0.63505528460908778 1.0000000180025095e-35 0.50064599483204153 0.50703254661312658 0.29166666666666669 1555.5848912505796 0.42078663959286494 0.027177861761166881 0.46025614895561445 0.023122382601415196 2.3666666666666671 1.0833333333333337 0.020821241394830218 0.45280581532314229 0.47576514840918122 13.083333333333334 14.550000000000002 7.5000000000000009 1527.785379145005 0.80000000000000027 0.43039605898473193 1.7083333333333337 4.366666666666668 12.450000000000001 11.633333333333335 0.48987844343136688 1513.8005610680304
decision_type=2 2 2 2 2 2 2 2 2 2 2 2 2 2 2 2 2 2 2 2 2 2 2 2 2 2 2 2 2 2
left_child=2 4 5 10 23 7 18 -1 -8 -6 11 16 13 14 17 -16 -4 -13 20 -20 -7 -21 -23 -2 25 -12 27 28 -27 -29
right_child=1 -3 3 -5 9 6 8 -9 -10 -11 24 12 -14 -15 15 -17 -18 -19 19 21 -22 22 -24 -25 -26 26 -28 29 -30 -31
leaf_value=0.006119578490989006 -0.00084326993770406176 0.0022374750297455572 -0.001204260185977105 0.0035479415727638288 -0.000482688497783503 -0.0023612273708819268 0.0012911861411057251 -0.0041130854184449782 0.012595721047507344 0.00059864895689316173 -0.0020186095132600987 0.0047290225128041961 0.0029421420075864332 -0.0054349118974589914 0.011347213583953415 0.00074679532923605158 -0.0065976349777453923 -0.0052265457093673062 0.0013971061417145049 -0.0031601936635111934 -0.0088250096230450062 0.012804540503442124 -0.00092547050877318598 0.010462708825173797 -0.0029655765937716995 0.0051363198712803303 -0.00089787216568971116 0.01392998498640431 -0.0070018803540846941 0.0038077904549452795
leaf_weight=62.88269317150116 56.826245546340942 7275.6247885227203 2392.4562230110168 341.56299352645874 5520.9745774269104 438.93727231025696 198.47735822200775 1861.8098275661469 55.06629753112793 20152.388320684433 3371.4028551578522 64.868362426757812 878.60429453849792 197.20933318138123 85.504622936248779 1150.8498001098633 205.53621554374695 273.63961791992188 641.49907875061035 1511.2752184867859 207.35110914707184 49.810145378112793 333.77045941352844 103.85559320449829 1950.7211754322052 118.19581484794617 2248.3355600833893 88.362528324127197 128.05643129348755 168.82083606719971
leaf_count=32 20 1619 1003 107 1970 201 85 943 22 6043 1388 26 322 70 31 425 84 102 296 722 97 21 145 30 770 47 884 35 53 68
internal_value=3.59543e-06 0.000807262 -0.00139501 -0.00101105 0.000404401 -0.0023733 -0.00158688 -0.00377576 0.00378622 0.000366101 -0.00112819 -0.000384113 0.000840423 -0.000202694 0.000455534 0.00148848 -0.00163332 -0.00331045 -0.00201598 -0.00139541 -0.00444546 -0.00234105 0.000886109 0.00648379 -0.0016118 -0.0011801 -0.000152415 0.00317196 -0.00117859 0.00732604
internal_weight=52134.7 33109.7 19025 13664.1 25834 5360.88 3436.19 1924.69 253.544 25673.4 13322.6 5248.67 2650.68 1772.07 1574.86 1236.35 2597.99 338.508 3182.64 2536.35 646.288 1894.86 383.581 160.682 8073.9 6123.17 2751.77 503.436 246.252 257.183
internal_count=17661 9682 7979 5415 8063 2564 1589 975 107 8013 5308 2063 976 654 584 456 1087 128 1482 1184 298 888 166 50 3245 2475 1087 203 100 103
is_linear=0
shrinkage=0.04


Tree=79
num_leaves=31
num_cat=0
split_feature=0 6 0 6 11 16 19 18 14 0 1 12 12 9 13 11 18 21 11 15 21 19 15 18 11 5 2 19 15 18
split_gain=35.2085 11.414 4.34534 3.89464 3.89595 3.58501 3.49253 3.27543 3.80181 3.16314 3.10854 3.01334 3.56972 3.76265 3.18419 3.09918 2.91331 4.48521 3.69652 3.59308 3.29899 3.3098 2.84823 3.63427 3.97401 2.907 3.37261 2.86567 3.9381 5.27387
threshold=0.40060894580793688 0.60594818372787251 0.29912501552172766 0.63329433540546221 0.54507600687576507 1.0000000180025095e-35 7.0833333333333348 19.750000000000004 14.733333333333336 0.11569507422138935 0.23415996529920899 2.0833333333333335 2.6333333333333337 1506.818471060215 0.63333333333333341 0.86668392256056703 14.633333333333335 -1.0833333333333328 0.57458719084450716 4.916666666666667 0.16666666666666663 3.5500000000000003 2.9166666666666674 14.29166666666667 0.45794680065310128 0.027370414018237036 0.31982536311144349 4.366666666666668 3.8166666666666669 7.916666666666667
decision_type=2 2 2 2 2 2 2 2 2 2 2 2 2 2 2 2 2 2 2 2 2 2 2 2 2 2 2 2 2 2
left_child=2 5 3 9 7 -2 22 8 -5 -1 -7 15 13 -13 -15 -12 18 -18 -3 20 21 -20 23 24 -4 26 -26 28 -24 -30
right_child=1 16 6 4 -6 10 -8 -9 -10 -11 11 12 -14 14 -16 -17 17 -19 19 -21 -22 -23 27 -25 25 -27 -28 -29 29 -31
leaf_value=-0.0063025457457771784 0.0063146833232117262 0.0065997696612570258 0.0028585823574938142 0.0001782047481501166 0.010655791229035139 0.0012513878997850187 0.0043635447324840999 -0.0049150638546404113 0.01147494918805078 -0.0021966348426693868 3.9736789824041239e-05 0.0005309592913745238 -0.0019462623226242624 -0.003537531812410516 0.0056377425014738046 -0.0062176008366525305 -0.0084643396588354076 0.0010415159966717378 -0.001031924853086511 0.0028663994616809105 -0.0034105720865233091 0.0032577554912690738 -0.0032311915804689134 0.0051088938451144903 0.0055308150804290173 -0.0031866737106020422 -0.0012896184079418413 -0.0004738946282566927 0.0088767907097639272 -0.0012217841104427414
leaf_weight=313.12914824485779 161.72625303268433 336.82269597053528 485.7470326423645 612.71612584590912 54.698157548904419 5020.1161470413208 201.24840593338013 187.64046597480774 50.689473628997803 6946.4959228038788 18849.276634454727 666.82462525367737 332.75081729888916 66.369317054748535 620.92726922035217 126.50164723396301 84.959925413131714 1042.7664849758148 490.72236108779907 4372.9853694438934 270.06951570510864 693.59569120407104 2066.0639429092407 233.65447783470154 163.59896039962769 669.3866868019104 392.01951456069946 4043.4463531970978 84.589632987976074 2493.410005569458
leaf_count=171 50 89 195 279 21 1258 66 88 20 3185 6203 204 99 21 189 39 20 244 113 927 65 161 836 92 66 274 158 1514 33 981
internal_value=3.49125e-06 0.000790579 -0.00136928 -0.00206605 0.000406762 0.000396208 -0.000843962 -0.000263693 0.00105734 -0.00237458 0.000358694 0.000141759 0.00176137 0.00267322 0.00474787 -2.30307e-06 0.00218809 0.000318505 0.00253002 0.00229369 0.000570913 0.00148095 -0.000942934 0.000440756 -0.000199431 -0.00141336 0.000724951 -0.00125264 -0.00193043 -0.000887115
internal_weight=52134.9 33136.4 18998.5 8165.37 905.744 25844.5 10833.2 851.046 663.406 7259.63 25682.8 20662.7 1686.87 1354.12 687.297 18975.8 7291.92 1127.73 6164.2 5827.37 1454.39 1184.32 10631.9 1944.41 1710.75 1225.01 555.618 8687.51 4644.06 2578
internal_count=17661 9682 7979 3764 408 8063 4215 387 299 3356 8013 6755 513 414 210 6242 1619 264 1355 1266 339 274 4149 785 693 498 224 3364 1850 1014
is_linear=0
shrinkage=0.04


Tree=80
num_leaves=31
num_cat=0
split_feature=0 1 16 0 12 11 8 14 19 20 13 15 1 17 1 12 14 2 2 14 15 15 17 11 15 8 7 20 14 4
split_gain=33.8433 10.0429 4.78276 4.20214 3.78559 3.922 3.97481 3.66629 3.50781 4.22883 3.57866 3.55871 4.46018 3.62757 3.56439 5.3691 3.78554 3.40446 4.07922 3.86636 4.01252 3.38955 4.33283 3.38549 3.4205 3.30786 3.55294 3.53522 3.30155 3.16855
threshold=0.40060894580793688 0.23415996529920899 1.0000000180025095e-35 0.26163482688702033 2.0833333333333335 0.61023296832971829 1489.0223062183447 11.450000000000001 4.366666666666668 -1.0833333333333328 0.81666666666666676 3.2916666666666674 0.25023001695035113 0.81666666666666676 0.32760073525496952 0.45000000000000007 9.8166666666666682 0.37080658053456089 0.35215926959244825 12.91666666666667 3.8166666666666669 4.4500000000000011 1.0833333333333337 0.49904390545762117 5.916666666666667 1515.0336478923152 0.37500000000000006 0.16666666666666688 7.916666666666667 -0.41698762739813638
decision_type=2 2 2 2 2 2 2 2 2 2 2 2 2 2 2 2 2 2 2 2 2 2 2 2 2 2 2 2 2 2
left_child=3 -2 7 25 -4 6 -6 -3 10 -10 -5 13 -13 -11 15 -15 -16 18 -12 20 -20 22 -22 -8 -25 27 -27 -1 -17 -19
right_child=1 2 4 8 5 -7 23 -9 9 11 17 12 -14 14 16 28 -18 29 19 -21 21 -23 -24 24 -26 26 -28 -29 -30 -31
leaf_value=-0.0023939348502125279 0.001729794599686566 0.00089646474487931006 5.4409639739802793e-05 -0.004414195838060516 -0.0040763403522779199 0.00090818931263085578 -0.0005283807635102772 0.014427473240212521 -0.0030470663664103159 -0.0033554475459940136 -0.0012718596449478501 0.0049090197002926066 -0.00069798846023704539 0.016904016167906696 -0.0076799450733705454 -0.0041371320220912056 0.006031124963755752 -0.0043445247238620716 0.00069075170816894089 -0.0040110116904284315 0.017691427639364869 0.00095692665820491731 0.0048005690799565008 0.012375255267398353 0.0038925017531523504 -0.010536012037820159 0.00050571763945045053 -0.0063834797466866093 0.0042373195163019845 -0.0012529267179062673
leaf_weight=4041.4714612960815 11496.128062009811 61.614215612411499 19600.534113407135 644.9786171913147 63.601177215576172 1482.7499842643738 82.778680086135864 66.069233655929565 777.99584245681763 162.54914045333862 3560.8253700733185 238.7771623134613 4257.7038378715515 48.496619701385498 89.275075674057007 84.199005126953125 49.198364496231079 938.49153542518616 472.86327385902405 154.17293047904968 70.89122462272644 101.77754926681519 101.97864723205566 169.59834837913513 139.5908203125 48.302422881126404 858.13652503490448 389.19954061508179 660.38503956794739 1220.8844835758209
leaf_count=1971 2644 20 6415 271 20 445 25 21 302 68 1429 77 1630 20 39 35 21 390 193 60 29 40 40 51 41 24 381 188 261 510
internal_value=3.38864e-06 0.000774231 0.000267158 -0.00134396 0.000221212 0.00190705 0.00514894 0.00795573 -0.0009714 -0.000286005 -0.00157195 9.87057e-05 -0.000399214 0.00214352 0.00310562 0.00413902 -0.00280021 -0.00129449 -0.000663302 0.00173869 0.00292833 0.00676431 0.0101583 0.0066524 0.00857041 -0.00229542 -9.36376e-05 -0.00274575 0.00328604 -0.00259796
internal_weight=52135.2 33162.7 21666.5 18972.6 21538.9 1938.32 455.569 127.683 13635.4 6368.58 7266.86 5590.58 4496.48 1094.1 931.554 793.081 138.473 6621.89 4462.51 901.684 747.511 274.647 172.87 391.968 309.189 5337.11 906.439 4430.67 744.584 2159.38
internal_count=17661 9682 7038 7979 6997 582 137 41 5415 2453 2962 2151 1707 444 376 316 60 2691 1791 362 302 109 69 117 92 2564 405 2159 296 900
is_linear=0
shrinkage=0.04


Tree=81
num_leaves=31
num_cat=0
split_feature=3 0 6 19 6 0 15 19 0 15 9 9 18 21 15 2 1 19 1 9 12 2 21 2 2 12 18 0 18 11
split_gain=31.3125 10.0997 7.07507 4.39388 4.09921 4.49992 3.89876 3.78017 3.49071 3.92832 4.08515 4.06872 3.38812 3.55903 3.75025 3.58846 3.3338 3.32085 3.28681 3.21315 5.1096 4.77151 4.33394 4.27709 6.66467 3.22201 3.37361 3.26095 3.08936 3.05587
threshold=0.22893141448242041 0.35866626650730726 0.44515270429446263 7.916666666666667 0.60149445395667389 0.24171652455833706 5.0833333333333348 4.291666666666667 0.54503861992848657 2.9166666666666674 1478.8367311368736 1480.1936285296476 7.2083333333333348 -0.16666666666666682 2.3666666666666671 0.49608284959678833 0.27091769632850804 4.916666666666667 0.15784735757636428 1437.8878644393831 0.91666666666666685 0.28314634806673999 1.0000000180025095e-35 0.30107500441650864 0.2689341459734812 0.45000000000000007 10.083333333333334 0.42278412911847613 16.550000000000004 0.40013410203356387
decision_type=2 2 2 2 2 2 2 2 2 2 2 2 2 2 2 2 2 2 2 2 2 2 2 2 2 2 2 2 2 2
left_child=1 4 8 -4 5 16 -2 -6 9 19 -11 -12 -7 14 -14 28 -1 -18 -9 23 21 25 -22 24 -3 -21 -27 -28 -15 -13
right_child=6 2 3 -5 7 12 -8 18 -10 10 11 29 13 15 -16 -17 17 -19 -20 20 22 -23 -24 -25 -26 26 27 -29 -30 -31
leaf_value=-0.0024025799195011846 0.00080457418827171653 0.0047998171029462753 0.00037169704646189053 0.0097534866869513712 0.0073442081386001839 0.0065031552594539636 0.0020885329631636371 -0.0042131975399964071 0.003685426071532012 -0.0024953943332449899 0.0084742350562826505 -0.005746767653651794 0.0014974269502193275 -0.0012967743632592962 -0.0033909412638362304 0.0083305481080243136 -0.0035044870684127066 -0.0093102686655454799 0.00054309396585538355 0.0059854002372865369 -0.0072561438469704517 0.0056378842393344977 0.00094481949873290345 0.013347637656585115 -0.0047266171596370265 -0.0064772520702144403 -0.0062728398673975233 0.003719376273431415 0.0019243263562233165 -0.00056263202979669211
leaf_weight=2394.0670152902603 7220.7903020381927 377.69588446617126 13360.917680740356 79.354916095733643 111.4634702205658 86.226500988006592 7953.6419532299042 276.3037645816803 247.83874797821045 3586.0451138019562 75.924643278121948 190.25390815734863 286.43549716472626 6112.108078122139 2005.9765928983688 64.966732025146484 450.12153732776642 243.46397662162781 1436.7700558900833 87.973658561706543 267.08848190307617 266.43202662467957 167.19609975814819 56.205762386322021 169.43657064437866 182.76169228553772 74.04197883605957 171.15366363525391 515.79817354679108 3740.8105828762054
leaf_count=1166 1904 134 4286 22 44 36 1801 145 82 1312 27 75 124 2568 836 27 237 129 583 32 102 107 63 22 65 68 29 62 208 1385
internal_value=-5.29527e-05 -0.000679271 -0.000165668 0.000427811 -0.00152767 -0.00179294 0.00147765 0.000240183 -0.000991281 -0.00111479 -0.00151482 -0.000636847 -0.00134375 -0.00141977 -0.00277976 -0.000953603 -0.00311181 -0.00555292 -0.000226065 0.000554025 -0.000629716 0.00130157 -0.00410392 0.00293816 0.00184642 -0.000944323 -0.00237947 0.000688793 -0.00104585 -0.000814929
internal_weight=52259.3 37084.8 23101.1 13440.3 13983.7 12159.2 15174.4 1824.54 9660.86 9413.02 7593.03 4006.99 9071.51 8985.29 2292.41 6692.87 3087.65 693.586 1713.07 1819.99 1216.65 782.363 434.285 603.338 547.132 515.931 427.957 245.196 6627.91 3931.06
internal_count=17681 13976 7873 4308 6103 5331 3705 772 3565 3483 2799 1487 3799 3763 960 2803 1532 366 728 684 463 298 165 221 199 191 159 91 2776 1460
is_linear=0
shrinkage=0.04


Tree=82
num_leaves=31
num_cat=0
split_feature=3 0 1 19 15 14 15 1 22 18 23 0 11 12 22 5 5 1 17 1 23 1 11 4 11 17 21 16 14 17
split_gain=30.0591 9.72604 5.20088 4.30261 3.72887 3.43753 3.965 2.98633 4.02825 2.95687 3.06617 3.86146 4.79313 4.5274 4.65279 3.78129 3.12798 2.9183 3.33887 3.13713 2.85642 2.85462 5.4299 5.08194 4.34732 3.61869 3.69223 3.15737 3.10515 4.07435
threshold=0.22893141448242041 0.35866626650730726 0.29151890455132051 7.7500000000000009 5.0833333333333348 11.708333333333334 4.2250000000000005 0.29456315850173942 4.5000000000000009 7.2083333333333348 8.5000000000000018 0.25927880839514023 0.49467069365498045 1.8166666666666669 13.500000000000002 0.034907013538054039 0.032246273517143605 0.30315414737372481 0.63333333333333341 0.26507308518252154 13.500000000000002 0.27091769632850804 0.37127409338390382 -0.14046021638945308 0.59236793555345246 0.45000000000000007 -0.36666666666666664 1.6333333333333335 14.91666666666667 1.0833333333333337
decision_type=2 2 2 2 2 2 2 2 2 2 2 2 2 2 2 2 2 2 2 2 2 2 2 2 2 2 2 2 2 2
left_child=1 9 3 -3 -2 6 7 8 -4 -1 21 13 17 15 -15 16 -12 19 -19 20 -13 22 -11 -23 25 -24 -27 -25 -28 -30
right_child=4 2 5 -5 -6 -7 -8 -9 -10 10 11 12 -14 14 -16 -17 -18 18 -20 -21 -22 23 24 27 -26 26 28 -29 29 -31
leaf_value=0.0057353955518449004 0.00078795425498058114 0.00026911018018960676 -0.010591026650728719 0.0085063617467812536 0.0020427391967096907 3.8589784503915856e-05 -0.0045047227375817275 -0.00083299046716619617 -0.001950243259894858 -0.0015997709816900291 -0.0055483782559118304 -0.0017354157412183299 -0.0039371142347658034 0.011323594958679363 -0.003800484505060786 0.00043022594673329675 -0.012513030721348392 -0.0058087916401739657 0.0055686880308321307 -0.0026836222135926758 0.0088114148722813999 -0.0014113593654447416 -0.0078540724650941994 -0.0026852891601767963 -0.0052735645314357883 -0.0027576614465354096 0.0023930162516667222 -0.0084804087714583139 0.0017196711996156023 0.01521202604393729
leaf_weight=88.842598557472229 7226.6023025512695 13701.200800418854 117.61709403991699 101.21665596961975 7970.2707479000092 3764.4434773921967 633.1598002910614 4460.2707414627075 319.42702484130859 2562.5558068752289 693.3653416633606 79.530874967575073 748.69484329223633 53.505499839782715 79.923193573951721 143.86625897884369 121.4240403175354 48.795965671539307 243.56743192672729 505.40103793144226 83.389817476272583 6191.2575659751892 57.276593327522278 344.78070175647736 145.6679744720459 198.92477750778198 1160.9053549766541 267.8098475933075 70.345849752426147 72.551851034164429
leaf_count=37 1904 4354 43 28 1801 1396 237 1700 115 1206 341 28 308 23 35 72 62 21 105 208 29 2638 25 179 54 78 467 137 25 25
internal_value=-5.19393e-05 -0.000666271 -0.000162431 0.000330128 0.00144614 -0.000893811 -0.00152836 -0.00114272 -0.00429452 -0.00149968 -0.00154642 -0.00272854 -0.00154008 -0.00458567 0.00230346 -0.00554592 -0.00660035 0.000330166 0.00365644 -0.00112823 0.00368373 -0.0012471 -0.000436045 -0.00175575 0.00131222 0.00193016 0.00230806 -0.00522847 0.00308247 0.0086281
internal_weight=52256.6 37059.7 23097.3 13802.4 15196.9 9294.92 5530.47 4897.31 437.044 13962.4 13873.5 2801.46 1709.38 1092.08 133.429 958.656 814.789 960.685 292.363 668.322 162.921 11072.1 4268.23 6803.85 1705.67 1560 1502.73 612.591 1303.8 142.898
internal_count=17681 13976 7873 4382 3705 3491 2095 1858 158 6103 6066 1232 699 533 58 475 403 391 126 265 57 4834 1880 2954 674 620 595 316 517 50
is_linear=0
shrinkage=0.04


Tree=83
num_leaves=31
num_cat=0
split_feature=3 0 6 19 6 0 14 15 8 13 19 15 5 10 2 1 19 1 18 18 18 2 13 8 9 0 8 2 0 6
split_gain=28.857 9.36673 6.65281 3.99832 3.88853 4.26854 3.63609 3.97524 4.04894 3.92154 3.60637 3.56672 3.35006 5.10584 4.05619 3.15256 3.24126 3.14584 3.11643 3.08677 3.65683 3.60591 3.03969 3.71419 3.85487 3.0305 2.91297 2.89327 2.8643 3.51426
threshold=0.22893141448242041 0.35866626650730726 0.44515270429446263 7.916666666666667 0.60149445395667389 0.24171652455833706 15.366666666666669 2.9166666666666674 1482.667646425811 1.9166666666666667 4.291666666666667 5.0833333333333348 0.026818298304537084 98.029947264799731 0.30344743020555942 0.27091769632850804 4.916666666666667 0.15784735757636428 7.2083333333333348 12.29166666666667 8.0833333333333339 0.23485147361070857 1.6333333333333335 1567.9311475332377 1478.8367311368736 0.20051720793945912 1351.1714663125008 0.49608284959678833 0.54503861992848657 0.41979899497487444
decision_type=2 2 2 2 2 2 2 2 2 2 2 2 2 2 2 2 2 2 2 2 2 2 2 2 2 2 2 2 2 2
left_child=1 4 6 -4 5 15 7 12 19 28 -6 -2 13 14 -3 25 -17 -12 -7 20 -9 -21 23 24 -8 -1 -19 -20 -10 -30
right_child=11 2 3 -5 10 18 22 8 9 -11 17 -13 -14 -15 -16 16 -18 26 27 21 -22 -23 -24 -25 -26 -27 -28 -29 29 -31
leaf_value=-0.0033777165255983229 0.0007716905947861085 -0.0022285817516489023 0.000361724180988718 0.0092326802230641106 0.007163802802841953 0.0061860662028339376 -0.0093289335652949473 0.001129025673111207 -0.0011891214747999858 0.0066344860157177667 -0.0041215264956471513 0.0019980419022871667 -0.00031453122765080852 0.011300915006013143 0.0088000519176601698 -0.0033810291037018269 -0.0091517681803292405 0.0083235277144526505 -0.0014324829850206105 0.0067161927823091109 -0.0040275689208483035 -0.001554675469281605 0.0098388667690963421 0.0062607994169101644 0.0018780567478229144 -0.00038890438893993275 0.00012632486182914633 0.0065395757370388889 -0.00034599791284075255 0.011308089193937229
leaf_weight=1548.2135733366013 7232.2987811565399 186.12192606925964 13367.506345033646 80.793231248855591 112.21415948867798 87.288271069526672 76.826672554016113 247.654465675354 4219.7688040733337 109.94704174995422 274.68891632556915 7986.5685729980469 1481.4308130741119 106.16943717002869 73.654737949371338 446.74250137805939 239.84663438796997 72.078645348548889 8887.3127948045731 97.566679716110229 1945.209175825119 583.41298246383667 76.430536985397339 132.97010707855225 132.37936878204346 835.98461711406708 1364.6939749717712 72.471359252929688 110.68812584877014 65.081623315811157
leaf_count=783 1904 70 4286 22 44 36 27 90 1546 40 145 1801 556 38 29 237 129 33 3733 34 732 226 27 45 47 383 550 30 37 21
internal_value=-5.09623e-05 -0.000653534 -0.000159255 0.000415701 -0.00147222 -0.00173135 -0.000960866 -0.00112638 -0.00154175 -0.00079315 0.000249676 0.00141535 0.000532787 0.00395443 0.000920132 -0.00301984 -0.0054073 -0.000207576 -0.00129373 -0.0027147 -0.00344495 -0.000361565 0.00268118 0.00105839 -0.00226228 -0.00233034 0.000543058 -0.00136728 -0.000980406 0.00400868
internal_weight=52254 37035.1 23093.6 13448.3 13941.5 12117.9 9645.31 9226.71 7379.33 4505.49 1823.68 15218.9 1847.38 365.946 259.777 3070.79 686.589 1711.46 9047.07 2873.84 2192.86 680.98 418.607 342.176 209.206 2384.2 1436.77 8959.78 4395.54 175.77
internal_count=17681 13976 7873 4308 6103 5331 3565 3419 2726 1644 772 3705 693 137 99 1532 366 728 3799 1082 822 260 146 119 74 1166 583 3763 1604 58
is_linear=0
shrinkage=0.04


Tree=84
num_leaves=31
num_cat=0
split_feature=3 2 3 6 22 14 2 18 7 18 5 18 1 23 10 10 3 13 19 14 8 1 1 6 2 8 8 1 16 14
split_gain=26.1133 5.44258 4.34159 4.36263 4.85486 4.23199 3.29341 3.3858 6.35466 3.55845 3.23966 3.58438 2.92854 3.22919 3.5029 5.12695 4.34982 3.02964 2.67691 3.03823 2.89918 2.70334 3.59016 2.57712 3.6047 3.35245 2.77941 2.77005 3.19149 3.93094
threshold=-0.23322633314270363 0.13104466365609393 -0.82658564717759919 0.39018367961457406 16.500000000000004 8.0833333333333339 0.12518807825740258 13.91666666666667 -2.1249999999999996 16.225000000000005 0.029759214625957656 11.775000000000002 0.31355929420441325 7.5000000000000009 19.102945549302607 96.694448210869737 -0.48267544134219692 2.0833333333333335 2.0833333333333335 11.816666666666668 1360.253979612354 0.29192709269836775 0.30892871213941847 0.47429288924134289 0.42885068813963761 1551.9720803947196 1449.8597932452287 0.25944136728134709 1.3666666666666669 14.633333333333335
decision_type=2 2 2 2 2 2 2 2 2 2 2 2 2 2 2 2 2 2 2 2 2 2 2 2 2 2 2 2 2 2
left_child=2 6 5 4 12 -1 7 -2 -9 -10 11 -8 -4 17 16 -16 -15 -14 19 -5 21 -20 -23 25 -25 27 -26 -7 -29 -30
right_child=1 -3 3 18 -6 23 10 8 9 -11 -12 -13 13 14 15 -17 -18 -19 20 -21 -22 22 -24 24 26 -27 -28 28 29 -31
leaf_value=-0.0043133140444389442 0.0018954929286518645 0.00057280084978452198 -0.0056261862298259378 0.00047051406985419307 0.005018199205811865 -0.0080600723750138929 0.011994613420484482 0.006403168403878009 -0.0045930735435150954 0.0027841560651352616 0.0021906032458376395 0.0018462659949536676 -0.00055090462005863688 0.002029069517144363 -0.0085286509551539217 0.0005399852982904829 -0.0082974903699879338 -0.0087898970881670237 0.0063181819125183586 0.011773309490978155 -0.0003197600262729352 -0.0034733116321054541 0.0079300174748400606 0.0035747930575731786 -0.0020981357467475125 -0.0078837894486189428 -0.00014698338786626157 -0.0028913889387226044 0.00052330682110672696 -0.011884110969535873
leaf_weight=833.71263611316681 6182.2092559337616 20365.780438899994 334.72997045516968 94.400336503982544 160.55961012840271 112.51561796665192 151.54753947257996 147.4724440574646 445.60852456092834 135.87400698661804 335.44047474861145 88.35477614402771 2019.4452152252197 250.22156071662903 350.12018227577209 139.16603899002075 87.178307771682739 73.038226127624512 206.01044368743896 62.845535039901733 11682.582069396973 149.08226585388184 61.599809646606445 286.55885338783264 2150.3801715373993 160.93026065826416 2556.2513167858124 1433.1167892217636 1000.6257876157761 41.59312903881073
leaf_count=405 1344 6146 134 35 64 61 38 25 101 28 84 21 843 107 146 57 35 31 72 21 4256 59 25 117 1006 76 1120 678 482 20
internal_value=7.6335e-05 0.000911868 -0.000883445 -0.000487438 -0.00175169 -0.00160696 0.00183405 0.0015915 -0.000985723 -0.00286743 0.00473976 0.00828021 -0.00208718 -0.00167958 -0.00379468 -0.00595345 -0.00065577 -0.000842548 -0.000135127 0.00503369 -0.000202713 0.00307179 -0.000117463 -0.001315 -0.000773258 -0.00229843 -0.00103869 -0.00194818 -0.00166723 1.72314e-05
internal_weight=52099 27852.3 24246.7 15671 3414.46 8575.68 7486.51 6911.16 728.955 581.483 575.343 239.902 3253.9 2919.17 826.686 489.286 337.4 2092.48 12256.5 157.246 12099.3 416.693 210.682 7741.97 4993.19 2748.78 4706.63 2587.85 2475.34 1042.22
internal_count=17637 7787 9850 5885 1417 3965 1641 1498 154 129 143 59 1353 1219 345 203 142 874 4468 56 4412 156 84 3560 2243 1317 2126 1241 1180 502
is_linear=0
shrinkage=0.04


Tree=85
num_leaves=31
num_cat=0
split_feature=0 2 0 6 22 17 9 2 4 9 21 18 9 8 18 17 17 18 9 9 6 10 17 0 12 0 7 1 17 0
split_gain=25.0857 5.24041 4.21426 4.78187 4.16415 4.37369 4.18934 6.02976 3.69459 3.26605 4.92968 4.11179 4.66622 4.10514 3.98359 3.18299 3.02394 3.55555 3.0073 3.77463 3.385 3.29203 3.58197 3.19273 2.99432 3.99589 3.02617 3.83969 3.02185 2.97998
threshold=0.44195628352006905 0.1000076896644178 0.24493787352263166 0.41478643216080407 16.500000000000004 1.0833333333333337 1558.3566863991161 0.39262469145957862 -0.018081497426243227 1479.5845436867692 -0.4499999999999999 10.450000000000001 1481.6898306692681 1509.7867927182463 10.083333333333334 1.9166666666666667 1.4500000000000002 9.6333333333333346 1510.8197469846027 1505.9593948118488 0.38077788302154875 -30.342241783916958 1.0833333333333337 0.31327425972622364 1.8166666666666669 0.17631180886299344 0.87500000000000011 0.25626223524809494 0.45000000000000007 0.71151536138663951
decision_type=2 2 2 2 2 2 2 2 2 2 2 2 2 2 2 2 2 2 2 2 2 2 2 2 2 2 2 2 2 2
left_child=2 29 8 4 6 -6 9 -8 -1 10 13 14 -13 -4 -11 -5 -12 -18 19 -14 -21 22 23 -20 25 28 27 -26 -10 -2
right_child=1 -3 3 15 5 -7 7 -9 24 11 16 12 18 -15 -16 -17 17 -19 21 20 -22 -23 -24 -25 26 -27 -28 -29 -30 -31
leaf_value=-0.0050896767052326167 0.0083347088189142087 0.00065320858162187041 0.00096006772501714874 4.5015440791334844e-05 0.0083549153231806481 -0.0018952980929923694 -0.0023494148933588138 -0.0090144211691632198 -0.008262473606642555 -0.001113967891684712 -0.0031427780847039198 0.011422600623290971 0.0010373952229143111 -0.0059293974792978422 -0.0077820032450751087 -0.0017496231703096428 0.00096275371918997624 -0.011179056347570214 -0.0070170881829826458 0.0018536900806929335 0.014639894632234919 -0.0023195233614056628 0.0099254636744678052 0.0047552877446291756 -0.0040741166520257008 -0.00058201085381670114 0.0053191935363567132 0.0091771164036231704 -0.0027415232424093778 0.001974782669222568
leaf_weight=539.13850831985474 120.27983260154724 23407.331696748734 785.60547947883606 11741.758804917336 135.78569078445435 129.22309422492981 1043.8707451820374 273.66733253002167 176.56006467342377 699.81348586082458 911.6366446018219 63.561228513717651 598.97028839588165 166.92456793785095 179.43122482299805 1826.3296372890472 49.890952110290527 167.10267472267151 65.934588193893433 64.379966378211975 67.974937438964844 729.73100233078003 80.233793973922729 81.045900821685791 180.12672448158264 1713.5985831022263 191.9849317073822 42.382936477661133 1518.6841636896133 4350.0859801769257
leaf_count=284 29 6872 321 4416 55 52 439 130 93 291 377 26 250 67 76 658 21 69 30 28 27 307 35 33 77 804 85 20 779 886
internal_value=7.47683e-05 0.000892933 -0.000866745 -0.000619437 -0.00153053 0.00336839 -0.00174636 -0.0037396 -0.00199237 -0.00118838 -0.00237203 -0.000251571 0.000868677 -0.000252218 -0.00248204 -0.000196663 -0.00415928 -0.00839581 0.000464809 0.00239427 0.00848098 -0.0010107 0.0031845 -0.000537463 -0.00155439 -0.00194474 0.00165278 -0.0015203 -0.00332106 0.00214773
internal_weight=52103 27877.7 24225.3 19862.9 6294.78 265.009 6029.77 1317.54 4362.48 4712.24 2081.16 2631.08 1751.83 952.53 879.245 13568.1 1128.63 216.994 1688.27 731.325 132.355 956.945 227.214 146.98 3823.34 3408.84 414.495 222.51 1695.24 4470.37
internal_count=17637 7787 9850 7708 2634 107 2527 569 2142 1958 855 1103 736 388 367 5074 467 90 710 305 55 405 98 63 1858 1676 182 97 872 915
is_linear=0
shrinkage=0.04


Tree=86
num_leaves=31
num_cat=0
split_feature=0 2 0 6 4 22 12 16 21 9 2 5 9 2 18 7 18 22 10 9 21 8 18 9 18 12 0 22 1 21
split_gain=24.0987 5.04943 4.07008 4.56652 3.88324 3.76532 4.43492 4.2497 4.92436 3.73842 4.78983 4.06269 3.43506 3.17932 3.2378 6.06681 3.43052 3.13974 3.10232 3.05022 4.57014 3.90875 3.85199 4.46823 3.87207 3.04397 3.94984 3.30115 2.9362 3.34356
threshold=0.44195628352006905 0.13104466365609393 0.24171652455833706 0.41478643216080407 -0.018081497426243227 16.500000000000004 1.2916666666666667 1.2916666666666667 -0.16666666666666682 1558.3566863991161 0.39262469145957862 0.033218540881797883 1465.6363913200355 0.12518807825740258 13.91666666666667 -2.1249999999999996 16.225000000000005 6.5000000000000009 207.79856916219049 1479.5845436867692 -0.4499999999999999 1509.7867927182463 10.450000000000001 1481.6898306692681 10.083333333333334 1.8166666666666669 0.17631180886299344 7.5000000000000009 0.23415996529920899 1.4500000000000004
decision_type=2 2 2 2 2 2 2 2 2 2 2 2 2 2 2 2 2 2 2 2 2 2 2 2 2 2 2 2 2 2
left_child=2 13 4 5 -1 9 7 8 -7 19 11 -11 -6 14 -2 -16 -17 -15 -5 20 21 -4 24 -24 -21 26 28 -28 29 -14
right_child=1 -3 3 18 12 6 -8 -9 -10 10 -12 -13 25 17 15 16 -18 -19 -20 22 -22 -23 23 -25 -26 -27 27 -29 -30 -31
leaf_value=-0.0055842994626768951 0.0018191151670456669 0.00054776244417685039 0.00088999865234331188 -0.00015591200308155082 -0.013812618843748726 0.001107939820513965 -0.0059981357087859266 -0.0024567388059921029 0.016303557284960177 -0.0033984653405992938 -0.0081162578666012959 0.0034013733910267479 -0.00080628167825148997 0.0084134103667762652 0.0061854912718763031 -0.0045457599636526619 0.0026886870652800699 0.0023208800309562909 -0.0080708095932443078 -0.0010930998489227213 -0.0040487987074158422 -0.0058470281879460032 0.011072708398786093 0.00040865737560552692 -0.0076881459569454391 0.0018067572194084692 0.00084252478961137703 -0.0029110356732038956 -0.0069345419702488507 -0.0047774835842806958
leaf_weight=428.98914122581482 6203.9899089336395 20390.764385461807 788.26127111911774 13609.039908647537 35.33629584312439 59.07545018196106 63.900501847267151 64.48427677154541 80.285865068435669 874.79167795181274 290.12270855903625 166.62945890426636 814.43564057350159 216.13413500785828 148.71315002441406 444.22902870178223 136.45343065261841 362.31397581100464 78.699404954910278 699.03435063362122 1125.7972794771194 165.93773472309113 64.291425466537476 1694.9227229356766 178.04031050205231 407.85067760944366 1077.9110125303268 573.5426549911499 282.07681548595428 580.9902560710907
leaf_count=229 1344 6146 322 5104 17 24 26 26 32 370 140 69 409 53 25 101 28 90 28 291 468 67 26 713 76 179 504 273 156 301
internal_value=7.3238e-05 0.00087441 -0.000850342 -0.000612572 -0.00198205 -0.00150222 0.00313176 0.00600907 0.0099159 -0.00170785 -0.00357887 -0.00230826 -0.00157101 0.0017609 0.00152275 -0.000997111 -0.00284405 0.00460791 -0.000202006 -0.00117897 -0.0023238 -0.000286483 -0.000275166 0.00080445 -0.00243908 -0.00145158 -0.00185121 -0.000462043 -0.00321771 -0.00246194
internal_weight=52107 27902.6 24204.4 20003.3 4201.13 6315.58 267.746 203.846 139.361 6047.83 1331.54 1041.42 3772.14 7511.83 6933.39 729.396 580.682 578.448 13687.7 4716.29 2080 954.199 2636.29 1759.21 877.075 3736.81 3328.96 1651.45 1677.5 1395.43
internal_count=17637 7787 9850 7782 2068 2650 108 82 56 2542 579 439 1839 1641 1498 154 129 143 5132 1963 857 389 1106 739 367 1822 1643 777 866 710
is_linear=0
shrinkage=0.04


Tree=87
num_leaves=31
num_cat=0
split_feature=0 0 6 1 6 14 9 18 12 4 0 6 10 22 20 8 4 18 14 6 16 20 13 18 23 10 13 8 6 8
split_gain=26.3003 5.8325 5.29399 4.21051 4.01096 4.0102 5.1258 3.33747 3.22475 2.88676 2.8784 2.87791 4.17859 4.10199 4.3169 3.04132 3.62797 3.5811 3.03923 6.00001 2.84391 3.65529 3.16245 4.89267 3.40358 3.30477 2.8457 3.99638 4.21859 2.73826
threshold=0.44195628352006905 0.29341725856341344 0.79421709188616985 0.25626223524809494 0.63329433540546221 14.733333333333336 1756.347938970084 7.0833333333333348 0.29166666666666669 -1.005803322405513 0.16556607819981803 0.51159801518503034 108.41009493249193 16.500000000000004 1.1833333333333338 1414.0497895193746 -0.9893538292230647 14.91666666666667 15.550000000000002 0.54267287268572628 0.77500000000000013 -1.0833333333333328 1.1833333333333336 11.083333333333334 6.5000000000000009 153.85155978343656 1.9166666666666667 1667.8410628355552 0.53855745252253995 1541.4529261112182
decision_type=2 2 2 2 2 2 2 2 2 2 2 2 2 2 2 2 2 2 2 2 2 2 2 2 2 2 2 2 2 2
left_child=1 4 3 7 8 -6 -7 -2 -1 -5 -10 13 18 14 -3 -15 -17 -18 29 -20 21 -9 24 -24 -23 -26 -22 28 -28 -13
right_child=2 11 -4 9 5 6 -8 20 10 -11 -12 12 -14 15 -16 16 17 -19 19 -21 26 22 23 -25 25 -27 27 -29 -30 -31
leaf_value=0.0037238406341493298 0.0048792424678503919 -0.00092739240534179504 0.0074137842650839293 -1.4625076898151512e-05 -0.00042039058877439868 0.015629682025613281 -0.0013165459093899309 -0.0072088114691227093 -0.0042899888246179085 0.0023631385162896233 -0.0020110115901378236 0.00062817177253082139 -0.0031225092162679617 0.0098645909266500149 -0.0061318591132393588 0.0085928435990570394 -0.0018802147092847957 0.008374546859810263 0.0070708833882982313 -0.0045509554116258798 0.0011713213398134221 -0.0028755246040219136 -0.00027461576729320117 0.0049905575712905726 0.0073058516476394823 -0.00010713826605088119 0.0090011243758432238 0.01006995687472621 0.0013090788524732092 0.0035111155652963128
leaf_weight=140.59611666202545 379.71353244781494 11738.524269104004 191.83006000518799 10436.910520792007 765.33476829528809 59.289571046829224 53.988449811935425 108.04045295715332 1058.4885284900665 885.32121467590332 5478.3675018548965 2600.0611793994904 494.78350043296814 75.018002271652222 259.70346188545227 88.255010366439819 351.54372382164001 63.447412967681885 87.358108043670654 363.40027165412903 11681.575555801392 744.22882413864136 698.37239241600037 472.963054895401 107.205486536026 868.59026026725769 132.72338080406189 123.93960905075073 780.19591069221497 660.39789319038391
leaf_count=67 93 4634 29 3463 356 22 23 28 554 273 2536 882 161 29 98 32 137 25 30 116 2847 181 175 116 28 208 36 28 196 213
internal_value=-3.59491e-05 -0.000994546 0.000809022 0.000762546 -0.00191731 0.00062272 0.00761224 0.00117823 -0.00225157 0.000171492 -0.00238064 -0.000578996 0.00032671 -0.000881896 -0.00104055 0.00240598 0.00127679 -0.000296016 0.000787281 -0.00228795 0.00108851 -1.944e-05 0.000251602 0.0018538 -0.00083994 0.000713933 0.00134978 0.00335734 0.002436 0.001213
internal_weight=51950.2 24338.6 27611.6 27419.8 7556.06 878.613 113.278 16097.5 6677.45 11322.2 6536.86 16782.5 4206 12576.5 11998.2 578.264 503.246 414.991 3711.22 450.758 15717.8 2999.4 2891.36 1171.34 1720.02 975.796 12718.4 1036.86 912.919 3260.46
internal_count=17616 9915 7701 7672 3558 401 45 3936 3157 3736 3090 6357 1402 4955 4732 223 194 162 1241 146 3843 736 708 291 417 236 3107 260 232 1095
is_linear=0
shrinkage=0.04


Tree=88
num_leaves=31
num_cat=0
split_feature=0 0 6 6 10 18 17 12 21 6 0 6 10 22 20 19 10 19 8 4 18 1 20 4 10 4 19 12 22 23
split_gain=25.272 5.62297 5.10935 3.86747 3.64132 4.22123 3.44263 3.10125 2.9152 2.82402 2.79081 2.76766 4.02272 3.94007 4.18204 3.54537 2.97381 4.15173 2.88369 3.45322 3.42074 2.71044 2.85892 4.26932 4.41409 5.28081 3.87567 3.83595 3.73149 3.32517
threshold=0.44195628352006905 0.29341725856341344 0.6868689158957616 0.63329433540546221 9.5408525020374118 19.250000000000004 1.0833333333333337 0.29166666666666669 -1.0000000180025095e-35 0.79421709188616985 0.11569507422138935 0.51159801518503034 108.41009493249193 16.500000000000004 1.1833333333333338 3.9166666666666674 82.176556144962333 4.2250000000000005 1414.0497895193746 -0.9893538292230647 14.91666666666667 0.25626223524809494 0.91666666666666696 -1.8693783062294416 105.41748799707899 -1.9441917028755407 2.183333333333334 1.0833333333333337 69.500000000000014 3.5000000000000004
decision_type=2 2 2 2 2 2 2 2 2 2 2 2 2 2 2 2 2 2 2 2 2 2 2 2 2 2 2 2 2 2
left_child=1 3 21 7 5 -5 -7 8 -1 -4 -9 13 16 14 -3 -14 -13 -18 -15 -20 -21 22 23 24 -2 29 -24 -27 -25 -26
right_child=2 11 9 4 -6 6 -8 10 -10 -11 -12 12 15 18 -16 -17 17 -19 19 20 -22 -23 26 28 25 27 -28 -29 -30 -31
leaf_value=-0.0049390518644387722 -0.00469596992002829 -0.00090982463781085518 0.0021696495967352238 0.0016700130211062449 0.010790046980685647 -0.0082256398720710142 0.0025141097632926965 -0.0060072080596919831 0.0074336328818083754 0.0072133418890271981 -0.0021518153624240162 0.0004015327366108201 0.0027137677978170617 0.0095765794275103049 -0.0060477264112784495 -0.0050497883848425055 0.01146618248473567 0.0016613462645173099 0.0083520756215042461 -0.0018464668222553209 0.0081426779570053093 0.00016805662873690806 0.0074463001130260177 0.00069307745318908853 -0.0023067501518237825 0.00041593520256082237 1.0279056815080158e-05 0.0088152917503349134 0.0082068294132912542 0.0027013787462330306
leaf_weight=43.213850140571594 124.25931310653687 11727.643104314804 2109.4585411548615 609.20777416229248 51.84439218044281 148.50141298770905 69.600462436676025 315.09403192996979 97.906801342964172 193.25753116607666 6206.2248349189758 3357.5022733211517 125.67053246498108 75.761686325073242 258.11586809158325 367.57041168212891 92.836624622344971 263.80498814582825 89.016640424728394 350.88336873054504 63.980988025665283 11324.17370557785 113.97240924835205 6255.8982288837433 234.80014252662659 114.38159441947937 4562.8156752586365 363.72580695152283 106.58238053321838 2130.6334669589996
leaf_count=20 30 4634 408 276 20 73 32 177 47 29 2913 1124 40 29 98 121 31 86 32 137 25 3736 27 1680 55 29 1101 90 26 490
internal_value=-3.5251e-05 -0.000975784 0.000792304 -0.00188288 0.000610122 -4.00726e-05 -0.00480255 -0.00221189 0.00363679 0.00259589 -0.00233899 -0.000567837 0.000320071 -0.000865144 -0.00102097 -0.00307026 0.000771014 0.00423855 0.00235311 0.0012502 -0.000290051 0.000628254 0.00100027 0.00140482 0.00265742 0.0029803 0.000193047 0.00681091 0.000820215 0.00220349
internal_weight=51948.3 24314.4 27634 7541.59 879.154 827.31 218.102 6662.44 141.121 2302.72 6521.32 16772.8 4207.38 12565.4 11985.8 493.241 3714.14 356.642 579.643 503.881 414.864 25331.2 14007.1 9330.28 2967.8 2843.54 4676.79 478.107 6362.48 2365.43
internal_count=17616 9915 7701 3558 401 381 105 3157 67 437 3090 6357 1402 4955 4732 161 1241 117 223 194 162 7264 3528 2400 694 664 1128 119 1706 545
is_linear=0
shrinkage=0.04


Tree=89
num_leaves=31
num_cat=0
split_feature=3 3 6 6 14 9 5 6 12 21 15 6 22 20 10 5 13 19 10 15 5 15 5 12 2 3 3 5 1 2
split_gain=24.2838 5.42098 4.88875 3.72841 3.84461 4.73983 3.232 3.23282 2.98198 2.78529 2.77461 3.60738 3.8438 3.94772 3.47667 3.74549 4.0811 3.21124 3.13561 3.788 3.72931 3.42382 3.10285 3.05764 2.86496 4.03605 2.7487 2.61541 2.59906 2.76578
threshold=-0.23322633314270363 -0.87884462404244779 0.6868689158957616 0.63329433540546221 14.733333333333336 1756.347938970084 0.028124503845487373 0.79421709188616985 0.29166666666666669 -1.0000000180025095e-35 6.916666666666667 0.51159801518503034 16.500000000000004 1.1833333333333338 108.41009493249193 0.026723525040688204 2.5500000000000003 3.9166666666666674 26.438202759081722 3.2916666666666674 0.021929222464937229 4.291666666666667 0.022727515212132902 2.4500000000000006 0.31066026488505355 -0.50974276570203325 -1.6173831879196834 0.024624598853734695 0.25626223524809494 0.26780195005662294
decision_type=2 2 2 2 2 2 2 2 2 2 2 2 2 2 2 2 2 2 2 2 2 2 2 2 2 2 2 2 2 2
left_child=1 3 28 8 -5 -6 27 -8 9 -1 11 12 13 -3 15 16 18 -16 19 -13 -20 -22 -23 -17 -21 -26 -10 -4 -2 -30
right_child=2 10 6 4 5 -7 7 -9 26 -11 -12 14 -14 -15 17 23 -18 -19 20 24 21 22 -24 -25 25 -27 -28 -29 29 -31
leaf_value=-0.0048668368615182953 0.00097940274840231374 -0.00088793841196112484 0.001455506923464654 -0.00042666856758320467 0.015011192372854308 -0.0012365610924879396 0.0014635633890644449 0.007381269616234646 -0.0041714046798762647 0.0072334979123766449 -0.0056393442772743572 0.01024376364312452 0.0023423749512845623 -0.005952456169611515 0.002893069815568524 -0.00021545116802545921 -0.004957544832325674 -0.0045848196361741077 0.010502377717471787 -0.0072289702600175981 -0.0031021496609736029 0.0017384149479771939 0.013041535115949382 0.0083439224951942798 -0.00045311422301715087 0.0072567555380439507 -0.0019365539006070481 0.0090444626551499964 -1.7669975870338683e-05 0.0023070131346564892
leaf_weight=43.000940442085266 14021.091771364212 11703.575412034988 114.38405847549438 765.58229053020477 60.358786106109619 53.752325773239136 1834.2280344963074 159.76030588150024 1050.4820030927658 98.637316942214966 169.12456941604614 74.060624122619629 578.12216091156006 250.59043073654175 122.91473460197449 2300.5041337013245 99.622351408004761 356.35381889343262 180.12038135528564 63.891146183013916 93.256825923919678 92.504285573959351 66.462907314300537 67.771595478057861 395.68960499763489 148.69905233383179 5455.6094087362289 200.32449889183044 10438.511997699738 887.56497478485107
leaf_count=20 3528 4629 22 356 22 23 354 24 554 47 54 26 222 96 39 772 34 118 59 21 31 30 21 21 138 46 2536 37 3463 273
internal_value=-3.45692e-05 -0.000957362 0.000775943 -0.00184903 0.000597583 0.00741339 0.00253774 0.00194116 -0.00217284 0.00355151 -0.000556876 -0.00050474 -0.000840482 -0.000994593 0.000531098 0.000959286 0.0027645 -0.00266499 0.00345846 0.00176543 0.00612022 0.00296169 0.00651614 3.29059e-05 0.00071804 0.00166227 -0.00229798 0.00629953 0.000615379 0.000164691
internal_weight=51946.6 24290.7 27655.9 7527.42 879.693 114.111 2308.7 1993.99 6647.73 141.638 16763.3 16594.1 12532.3 11954.2 4061.85 3582.58 1214.31 479.269 1114.68 682.34 432.344 252.224 158.967 2368.28 608.28 544.389 6506.09 314.709 25347.2 11326.1
internal_count=17616 9915 7701 3558 401 45 437 378 3157 67 6357 6303 4947 4725 1356 1199 406 157 372 231 141 82 51 793 205 184 3090 59 7264 3736
is_linear=0
shrinkage=0.04


Tree=90
num_leaves=31
num_cat=0
split_feature=0 6 16 0 8 6 13 10 6 9 9 9 8 20 6 10 17 1 14 6 5 8 1 1 1 19 8 14 20 6
split_gain=23.5811 9.98303 4.8157 4.22968 4.22991 5.69862 4.41223 5.82953 4.2284 3.97528 3.51022 5.14833 3.39131 3.27625 3.18952 3.60613 4.82161 3.18648 3.14906 3.03882 2.81909 2.71449 2.77896 2.6635 3.85161 3.52582 2.99716 2.65111 2.64031 2.92857
threshold=0.39033710958789153 0.61968345833579408 1.0000000180025095e-35 0.26415626478492721 1529.9536265114207 0.45280581532314229 1.1833333333333336 13.768035088034368 0.39826240086695242 1739.1748830677841 1408.6005513068185 1424.0383748765544 1501.5121321026529 -0.36666666666666664 0.56835486848177219 -211.52016141710541 0.55000000000000016 0.32281346982444187 10.450000000000001 0.34030205905205907 0.034907013538054039 1424.0445788766917 0.28254110308651986 0.25893848858885388 0.21014410494324859 5.291666666666667 1553.1980727456 11.550000000000002 2.0833333333333339 0.58668396431885772
decision_type=2 2 2 2 2 2 2 2 2 2 2 2 2 2 2 2 2 2 2 2 2 2 2 2 2 2 2 2 2 2
left_child=3 2 12 4 6 -6 19 14 10 28 20 -12 -2 -7 -8 -16 -17 -5 -3 -1 -4 -13 -23 24 26 -25 -15 -20 -10 -30
right_child=1 18 8 17 5 13 7 -9 9 -11 11 21 -14 23 15 16 -18 -19 27 -21 -22 22 -24 25 -26 -27 -28 -29 29 -31
leaf_value=-0.013758476521722336 0.014105228578043843 0.0070018577295932541 0.0005093421153451105 -0.00051516882199145731 -0.01087650762319629 -0.0076607997525642638 -0.0032872811657658958 0.004489779723932376 0.00040173959863996163 0.0068789663385020886 -0.0071167859802240335 -0.005682114448721797 0.0020901165902327927 0.015451588059031308 -0.0030007972472440008 -0.0098585366479163553 0.0021827846345013301 -0.0022012098991058492 -0.0017328029038826385 -0.0041810208151042303 0.0077437501374211697 -0.0054151681526059163 -0.00043156952021259471 0.00020046326008018683 -0.00070670708429612216 0.014853425921024401 0.0023104408212263569 0.0020414668663880768 -0.0061179688966181093 0.0018638666680599371
leaf_weight=54.670267701148987 65.527931928634644 194.7867329120636 481.00961399078369 9708.4015288352966 59.072233319282532 49.797599196434021 1974.1209394931793 216.62500107288361 24228.764948368073 149.3180947303772 245.32897877693176 192.20258784294128 87.362260103225708 47.134316563606262 607.43845772743225 56.958083271980286 649.44613146781921 2199.1708972454071 313.37792992591858 1216.9177894592285 104.04025626182556 191.40147089958191 2579.2938113212585 45.843563318252563 317.41923809051514 60.63762366771698 66.641081929206848 5722.8327286243439 204.14896082878113 114.05644178390503
leaf_count=29 20 46 172 3831 32 23 993 100 7340 43 91 74 27 21 306 27 292 957 75 614 34 61 967 21 136 27 30 1213 56 27
internal_value=-4.26121e-05 0.000556689 0.000241001 -0.00124854 -0.00217448 0.000860784 -0.00258545 -0.00185221 0.000202875 0.000393867 -0.00104036 -0.00155998 0.00729793 0.00205748 -0.00227129 -0.000743358 0.00119932 -0.000826717 0.00200756 -0.00460328 0.00180687 -0.00109763 -0.000777669 0.0029701 0.0015618 0.00860542 0.00784168 0.00184527 0.00035414 -0.00326011
internal_weight=52203.7 34873.5 28642.5 17330.3 5422.72 646.546 4776.18 3504.59 28489.6 24696.3 3793.28 3208.23 152.89 587.473 3287.96 1313.84 706.404 11907.6 6231 1271.59 585.05 2962.9 2770.7 537.676 431.195 106.481 113.775 6036.21 24547 318.205
internal_count=17685 10246 8912 7439 2651 290 2361 1718 8865 7466 1399 1193 47 258 1618 625 319 4788 1334 643 206 1102 1028 235 187 48 51 1288 7423 83
is_linear=0
shrinkage=0.04


Tree=91
num_leaves=31
num_cat=0
split_feature=3 6 16 3 8 6 13 10 6 9 9 9 8 20 6 10 17 1 14 6 23 20 1 17 10 13 5 5 6 6
split_gain=22.672 9.56334 4.59267 4.08193 4.07971 5.52201 4.27817 5.59893 4.06463 3.79062 3.37557 4.99579 3.18413 3.15818 3.08316 3.47285 4.66502 3.07224 2.99299 2.98857 2.72511 4.095 3.25353 3.01075 2.68406 2.87002 2.68671 2.68198 2.66727 3.75089
threshold=-0.44589541642212455 0.61968345833579408 1.0000000180025095e-35 -1.0244769398038966 1529.9536265114207 0.45280581532314229 1.1833333333333336 13.768035088034368 0.39826240086695242 1739.1748830677841 1408.6005513068185 1424.0383748765544 1501.5121321026529 -0.36666666666666664 0.56835486848177219 -211.52016141710541 0.55000000000000016 0.32281346982444187 10.450000000000001 0.34030205905205907 5.5000000000000009 2.0833333333333339 0.3125661216308771 1.4500000000000002 38.579294177323852 1.4500000000000002 0.023122382601415196 0.034907013538054039 0.54005274930724811 0.49742928892413435
decision_type=2 2 2 2 2 2 2 2 2 2 2 2 2 2 2 2 2 2 2 2 2 2 2 2 2 2 2 2 2 2
left_child=3 2 12 4 6 -6 19 14 10 20 27 -12 -2 -7 -8 -16 -17 -5 -3 -1 21 24 -22 -24 -10 26 -26 -4 29 -28
right_child=1 18 8 17 5 13 7 -9 9 -11 11 -13 -14 -15 15 16 -18 -19 -20 -21 22 -23 23 -25 25 -27 28 -29 -30 -31
leaf_value=-0.013675441274858192 0.013636509304372 0.0068153587808916704 0.00049898951720027244 -0.00050519966976474129 -0.010779881711518606 -0.0075688203491410923 -0.0032327288194958959 0.0043811834116167713 -0.002161819487921783 0.0066968491758696274 -0.0070261195502919465 -0.0010771210702497705 0.0020447968134391955 0.0029033079589760049 -0.0029502034884314361 -0.0097611421386952068 0.0021347887502886119 -0.0021623065748210806 0.0018052382252621696 -0.0041153693279578915 0.0005402007150419136 -0.0099327726920524582 0.0081359625524505749 -0.0011959579686387203 -0.0043746521901218451 0.0015669546909372583 -3.5254860387594373e-05 0.0075328046595604936 0.001329383540499205 -0.0035424669058862581
leaf_weight=53.923239469528198 66.458767414093018 196.15538740158081 481.25467276573181 9703.4013588428497 58.433214902877808 49.417566537857056 1967.6421046257019 217.59978699684143 987.60389256477356 150.34879064559937 243.58922386169434 2959.6622824668884 87.545047760009766 539.25627553462982 605.61838960647583 56.399319052696228 650.86528098583221 2194.3353836536407 6047.3630096912384 1211.8404523134232 17614.501033306122 69.47515869140625 169.71322011947632 81.489203691482544 261.11674833297729 1543.5308783054352 1928.5723161697388 104.84904527664185 1247.5310485363007 652.1400773525238
leaf_count=29 20 46 172 3831 32 23 993 100 337 43 91 1102 27 235 306 27 292 957 1288 614 5302 19 62 30 82 468 628 34 312 183
internal_value=-4.18089e-05 0.000545309 0.000236141 -0.00122535 -0.00213615 0.000842833 -0.0025409 -0.00181894 0.000198782 0.000385886 -0.00102089 -0.00153156 0.00710278 0.00201286 -0.00223141 -0.000729392 0.00117373 -0.000810981 0.00196371 -0.00453312 0.000346974 -0.0003416 0.000604822 0.00511598 -0.000239466 9.79009e-05 -0.000456842 0.00176797 -0.000188543 -0.000922548
internal_weight=52201.6 34892.9 28649.4 17308.7 5411 647.107 4763.89 3498.12 28495.4 24706 3789.36 3203.25 154.004 588.674 3280.53 1312.88 707.265 11897.7 6243.52 1265.76 24555.7 6689.97 17865.7 251.202 6620.49 5632.89 4089.36 586.104 3828.24 2580.71
internal_count=17685 10246 8912 7439 2651 290 2361 1718 8865 7466 1399 1193 47 258 1618 625 319 4788 1334 643 7423 2029 5394 92 2010 1673 1205 206 1123 811
is_linear=0
shrinkage=0.04


Tree=92
num_leaves=31
num_cat=0
split_feature=0 6 16 0 8 6 6 13 11 22 5 9 9 9 18 22 8 18 6 11 17 18 14 6 9 17 8 8 4 0
split_gain=21.798 9.16206 4.38086 3.93942 3.93583 4.73448 3.90664 3.89144 5.38358 4.06033 4.7439 3.61528 3.24588 4.84725 3.40872 3.0962 2.99169 2.96901 2.96897 3.22821 4.53922 2.85235 2.84541 2.81517 3.23148 3.08782 3.69816 3.45452 3.64997 3.91928
threshold=0.39033710958789153 0.61968345833579408 1.0000000180025095e-35 0.26415626478492721 1523.1466219722759 0.47186682365253801 0.39826240086695242 1.1833333333333336 0.5028241467521376 13.500000000000002 0.027300655534715505 1739.1748830677841 1408.6005513068185 1424.0383748765544 8.2916666666666696 5.5000000000000009 1501.5121321026529 12.450000000000001 0.56835486848177219 0.22743363547609183 0.55000000000000016 14.083333333333334 10.450000000000001 0.47051262664448817 1386.9582024886747 1.1833333333333336 1478.1104198429614 1473.9212496806829 -0.63369043656772095 0.32080786295250868
decision_type=2 2 2 2 2 2 2 2 2 2 2 2 2 2 2 2 2 2 2 2 2 2 2 2 2 2 2 2 2 2
left_child=3 2 16 4 7 -6 12 17 18 10 -10 -8 14 -14 -4 -12 -2 -1 21 -20 -21 -9 -3 25 -25 26 27 28 -5 -30
right_child=1 22 6 23 5 -7 11 8 9 -11 15 -13 13 -15 -16 -17 -18 -19 19 20 -22 -23 -24 24 -26 -27 -28 -29 29 -31
leaf_value=-0.0079219632769469001 0.013189424194738855 0.0066350645338798088 0.0098884480315895064 -0.0018501036614624394 -0.0074847428365862967 0.0017764220907825804 0.00033993692084967553 -0.0019883326473324183 -0.0013220626807317422 -0.007469731158975668 0.0026199666604439487 0.0065207367722631754 -0.006935978284031437 -0.0010568818761719423 0.00059211171306864827 0.015480579827606939 0.0020005492058102594 -0.0033378120022674691 -0.0029461606684748828 -0.0099654113245534037 0.0020725741528750518 -0.0051312191259460559 0.001766162901814016 -0.0084893554796557375 4.0892207619889923e-05 -0.0024280626706612144 -0.0018995888554517149 0.0068317494239940116 8.5570410064391767e-05 0.0051623855669464605
leaf_weight=302.1343549489975 67.371240139007568 197.49682283401489 70.923685073852539 906.09951591491699 100.77696621417999 667.20583081245422 24564.2273478508 1110.0363646745682 86.364914178848267 42.559569239616394 47.918955683708191 151.35903239250183 241.88373470306396 2956.4760768413544 516.21302556991577 81.046855330467224 87.724243402481079 903.04362177848816 593.65117275714874 53.542672395706177 618.06782722473145 793.1698431968689 6058.2897975444794 71.081882238388062 4989.8734097480774 2546.6898758411407 2041.9873285293579 127.10798668861389 868.21041464805603 337.04570460319519
leaf_count=157 20 46 24 380 54 291 7423 562 40 20 22 43 91 1102 182 37 27 460 301 26 278 403 1288 26 1846 1080 873 54 389 140
internal_value=-4.10297e-05 0.000534164 0.000231374 -0.00120258 -0.00209848 0.000552992 0.000194766 -0.00253816 -0.00184958 0.00369816 0.0059298 0.000378051 -0.00100169 -0.00150353 0.00172997 0.010759 0.00691419 -0.00449266 -0.00230215 -0.00079953 0.00109948 -0.00330015 0.00192091 -0.000795532 -8.05698e-05 -0.00132544 -0.000669017 0.000453892 6.68793e-05 0.00150839
internal_weight=52199.6 34912 28656.2 17287.6 5399.52 767.983 28501.1 4631.54 3426.36 257.89 215.331 24715.6 3785.5 3198.36 587.137 128.966 155.095 1205.18 3168.47 1265.26 671.61 1903.21 6255.79 11888.1 5060.96 6827.14 4280.45 2238.46 2111.36 1205.26
internal_count=17685 10246 8912 7439 2651 345 8865 2306 1689 119 99 7466 1399 1193 206 59 47 617 1570 605 304 965 1334 4788 1872 2916 1836 963 909 529
is_linear=0
shrinkage=0.04


Tree=93
num_leaves=31
num_cat=0
split_feature=0 1 22 6 5 8 16 18 10 5 10 6 6 10 5 15 14 2 0 8 20 2 2 8 12 9 16 6 10 0
split_gain=20.9535 10.4665 4.85652 3.7779 3.48771 3.3306 3.30105 5.75713 5.24424 5.44721 3.47643 3.09976 2.9916 3.37536 4.17873 3.42072 2.91378 2.81607 6.68786 2.76928 2.63869 4.04731 4.23912 3.38178 3.66619 3.51119 3.37441 2.6236 5.0166 4.07601
threshold=0.35216560111520917 0.25893848858885388 4.5000000000000009 0.28738023480725122 0.037405498900742525 1511.6138724473519 1.4500000000000002 10.083333333333334 78.436369518976122 0.025041577370277349 -9.5674531930779931 0.67763863121005985 0.48457573354480576 121.04424423509876 0.027947423472014402 3.9166666666666674 16.916666666666668 0.17940191541610143 0.55884164455629526 1429.8439580407237 -0.22500000000000006 0.25470672967719071 0.24596342910051636 1576.2676581928158 0.91666666666666685 1449.0291701940314 1.2916666666666667 0.57594985386863573 -90.238659403274468 0.17631180886299344
decision_type=2 2 2 2 2 2 2 2 2 2 2 2 2 2 2 2 2 2 2 2 2 2 2 2 2 2 2 2 2 2
left_child=16 11 4 -4 6 -6 12 -8 9 10 -9 -2 17 14 -14 -15 27 18 -3 -11 21 22 -19 24 25 -22 -25 29 -29 -1
right_child=1 2 3 -5 5 -7 7 8 -10 19 -12 -13 13 15 -16 -17 -18 20 -20 -21 23 -23 -24 26 -26 -27 -28 28 -30 -31
leaf_value=-0.0042495992901718559 0.001030525483711797 0.010657949488627425 -0.0084703097192754904 0.00029841748151090286 0.012242036791913878 -0.00076683147674546357 0.0079478745309510719 9.7207866897074544e-05 -0.0045564588920216486 0.0075475168350465508 0.012177390008422408 0.0024619537028035959 -0.0055308222225542974 0.011872707004522901 0.0029077379358507785 0.00096802636056565695 -0.0070681749269937352 -0.00018233112998323401 -0.0042021713486406279 -0.0016535379802338477 0.0065723464886875615 -0.0035741735077332235 0.010937679796391568 -0.0024469226157890758 -0.0060301523090722032 -0.0043363504134054974 0.0087080962291594764 -0.001586428813255641 0.001997174729847145 -0.001299088606026993
leaf_weight=812.37361717224121 14626.20280456543 80.905370235443115 77.983174800872803 16831.790967702866 58.17573094367981 67.067861795425415 140.66419076919556 60.113503217697144 358.30490756034851 58.095531702041626 103.23782157897949 2900.6260612010956 209.69907236099243 67.687145233154297 168.50673937797546 140.12628078460693 138.10358834266663 304.87056660652161 117.75581574440002 456.9857771396637 76.919587850570679 555.18704128265381 65.876311540603638 183.87442111968994 986.46525073051453 118.78205823898315 55.695060729980469 1510.1828300952911 1064.8388826847076 9528.0228593349457
leaf_count=447 3727 27 32 5880 20 23 50 21 121 21 34 554 70 21 55 44 55 107 37 163 28 214 24 65 360 45 20 700 397 4230
internal_value=7.76088e-05 0.000543247 -5.15309e-05 0.00025748 -0.00122952 0.0053249 -0.00142119 0.000384236 -0.000648666 0.00141885 0.00775951 0.00126755 -0.00209972 0.000476404 -0.00177333 0.00455965 -0.00130893 -0.00269256 0.00187273 -0.000603146 -0.00307951 -0.00141564 0.00181764 -0.00416137 -0.00503891 -3.71245e-05 0.000171812 -0.00124681 -0.000104315 -0.00153128
internal_weight=51925.1 38871.6 21344.8 16909.8 4435 125.244 4309.75 1177.4 1036.74 678.433 163.351 17526.8 3132.35 586.019 378.206 207.813 13053.5 2546.33 198.661 515.081 2347.67 925.934 370.747 1421.74 1182.17 195.702 239.569 12915.4 2575.02 10340.4
internal_count=17592 11763 7482 5912 1570 43 1527 410 360 239 55 4281 1117 190 125 65 5829 927 64 184 863 345 131 518 433 73 85 5774 1097 4677
is_linear=0
shrinkage=0.04


Tree=94
num_leaves=31
num_cat=0
split_feature=0 1 22 5 16 18 10 5 10 8 14 10 20 8 5 12 9 18 8 8 10 8 1 14 5 5 21 21 18 20
split_gain=20.144 10.0372 4.67043 3.34293 3.18162 5.48931 5.05825 5.18912 3.27447 3.14859 2.82747 2.69508 3.44606 3.66451 3.00582 2.74459 4.04752 2.66504 4.00099 2.64781 2.63823 2.59031 2.47474 2.42548 2.85585 2.58065 3.2233 2.4847 7.93312 3.35038
threshold=0.35216560111520917 0.25893848858885388 4.5000000000000009 0.037405498900742525 1.4500000000000002 10.083333333333334 78.436369518976122 0.025041577370277349 -9.5674531930779931 1511.6138724473519 16.916666666666668 57.746001193152445 -0.16666666666666666 1571.5679917409561 0.022853844306059638 0.91666666666666685 1449.0291701940314 11.775000000000002 1613.9186432600857 1429.8439580407237 165.53351830387876 1511.6138724473519 0.29063937767529907 8.0833333333333339 0.032752510415573595 0.0348017734937991 -0.36666666666666664 -0.36666666666666664 9.0833333333333339 -1.9166666666666663
decision_type=2 2 2 2 2 2 2 2 2 2 2 2 2 2 2 2 2 2 2 2 2 2 2 2 2 2 2 2 2 2
left_child=10 -2 3 4 11 -6 7 8 -7 -5 23 21 -13 14 -14 16 -16 18 -15 -9 -19 -3 -23 -1 27 -26 -27 28 -25 -30
right_child=1 2 -4 9 5 6 -8 19 -10 -11 -12 12 13 17 15 -17 -18 20 -20 -21 -22 22 -24 24 25 26 -28 -29 29 -31
leaf_value=-0.0029922204346543055 0.001240782232098218 -0.0029034347940805789 0.00025228673467290341 0.011857919120031698 0.0077292518338744126 9.5299298855029723e-05 -0.0044867497626874522 0.0073448732179802398 0.011793258357238974 -0.00075239755670534168 -0.0069780726714083266 0.00085852247718325322 -0.011511968138526674 0.0090141081403881836 0.0081715146422543412 -0.0041065091705720889 -0.0049191782375358328 -0.0077359343745622509 -0.0029470718528712232 -0.0016234682310886091 0.0017916591856173333 -0.0025737378575286861 -0.012893707878811516 0.0072678068998184462 -0.0034168491901658865 0.0093060802540948801 -0.0012525443761939486 -0.0004781745795621815 0.0045197902645454377 -0.0039025254752681595
leaf_weight=1131.0992420911789 17549.059325695038 844.5119423866272 16914.140031576157 58.892297506332397 141.7866268157959 60.119346380233765 356.67601990699768 58.535666704177856 104.50267481803894 67.016452312469482 137.13088965415955 779.80853533744812 73.222302913665771 111.88584899902344 76.755273580551147 754.21588325500488 72.59784460067749 83.095261335372925 73.476120948791504 456.23075866699219 103.35723686218262 64.927408933639526 87.936832904815674 123.57469797134399 1374.3550522327423 47.676315426826477 932.8556193113327 8086.5905169248581 80.197841763496399 1122.9891506433487
leaf_count=539 4281 318 5912 20 50 21 121 21 34 23 55 273 26 38 27 266 26 29 25 163 34 21 34 51 623 21 448 3581 34 477
internal_value=7.60351e-05 0.000532149 -5.05287e-05 -0.00120662 -0.00139501 0.000376518 -0.000636195 0.00138895 0.00754758 0.00519289 -0.00128466 -0.00206246 -0.00125742 -0.00248066 -0.00376605 -0.00312631 0.00181797 0.000897218 0.00428241 -0.000591387 -0.00247307 -0.00377743 -0.00855563 -0.0012236 -0.00105337 -0.00229896 -0.000730195 -0.000741559 -0.00234531 -0.00333785
internal_weight=51929.2 38892.7 21343.7 4429.55 4303.64 1177.85 1036.06 679.388 164.622 125.909 13036.5 3125.79 2128.41 1348.61 976.791 903.569 149.353 371.814 185.362 514.766 186.452 997.376 152.864 12899.3 11768.2 2354.89 980.532 9413.35 1326.76 1203.19
internal_count=17592 11763 7482 1570 1527 410 360 239 55 43 5829 1117 744 471 345 319 53 126 63 184 63 373 55 5774 5235 1092 469 4143 562 511
is_linear=0
shrinkage=0.04


Tree=95
num_leaves=31
num_cat=0
split_feature=3 1 22 5 16 18 10 5 10 8 14 10 20 8 5 12 9 18 8 10 8 20 5 20 10 9 14 14 15 9
split_gain=19.365 9.62634 4.49269 3.20462 3.06701 5.23505 4.8786 4.9444 3.08608 2.97799 2.74334 2.608 3.32104 3.53942 2.94334 2.65117 3.87083 2.55412 3.80558 2.55711 2.55334 2.53503 2.49349 4.13771 2.36492 2.90819 3.42048 2.67388 3.80254 5.17835
threshold=-0.60953358376194744 0.25893848858885388 4.5000000000000009 0.037405498900742525 1.4500000000000002 10.083333333333334 78.436369518976122 0.025041577370277349 -9.5674531930779931 1511.6138724473519 16.916666666666668 57.746001193152445 -0.16666666666666666 1571.5679917409561 0.022853844306059638 0.91666666666666685 1449.0291701940314 11.775000000000002 1613.9186432600857 165.53351830387876 1445.8111354726759 0.63333333333333353 0.022788593439458608 -0.54999999999999982 233.56550101821747 1345.4904933343121 9.6333333333333346 14.633333333333335 4.291666666666667 1494.7088621231571
decision_type=2 2 2 2 2 2 2 2 2 2 2 2 2 2 2 2 2 2 2 2 2 2 2 2 2 2 2 2 2 2
left_child=10 -2 3 4 11 -6 7 8 -7 -5 -1 21 -13 14 -14 16 -16 18 -15 -19 -9 22 23 -3 25 26 -4 28 29 -27
right_child=1 2 24 9 5 6 -8 20 -10 -11 -12 12 13 17 15 -17 -18 19 -20 -21 -22 -23 -24 -25 -26 27 -28 -29 -30 -31
leaf_value=-0.0012007955426862336 0.0012146142438962833 -0.005399584753501413 -0.0034277268721555096 0.011490162633892926 0.0075182798520952478 9.3428489290652551e-05 -0.0044177976969715493 0.0049729708152310348 0.011425592995884928 -0.00073822463301030498 -0.0068885010935533231 0.00084076263428922899 -0.011416588794114828 0.0087572480015044585 0.0079462710775569084 -0.0040417564470470032 -0.0048464899628833285 -0.0076428817911865943 -0.0028978168797473246 0.0017532661511669295 -0.0020036890864974801 -0.010431416687279611 -0.0038738401135743846 0.010080779320909132 -0.0024394231376104292 -0.00018193363791492188 0.0077545733763731105 0.0015690999910589864 -0.00086476902451288612 0.0017775896150856708
leaf_weight=12883.573927879333 17570.847402572632 52.918191909790039 58.618044853210449 59.594794511795044 142.88677668571472 60.125076293945312 355.0792875289917 104.48490166664124 105.74239706993103 66.966047763824463 136.17731165885925 780.47830414772034 72.384203433990479 112.89895915985107 77.385050058364868 751.12504124641418 72.241599798202515 82.454921960830688 73.259900093078613 103.54258418083191 409.97296905517578 81.682760715484619 803.2656397819519 55.767718076705933 507.48651313781738 5922.3285412788391 166.2773494720459 2183.5252242088318 4686.6960070133209 3393.4761135578156
leaf_count=5774 4281 20 20 20 50 21 121 38 34 23 55 273 26 38 27 266 26 29 25 34 146 29 303 21 166 2115 54 720 1609 1228
internal_value=7.44823e-05 0.000521267 -4.95767e-05 -0.0011843 -0.00136946 0.000368961 -0.000623954 0.00135973 0.00734299 0.0050648 -0.00126081 -0.00202603 -0.00123429 -0.00243788 -0.00370564 -0.00307402 0.0017786 0.000878197 0.0041796 -0.00243076 -0.000579851 -0.00371691 -0.00310473 0.00256302 0.000247213 0.000330437 0.00483768 0.000267517 6.44523e-05 0.000531978
internal_weight=51933.3 38913.5 21342.7 4424.26 4297.7 1178.29 1035.4 680.325 165.867 126.561 13019.8 3119.4 2125.77 1345.29 973.136 900.752 149.627 372.156 186.159 185.998 514.458 993.634 911.952 108.686 16918.4 16410.9 224.895 16186 14002.5 9315.8
internal_count=17592 11763 7482 1570 1527 410 360 239 55 43 5829 1117 744 471 345 319 53 126 63 63 184 373 344 41 5912 5746 74 5672 4952 3343
is_linear=0
shrinkage=0.04


Tree=96
num_leaves=31
num_cat=0
split_feature=0 6 17 6 22 17 18 20 19 5 12 9 5 8 23 0 10 5 9 9 5 10 18 9 5 22 18 19 9 0
split_gain=14.7757 7.20135 4.37085 3.54645 3.53768 3.44296 4.13836 3.83278 3.42153 3.40107 2.98256 3.21695 3.10675 2.88959 2.85699 2.76095 3.01947 4.0795 3.74743 3.7464 3.52062 3.002 2.73629 4.45761 2.70548 2.57793 2.54355 2.5495 4.45308 2.57844
threshold=0.40060894580793688 0.61968345833579408 0.55000000000000016 0.40174068550707603 15.500000000000002 1.4500000000000002 12.91666666666667 0.29166666666666657 7.7500000000000009 0.033431429399854447 0.55000000000000016 1488.963392781762 0.022342218595500233 1323.2408259068591 6.5000000000000009 0.10658160070972415 -196.24600930734127 0.027484177623950504 1646.825269116182 1624.4186094529907 0.032634487825662813 -232.44053442340564 8.1833333333333353 1439.1433680281264 0.027583520873166293 6.5000000000000009 17.916666666666668 3.6333333333333337 1339.5455837403247 0.75087653031569757
decision_type=2 2 2 2 2 2 2 2 2 2 2 2 2 2 2 2 2 2 2 2 2 2 2 2 2 2 2 2 2 2
left_child=2 3 4 5 8 6 10 9 15 -8 11 14 -12 -5 -2 25 17 -17 19 24 -21 -19 23 -7 -18 -1 27 29 -29 -3
right_child=1 26 -4 13 -6 22 7 -9 -10 -11 12 -13 -14 -15 -16 16 18 21 -20 20 -22 -23 -24 -25 -26 -27 -28 28 -30 -31
leaf_value=-0.0014664079163247111 0.014201385182957278 -0.001549292144400942 -0.00067648698616175763 0.0088463769220366861 -0.0099818966514850695 0.0069670684529090287 0.0048992560518314934 0.0086866763818051126 0.0055017247864342913 -0.0054909584495357842 -0.0099939426165081488 -0.0026596538367225581 -0.00095150468141885997 0.00038658230821790026 0.0027999205944497403 -0.0056586587720244405 -0.00020178862579005132 0.0015503534160470761 -0.005989270012101762 -0.0002193181226601871 0.013421453517268055 0.013090696776482119 -0.0034664694025914123 -0.0062293423860197055 -0.0042909605549606017 -0.014258796008905537 -0.0045096883420478167 0.0079061642006013639 0.0020602767546156055 0.001650640408887962
leaf_weight=43.565049767494202 54.772044897079468 609.45048308372498 16454.990765929222 63.78150749206543 98.161248326301575 107.08093523979187 112.87558913230896 152.40980076789856 86.516319036483765 89.441301584243774 61.80615234375 86.182311296463013 1914.188276052475 23446.900912284851 96.949558258056641 73.613292098045349 469.96128058433533 100.79729545116425 438.65697658061981 83.496816992759705 46.46491813659668 55.437981724739075 1024.7926526069641 65.001085996627808 575.65059149265289 59.639909148216248 101.89773535728455 218.65993881225586 4161.6144170761108 1184.2654595375061
leaf_count=25 20 139 6981 20 45 37 42 55 39 33 23 32 697 6992 35 38 202 52 197 36 21 28 372 24 260 34 23 44 895 224
internal_value=7.30926e-06 0.00050849 -0.000897371 0.000227368 -0.00260109 -0.000912166 -8.62607e-05 0.00391851 -0.00224013 0.000301481 -0.000729413 0.00349269 -0.00123925 0.000409908 0.00698193 -0.00258674 -0.00222739 0.00205513 -0.00283806 -0.00165812 0.00472288 0.0057025 -0.0026831 0.00197516 -0.00245499 -0.00892474 0.00173007 0.00183377 0.00235384 0.000563143
internal_weight=52139 33552.1 18587 27276.2 2131.96 3765.5 2568.63 354.727 2033.8 202.317 2213.9 237.904 1975.99 23510.7 151.722 1947.28 1844.08 229.849 1614.23 1175.57 129.962 156.235 1196.87 172.082 1045.61 103.205 6275.89 6173.99 4380.27 1793.72
internal_count=17665 9707 7958 8382 977 1370 937 130 932 75 807 87 720 7012 55 893 834 118 716 519 57 80 433 61 462 59 1325 1302 939 363
is_linear=0
shrinkage=0.04


Tree=97
num_leaves=31
num_cat=0
split_feature=0 6 17 14 22 6 17 21 10 5 9 5 16 1 14 21 5 21 6 0 14 14 6 5 5 5 13 5 5 9
split_gain=14.2007 6.90076 4.21818 3.45168 3.45115 3.40846 3.32011 3.178 2.94992 4.63559 3.97685 3.84464 3.63063 3.52301 3.08901 2.82064 2.73762 2.69217 3.03521 5.24904 3.58082 4.17424 3.26488 2.96018 3.38394 2.68457 3.15668 4.09385 2.86388 2.69959
threshold=0.40060894580793688 0.61968345833579408 0.55000000000000016 10.450000000000001 15.500000000000002 0.40174068550707603 1.4500000000000002 -0.22500000000000006 50.008951130005592 0.034309992315585965 1514.552482345375 0.027370414018237036 0.81666666666666676 0.30315414737372481 9.2916666666666696 -0.33333333333333331 0.028898256765581557 2.9166666666666674 0.63329433540546221 0.11569507422138935 14.91666666666667 15.550000000000002 0.63971428248255291 0.033535563492899663 0.037654848736085385 0.020821241394830218 1.7083333333333337 0.03382649507346381 0.021870943779044753 1535.1392878038828
decision_type=2 2 2 2 2 2 2 2 2 2 2 2 2 2 2 2 2 2 2 2 2 2 2 2 2 2 2 2 2 2
left_child=2 5 4 -3 -1 6 8 -8 9 12 15 -12 -2 -13 -14 16 -10 18 19 -4 22 -22 -20 -24 -25 -21 28 -28 29 -27
right_child=1 3 17 -5 -6 -7 7 -9 10 -11 11 13 14 -15 -16 -17 -18 -19 20 25 21 -23 23 24 -26 26 27 -29 -30 -31
leaf_value=-0.0022008175784362471 -0.010344086488121816 0.0072074846987429378 -0.0070811469709370972 0.0015331423943403782 -0.0098837760126350652 0.00040160544600069756 -0.0019425577607120699 -0.0087860850136883516 -0.0014224244644015418 0.0036798039322386055 0.013449095904650495 0.0082720106571652161 0.0056933107169360583 -0.00078293199028785481 -0.0035907541870308182 -0.0014963274234238856 0.0043971323660541989 -0.009445923009855986 0.0058006698215254341 0.0032919940855680543 0.014948345457238934 0.0016389179860386398 -0.0024119923649007185 0.00828346306757562 -0.0021622041111490128 -0.00052575338388619931 -0.0012875865254971983 -0.0056945398373730808 -0.00019476311419236553 -0.005239305802601053
leaf_weight=2029.271560549736 110.33807778358459 175.56834363937378 207.0901437997818 6111.1926469802856 97.186287403106689 23520.315043210983 1073.7179253101349 119.95547723770142 210.47801089286804 168.04501938819885 63.236033916473389 109.1765353679657 65.51335620880127 182.4263801574707 418.09953689575195 908.22776794433594 332.8698103427887 54.662492752075195 149.39943420886993 265.88641774654388 62.76763391494751 92.936954975128174 479.18233072757721 104.86835598945618 92.77119243144989 419.93324446678162 4009.5815457105637 367.40358865261078 9775.9736468791962 361.40596783161163
leaf_count=932 42 40 119 1285 45 7012 388 45 77 62 23 36 25 68 158 328 118 27 59 107 21 32 194 48 46 171 1681 165 4167 144
internal_value=7.13465e-06 0.000498119 -0.000880386 0.00169273 -0.00255644 0.00022279 -0.000894964 -0.00263706 -8.46096e-05 -0.00217018 0.000795857 0.00458547 -0.00382871 0.00262394 -0.00232392 -0.000133036 0.00214432 -0.000663504 -0.000633637 -0.000771082 0.00152158 0.00706537 0.000469555 -0.00071404 0.00339411 -0.000684652 -0.000755667 -0.00165872 -0.000381146 -0.0027099
internal_weight=52139.5 33569.2 18570.3 6286.76 2126.46 27282.4 3762.08 1193.67 2568.41 761.996 1806.41 354.839 593.951 291.603 483.613 1451.58 543.348 16443.9 16389.2 15407.3 981.926 155.705 826.221 676.822 197.64 15200.2 14934.3 4376.99 10557.3 781.339
internal_count=17665 9707 7958 1325 977 8382 1370 433 937 287 650 127 225 104 183 523 195 6981 6954 6554 400 53 347 288 94 6435 6328 1846 4482 315
is_linear=0
shrinkage=0.04


Tree=98
num_leaves=31
num_cat=0
split_feature=0 6 10 6 0 14 6 12 15 5 5 19 8 1 19 14 16 18 14 8 5 8 19 5 12 14 12 6 14 14
split_gain=13.6482 6.61345 3.70667 3.28288 4.40624 3.28204 3.27593 2.76165 2.97639 2.95497 3.44134 3.06657 2.74999 2.68357 2.65399 4.78793 3.16023 2.82665 2.58245 2.5168 4.54043 3.54124 3.43368 2.75886 2.9401 3.60345 2.5006 2.49847 2.49186 2.46391
threshold=0.40060894580793688 0.61968345833579408 -380.38850570219296 0.63329433540546221 0.11569507422138935 10.450000000000001 0.40174068550707603 1.8166666666666669 4.5500000000000007 0.034228630094479413 0.037654848736085385 7.5833333333333348 1323.2408259068591 0.16075461430144269 3.7750000000000004 12.550000000000002 1.2916666666666667 17.916666666666668 14.91666666666667 1565.0672168593421 0.025962628813950509 1581.8252682028399 3.4500000000000006 0.038423946153685613 0.55000000000000016 9.2916666666666696 1.0833333333333337 0.64396786056923583 8.6333333333333346 14.633333333333335
decision_type=2 2 2 2 2 2 2 2 2 2 2 2 2 2 2 2 2 2 2 2 2 2 2 2 2 2 2 2 2 2
left_child=2 6 -1 4 26 -3 19 9 -9 11 13 18 -8 -11 15 -7 -17 -16 28 23 -21 22 -22 24 25 -2 -4 -10 -5 -14
right_child=1 5 3 7 -6 14 12 8 27 10 -12 -13 29 -15 17 16 -18 -19 -20 20 21 -23 -24 -25 -26 -27 -28 -29 -30 -31
leaf_value=-0.007908056427012259 0.0077242155350570113 0.0070141662832860427 -0.008960147922005661 -0.01025232870017307 -0.00087054136267801757 -0.0052108920283784098 0.0085861362596615434 0.011040323970037862 0.009511935468345948 0.0023549121940608219 -0.0012477606668234694 -0.0076657639307986351 0.00013956205023754042 0.016067657161086223 0.0022639044130978035 0.0018814677900473007 -0.0021125447546797445 -0.0044643653950705818 0.0079875043119155224 0.0096845033621018109 0.0096740989218426447 -0.0017210946295372349 -0.0013012632287087869 0.0051982012504316775 -0.0021412141279999308 -0.00073277663384713177 -0.00097205534750344756 0.0002323094101477766 -8.9175465033691242e-05 0.0010977018385215217
leaf_weight=117.76379489898682 108.46441125869751 176.8383207321167 169.57858884334564 42.685335636138916 17099.093351483345 221.47800350189209 64.37409234046936 78.59760582447052 58.228691577911377 43.10158908367157 90.313667297363281 105.56672346591949 17807.344895362854 48.535497903823853 3955.1897649765015 1436.5735116004944 405.73299360275269 101.59488415718079 54.28950572013855 87.664915084838867 101.23824882507324 489.5582423210144 81.957172870635986 97.152634859085083 2487.3969440460205 305.30782771110535 99.567864537239075 214.95957159996033 331.74930202960968 5658.0438466072083
leaf_count=66 40 40 99 20 7298 51 20 28 19 23 44 47 5442 21 845 282 84 23 18 30 36 170 29 33 920 112 57 79 139 1550
internal_value=6.95895e-06 0.000487964 -0.000863721 -0.000818298 -0.000950675 0.00165629 0.000218297 0.0013333 0.00423014 -9.34169e-05 0.00429535 -0.00159323 0.000393469 0.0097129 0.00150037 0.000332334 0.00100119 0.00209435 -8.35986e-05 -0.000878095 0.00117608 5.46441e-05 0.00478358 -0.00139928 -0.00162193 0.00149738 -0.00601958 0.00223769 -0.00127199 0.000370628
internal_weight=52139.9 33585.9 18554 18436.3 17368.2 6297.41 27288.5 1068.03 351.786 716.242 181.951 534.291 23529.8 91.6371 6120.57 2063.78 1842.31 4056.78 428.724 3758.74 760.419 672.754 183.195 2998.32 2901.17 413.772 269.146 273.188 374.435 23465.4
internal_count=17665 9707 7958 7892 7454 1325 8382 438 126 312 88 224 7012 44 1285 417 366 868 177 1370 265 235 65 1105 1072 152 156 98 159 6992
is_linear=0
shrinkage=0.04


Tree=99
num_leaves=31
num_cat=0
split_feature=0 6 0 6 12 10 0 14 1 9 23 21 16 9 16 14 9 21 14 9 8 5 10 5 4 14 23 4 14 18
split_gain=15.6103 6.00303 5.2835 4.87879 3.05016 3.83262 2.99338 2.89851 3.30327 2.84871 2.74403 3.17031 2.59666 4.58124 2.49953 2.93359 2.47672 4.60373 3.15236 3.15166 2.61309 3.06117 4.3924 3.95044 2.52545 4.24585 2.57584 4.78367 2.52015 2.46772
threshold=0.45620488027595268 0.50386600506167689 0.18146632070201171 0.4034870592322391 1.8166666666666669 -161.07711219043924 0.28285973158361316 13.816666666666668 0.19323835300909467 1663.2475352810434 18.500000000000004 -0.91666666666666641 1.6333333333333335 1629.1560165392739 2.2916666666666674 8.2916666666666696 1482.4336796485488 -0.4499999999999999 7.5500000000000007 1646.825269116182 1454.3593842482007 0.033091238038663547 77.272550139316778 0.035029908145064244 -0.60956133606559482 9.8166666666666682 4.5000000000000009 -1.0736649887502561 12.91666666666667 16.450000000000003
decision_type=2 2 2 2 2 2 2 2 2 2 2 2 2 2 2 2 2 2 2 2 2 2 2 2 2 2 2 2 2 2
left_child=2 10 4 6 5 7 -4 12 -9 -6 -2 -12 -1 -14 15 -15 17 18 -8 20 -18 22 -22 28 26 -26 27 -19 -23 -11
right_child=1 -3 3 -5 9 -7 16 8 -10 29 11 -13 13 14 -16 -17 19 24 -20 -21 21 23 -24 -25 25 -27 -28 -29 -30 -31
leaf_value=-0.0054367932241899267 -3.1123392000136475e-06 0.001124980663345532 -0.0040842715613540028 -0.00024793823287925512 0.010060460853144815 -0.0060105376829381295 0.0066096038388535963 -0.013711181258651742 -0.00075293821418492986 -0.0086141891164393542 -0.010341131487244637 -0.0013292671006767953 0.010509169606896565 -0.0077407185911573398 -0.0031081713564632268 0.0025331372360097183 0.001634984575309968 0.0088903104389954201 -0.0010598927071985922 -0.0065870778796987455 -0.0028359784302591233 0.0021762014953432764 0.0025661081739805753 -0.0046337060916215823 0.0090444736512427879 -0.0067781316979837894 -0.0059055359510858038 -0.0040849707699851922 0.010542846878089365 0.0030252269955099416
leaf_weight=202.78048539161682 9661.4857277870178 16159.354265451431 672.03180181980133 18197.890579938889 51.796087026596069 546.16899871826172 93.430624008178711 67.245717406272888 58.646004199981689 43.435371875762939 85.099480152130127 228.83867955207825 56.284014701843262 50.132481813430786 477.64805638790131 341.01087319850922 840.91689538955688 56.726905107498169 931.79683470726013 130.04998517036438 1310.9923822879791 297.54713082313538 294.14065885543823 115.86787557601929 57.802757740020752 49.427916288375854 739.79059457778931 213.20768785476685 70.691273212432861 83.752239108085632
leaf_count=112 3113 3895 343 7020 22 282 38 36 30 20 27 74 29 28 256 182 357 22 379 57 557 123 119 47 26 22 306 90 28 38
internal_value=-4.19997e-05 0.000648694 -0.000734907 -0.000571515 -0.0027212 -0.00321641 -0.00157368 -0.00199539 -0.00772816 0.00224894 -0.000122885 -0.0037972 -0.00134921 -0.000448294 -0.00116943 0.00119997 -0.00124865 -0.00229148 -0.0003552 -0.000518141 -0.000246626 -0.00100439 -0.00184506 0.00178105 -0.00406685 0.00175581 -0.00468633 -0.00133546 0.00380656 -0.000985898
internal_weight=52186 26134.8 26051.2 24072.3 1978.9 1799.92 5874.42 1253.75 125.892 178.984 9975.42 313.938 1127.86 925.075 868.791 391.143 5202.39 2142.18 1025.23 3060.21 2930.16 2089.24 1605.13 484.106 1116.96 107.231 1009.73 269.935 368.238 127.188
internal_count=17678 7109 10569 9534 1035 955 2514 673 66 80 3214 101 607 495 466 210 2171 883 417 1288 1231 874 676 198 466 48 418 112 151 58
is_linear=0
shrinkage=0.04


Tree=100
num_leaves=31
num_cat=0
split_feature=3 0 1 19 20 10 1 11 19 9 10 1 18 8 1 15 21 2 10 10 23 12 9 15 14 2 15 9 9 8
split_gain=15.0622 7.04736 3.12081 3.15368 2.69028 3.3403 4.25508 3.57897 3.40097 3.91636 2.93629 2.93014 4.08237 3.44752 3.14494 2.60426 4.48343 2.77357 3.97099 4.11241 3.56188 3.54946 5.61177 3.47285 3.31905 3.29565 3.48504 2.90172 2.82361 4.20252
threshold=0.22893141448242041 0.30593642320676223 0.26464569806277477 7.7500000000000009 1.5500000000000005 236.97867608161428 0.25202951915558108 0.71189789367992184 5.0833333333333348 1642.9562118743386 142.17711177607399 0.25202951915558108 12.29166666666667 1481.4089706419643 0.24391958890504764 5.0833333333333348 -1.8166666666666664 0.13104466365609393 122.63457091676061 341.35250022792178 6.5000000000000009 1.0833333333333337 1379.5011770159313 3.4500000000000006 12.816666666666668 0.14869522251266815 2.9166666666666674 1379.5011770159313 1386.9582024886747 1451.0150277934376
decision_type=2 2 2 2 2 2 2 2 2 2 2 2 2 2 2 2 2 2 2 2 2 2 2 2 2 2 2 2 2 2
left_child=1 -1 3 4 5 7 -7 8 11 -10 -6 12 -3 -14 -15 17 -17 18 -2 20 23 -22 -23 -20 -24 26 -19 -21 -27 -30
right_child=15 2 -4 -5 10 6 -8 -9 9 -11 -12 -13 13 14 -16 16 -18 25 19 27 21 22 24 -25 -26 28 -28 -29 29 -31
leaf_value=-0.0014886946092903255 -0.0046647396383004301 -0.0020669573948236147 -0.00037631380329869284 0.0081608817904064938 0.00052232057603108031 0.013248037861678314 0.00038451235014671636 -0.0017624418175820368 -0.001550612444335911 0.0039315086903511142 -0.0090862932638483048 0.0029413489806565112 -0.0046174717518151663 0.0014056481837749488 0.009717703210732313 0.0063432262184116373 0.0013218046227955955 -0.0093739104097850003 0.0078668173021119153 0.0020048067989112562 -0.00077877544402715575 0.013089970628605712 0.00094109235107391726 -7.9466435971029481e-07 0.006841957026337238 -0.0019570123262177891 -0.0013170647092634682 -0.0030790104507423016 0.0061367574940036987 0.00056381392293096291
leaf_weight=8509.5995721817017 155.58363795280457 546.29234194755554 23106.589192152023 88.203439235687256 109.85514760017395 75.706499099731445 88.879010677337646 864.13944792747498 1116.2438805103302 255.35148978233337 93.632287263870239 1653.9115850925446 68.517745494842529 156.02919483184814 136.24510884284973 294.33980345726013 7814.8210513591766 92.413723945617676 102.13161754608154 345.61548900604248 157.23531103134155 137.98006892204285 278.74054455757141 692.75868535041809 336.7546808719635 616.64863514900208 1076.2937109470367 371.95719814300537 235.14705157279968 2606.2978892326355
leaf_count=4016 39 151 8487 23 31 21 26 250 324 73 27 486 20 42 38 63 1729 27 25 76 38 31 68 164 77 170 290 84 63 719
internal_value=-4.12114e-05 -0.000479196 -0.000176243 0.000703721 0.000574814 0.000759994 0.00634579 0.000567051 0.00107925 -0.000527879 -0.00392178 0.00193985 0.000112554 0.00340925 0.00530028 0.00101317 0.00150483 0.000459724 0.00151064 0.0019089 0.00297723 0.0046837 0.00582313 0.00101869 0.00417548 -0.000126206 -0.00196162 -0.000631032 0.000494483 0.00102701
internal_weight=52183.9 36869.2 28359.6 5253.01 5164.8 4961.32 164.586 4796.73 3932.59 1371.6 203.487 2561 907.084 360.792 292.274 15314.7 8109.16 7205.56 2578.76 2423.17 1705.6 910.711 753.475 794.89 615.495 4626.8 1168.71 717.573 3458.09 2841.44
internal_count=17678 14015 9999 1512 1489 1431 47 1384 1134 397 58 737 251 100 80 3663 1792 1871 602 563 403 214 176 189 145 1269 317 160 952 782
is_linear=0
shrinkage=0.04


Tree=101
num_leaves=31
num_cat=0
split_feature=0 6 0 6 12 11 9 14 23 21 6 13 13 11 21 8 8 8 6 5 15 15 5 9 21 5 15 9 2 10
split_gain=14.465 5.56728 5.02285 4.73656 2.94586 4.03962 2.71214 2.67539 2.63567 3.09282 2.60823 2.56129 2.4415 2.84748 2.60758 2.98922 4.31075 4.1601 3.12166 3.31375 4.36807 2.90657 5.02621 3.04536 4.09952 4.03753 2.83897 4.23127 2.77866 4.02417
threshold=0.45620488027595268 0.50386600506167689 0.18146632070201171 0.42802984408379302 1.8166666666666669 0.28239338422441856 1663.2475352810434 13.816666666666668 18.500000000000004 -0.91666666666666641 0.61968345833579408 0.81666666666666676 1.7083333333333337 0.54668181328840115 -0.66666666666666663 1433.5046719315058 1448.9371057716792 1429.8439580407237 0.4858973431777987 0.028024246076158724 3.8166666666666669 3.4500000000000006 0.034009278819931661 1617.0493976899149 0.29166666666666657 0.027117489446927271 2.9166666666666674 1655.3408435500317 0.29049413936062657 -25.045474430917576
decision_type=2 2 2 2 2 2 2 2 2 2 2 2 2 2 2 2 2 2 2 2 2 2 2 2 2 2 2 2 2 2
left_child=2 8 4 -4 5 7 -6 11 -2 -10 -9 -1 13 14 -5 17 18 21 19 -17 -21 -16 23 24 25 -23 27 -18 29 -28
right_child=1 -3 3 12 6 -7 -8 10 9 -11 -12 -13 -14 -15 15 16 26 -19 -20 20 -22 22 -24 -25 -26 -27 28 -29 -30 -31
leaf_value=-0.011256772370659161 -2.6599613372968014e-06 0.0010814994804529935 -0.0012981398278796793 -0.0035211927647169779 0.0098098537494150529 -0.0059858408388812371 -0.00094045710673280587 -0.0029722898682692828 -0.01023596898478223 -0.0012972973624669341 -0.01504994739013113 -0.00088306428645299698 -0.00086732470369100254 0.00098421525544585119 0.0031508063383460338 -0.0052008283716509542 0.0011310474317524615 0.009134196706989145 -0.007162251013157212 -0.003929322953038065 0.011956729863825439 0.00075628566016627265 0.011858803309368582 -0.0079156440121307299 0.0032134119455445964 -0.0092816505077000493 -0.0058415856202944138 0.012530449871349615 -0.00086258082055371444 0.0051099674754599787
leaf_weight=38.488512277603149 9661.2656362056732 16192.902815341949 8648.4752490520477 386.94384479522705 52.241979360580444 550.95993793010712 126.87978446483612 78.323527097702026 84.158997774124146 228.44291090965271 44.67674720287323 1079.0573085546494 4883.1564737558365 4443.6239149570465 507.37543916702271 125.84417879581451 266.68316578865051 105.90065586566925 258.80801117420197 52.963762879371643 56.192184090614319 133.81591403484344 45.020222425460815 107.79550075531006 240.79511892795563 121.83998346328735 66.028600931167603 63.822879552841187 3258.8501780033112 270.48361682891846
leaf_count=22 3113 3895 3658 151 22 287 58 42 27 74 23 581 1883 1571 215 53 112 43 104 24 24 54 19 49 96 49 23 28 1286 92
internal_value=-4.04144e-05 0.000623617 -0.000708316 -0.000549136 -0.00264928 -0.0031383 0.00223199 -0.00186983 -0.000119805 -0.00372874 -0.00744519 -0.00125008 -0.000128335 0.000214973 -0.000348309 -0.000131662 -0.000622044 0.00158411 -0.00414042 -0.000796204 0.00428293 0.000885541 -0.000886794 -0.00185445 -0.000525099 -0.0040451 -0.00017855 0.0033635 -0.000505001 0.00295017
internal_weight=52181.8 26166.8 26015 24044.4 1970.63 1791.51 179.122 1240.55 9973.87 312.602 123 1117.55 15395.9 10512.8 6069.16 5682.22 4419.68 1262.54 493.808 235 109.156 1156.64 649.267 604.247 496.451 255.656 3925.87 330.506 3595.36 336.512
internal_count=17678 7109 10569 9534 1035 955 80 668 3214 101 65 603 5876 3993 2422 2271 1746 525 205 101 48 482 267 248 199 103 1541 140 1401 115
is_linear=0
shrinkage=0.04


Tree=102
num_leaves=31
num_cat=0
split_feature=0 0 5 17 19 23 4 4 10 5 9 21 0 17 1 3 6 23 13 20 22 14 9 19 5 13 5 10 13 10
split_gain=13.0494 3.85779 3.88811 3.38235 3.65831 4.92128 3.30912 3.60559 3.20956 3.77581 2.89532 5.17618 3.13952 2.91703 2.79773 2.92471 2.93501 2.79397 4.25909 3.2281 4.49678 3.01513 4.26665 4.95216 4.40837 4.15442 4.10194 3.72559 4.51765 3.66558
threshold=0.49281796658898136 0.35216560111520917 0.021670452496956098 0.55000000000000016 7.7500000000000009 12.500000000000002 -1.891753518579943 -1.9441917028755407 135.55742482486713 0.029759214625957656 1345.4904933343121 -0.54999999999999982 0.49075908043554756 1.9166666666666667 0.30358824453592231 -0.0084921791554738238 0.50514142215173152 72.500000000000014 1.6333333333333335 1.791666666666667 5.5000000000000009 15.91666666666667 1503.3906771334118 4.4500000000000011 0.022727515212132902 1.6333333333333335 0.022456584715469189 186.75344586122506 1.0833333333333337 113.77988704864164
decision_type=2 2 2 2 2 2 2 2 2 2 2 2 2 2 2 2 2 2 2 2 2 2 2 2 2 2 2 2 2 2
left_child=1 3 -3 4 5 -1 7 -2 -9 -10 11 13 -12 -4 15 16 -8 19 -19 21 -21 22 24 25 26 -24 -17 -25 -29 -23
right_child=6 2 10 -5 -6 -7 14 8 9 -11 12 -13 -14 -15 -16 17 -18 18 -20 20 -22 29 23 27 -26 -27 -28 28 -30 -31
leaf_value=-0.0024139358037710708 0.0010964316420127302 0.0023064669378245919 0.012346158853330121 -0.00088385870320526264 0.0048792777435208963 -0.0091079190975597753 0.0056055179492545048 -0.0028416844305084467 0.0093714218896025891 0.0024420374450107776 -0.00036072514714524185 -0.0061895598312922354 -0.0053687404556299516 0.0021213085500522387 -0.0042999563679768848 0.001588872852193957 -0.00045052105008284055 0.0084342469755773909 -0.0031730531823157709 -0.0096877120462505444 -0.00085830546926796668 -0.0014469681229940545 0.0021511246227438581 -0.001278218418216141 -0.00048914612745663312 0.0078906659196165459 0.012624083158635706 0.0082230315368138837 -0.0029638496928275845 0.003110228244891117
leaf_weight=1334.2757934331894 6958.0148038864136 923.67186450958252 91.514843463897705 11313.273753762245 91.951227784156799 201.67442953586578 331.16406869888306 84.764703035354614 226.80575394630432 283.22934746742249 16057.29306769371 58.958481073379517 201.82373189926147 87.236891508102417 205.88614797592163 188.25086116790771 208.13234329223633 153.7782940864563 74.484500408172607 118.88004660606384 402.04237961769104 373.65774536132812 1079.1891353130341 1056.8239719867706 8444.2161016464233 247.6071925163269 74.71723747253418 157.79060626029968 90.118537902832031 1149.0076999664307
leaf_count=641 1469 325 30 5046 42 98 110 21 54 69 5709 20 66 28 74 54 60 41 19 31 103 100 318 291 2441 67 22 43 23 291
internal_value=-6.93542e-05 -0.00060622 -0.000217579 -0.00112932 -0.00283361 -0.00329823 0.000674647 0.00135234 0.00433912 0.00553575 -0.000359034 0.00401434 -0.000423216 0.00739565 0.00031803 0.000385523 0.00327178 0.000270928 0.00464935 0.000195903 -0.00288797 0.000321024 9.65155e-05 0.00150762 -0.000330079 0.00322738 0.00476026 -0.000242355 0.00416087 0.00199169
internal_weight=52270.2 30361.7 17420.5 12941.2 1627.9 1535.95 21908.6 7552.81 594.8 510.035 16496.8 237.71 16259.1 178.752 14355.7 14149.9 539.296 13610.6 228.263 13382.3 520.922 12861.4 11338.7 2631.53 8707.18 1326.8 262.968 1304.73 247.909 1522.67
internal_count=17706 12005 6178 5827 781 739 5701 1613 144 123 5853 78 5775 58 4088 4014 170 3844 60 3784 134 3650 3259 742 2517 385 76 357 66 391
is_linear=0
shrinkage=0.04


Tree=103
num_leaves=31
num_cat=0
split_feature=0 0 17 19 23 2 2 10 8 0 8 9 2 18 10 6 17 14 18 9 14 6 18 15 12 10 1 13 1 17
split_gain=12.5361 3.71352 3.26584 3.51984 4.80019 3.17165 3.44022 3.06245 3.01112 4.29367 2.81925 2.75672 2.84988 6.39686 5.80326 2.87595 3.2766 3.55643 3.89631 3.25886 3.22959 3.1287 3.04718 2.9533 3.00165 2.76534 2.73179 3.89217 2.80769 2.87866
threshold=0.49281796658898136 0.35216560111520917 0.55000000000000016 7.7500000000000009 12.500000000000002 0.13104466365609393 0.12518807825740258 135.55742482486713 1426.5567082377036 0.29341725856341344 1486.6335808964188 1400.6894738418143 0.35215926959244825 14.083333333333334 77.272550139316778 0.62165522140658303 1.3666666666666669 14.633333333333335 12.29166666666667 1624.4186094529907 15.083333333333334 0.64209243402820981 11.775000000000002 6.916666666666667 0.18333333333333338 96.694448210869737 0.27045930689292069 1.8166666666666669 0.27808680946658854 2.3666666666666671
decision_type=2 2 2 2 2 2 2 2 2 2 2 2 2 2 2 2 2 2 2 2 2 2 2 2 2 2 2 2 2 2
left_child=1 2 3 4 8 6 -2 -8 9 -1 -10 25 15 14 -14 16 23 18 26 -20 21 -17 -19 24 -13 -3 27 -18 -28 -30
right_child=5 11 -4 -5 -6 -7 7 -9 10 -11 -12 12 13 -15 -16 20 17 22 19 -21 -22 -23 -24 -25 -26 -27 28 -29 29 -31
leaf_value=-0.0016347768367279709 0.0010734665053287904 0.0045952375707945378 -0.00086707754178625101 0.004760134721281695 -0.0090100015093278821 0.00031158087258901742 -0.0027938116812831425 0.0053959686704574475 -0.0059716974766465935 0.0090661763510241043 -0.0016736366509309418 0.0069389801048286501 0.0033279450077579632 -0.001630157892578864 0.016172496910371221 0.0084309112820216501 -0.0026600207023568427 0.0063735263176796109 -0.00061028540874611228 0.0089344605151592156 -0.0039749256090822558 0.00083018956585994262 -0.00011901973787972651 -0.0059076339375640705 -0.00010841304643157062 0.00046825683138184424 -0.0066222917302440109 0.0065614677912753227 -0.0029244163716521279 0.0028993352432524701
leaf_weight=243.6624950170517 6965.6479911804199 344.88431835174561 11303.278835773468 92.400980114936829 199.84593439102173 14360.336486577988 84.524169921875 512.86308741569519 415.06551396846771 78.498656749725342 593.83215749263763 96.747372150421143 353.43649768829346 410.32884621620178 66.151445865631104 165.10623073577881 186.16445660591125 153.73845863342285 1884.4009463787079 58.027394771575928 90.881842136383057 181.65855526924133 457.8575427532196 138.00073313713074 9016.4574246406555 1044.6526446342468 308.63115549087524 119.3359649181366 2196.2886633872986 143.96771264076233
leaf_count=129 1469 121 5046 42 98 4088 21 123 203 34 275 36 120 132 22 45 57 52 655 20 25 49 150 43 3282 361 104 35 818 51
internal_value=-6.80057e-05 -0.000594561 -0.00110818 -0.00278543 -0.00324367 0.000660773 0.00132367 0.00423447 -0.00237179 0.000992633 -0.00344604 -0.000213315 -0.00036152 0.00191959 0.00538663 -0.000486209 -0.000581031 -0.0013533 -0.00171249 -0.000320699 0.0027057 0.00446298 0.00152077 -0.000121107 -3.28436e-05 0.00149515 -0.00262714 0.000951774 -0.00304011 -0.00256507
internal_weight=52266.7 30343.3 12926.6 1623.31 1530.9 21923.4 7563.04 597.387 1331.06 322.161 1008.9 17416.7 16027.2 829.917 419.588 15197.3 14759.6 5508.41 4896.82 1942.43 437.647 346.765 611.596 9251.21 9113.2 1389.54 2954.39 305.5 2648.89 2340.26
internal_count=17706 12005 5827 781 739 5701 1613 144 641 163 478 6178 5696 274 142 5422 5303 1942 1740 675 119 94 202 3361 3318 482 1065 92 973 869
is_linear=0
shrinkage=0.04


Tree=104
num_leaves=31
num_cat=0
split_feature=0 0 17 19 23 1 16 9 10 14 0 9 10 10 13 6 17 22 14 18 10 20 21 10 18 20 19 14 6 0
split_gain=12.0434 3.57457 3.15329 3.38673 4.68107 3.10257 3.98896 2.77574 5.77698 2.752 2.70356 2.82092 3.22567 2.91709 3.93824 2.65837 2.93588 3.22278 3.1857 9.41483 4.23801 4.07664 3.1274 3.89448 3.09577 4.42215 2.8405 2.85529 5.56485 3.24538
threshold=0.49281796658898136 0.35216560111520917 0.55000000000000016 7.7500000000000009 12.500000000000002 0.30358824453592231 0.81666666666666676 1723.4942533255469 -196.24600930734127 14.083333333333334 0.49075908043554756 1400.6894738418143 96.694448210869737 64.236320499687068 1.9166666666666667 0.51542426645519435 1.0833333333333337 16.500000000000004 14.733333333333336 11.775000000000002 52.626110136238033 1.4500000000000004 -0.4499999999999999 54.046018797906193 12.29166666666667 0.18333333333333349 2.8166666666666669 15.366666666666669 0.52963937213952172 0.48679701479176923
decision_type=2 2 2 2 2 2 2 2 2 2 2 2 2 2 2 2 2 2 2 2 2 2 2 2 2 2 2 2 2 2
left_child=1 2 3 4 7 -2 -7 8 -1 -10 11 12 13 14 -3 16 17 22 21 20 -20 24 23 -13 25 -18 -17 29 -29 -28
right_child=5 10 -4 -5 -6 6 -8 -9 9 -11 -12 15 -14 -15 -16 26 18 -19 19 -21 -22 -23 -24 -25 -26 -27 27 28 -30 -31
leaf_value=0.0078576625325491763 0.00069350149001651642 0.0075311792218204976 -0.00085060056178521976 0.0046444478769975487 -0.0089122638687312138 0.0021190155258643635 -0.0090954316888564365 -0.006068298089034624 -0.0028704352065466354 0.0064246106298511243 -0.0047455599262758077 -0.0038588628842033813 0.00047092815098491014 0.0087385428847084039 -0.0045175700763093072 0.0070216040060804407 -0.0014047660051161254 0.0054336415865286801 0.014429474183220549 -0.0022864124843903419 0.0027264917559319739 0.0078749773312773858 -0.00025262066162441466 0.0090658220217211712 -0.00026007378553772665 -0.0044903334532830517 0.00068291155552318216 0.0073833160661119128 -0.0034652580420461297 0.009170833372260297
leaf_weight=96.39389431476593 21732.800658464432 82.953191995620728 11293.482261300087 92.841869711875916 198.05340993404388 89.065731525421143 116.00090146064758 255.60269248485565 922.90306329727173 53.011799693107605 206.69242644309998 52.726187467575073 1020.9098880290985 166.1166684627533 88.917738199234009 105.37387776374817 3343.7666137218475 178.46214008331299 101.05800080299377 327.83106064796448 97.267944097518921 74.702427387237549 4226.257401227951 122.74552965164185 2250.6503348350525 955.20816922187805 3286.1994216442108 86.344923973083496 566.12867164611816 72.701360702514648
leaf_count=50 5627 30 5046 42 98 32 42 132 436 23 68 21 353 57 31 31 1251 66 36 116 33 26 1587 46 832 354 1020 27 172 21
internal_value=-6.66784e-05 -0.000583124 -0.00108742 -0.002738 -0.0031899 0.000647212 -0.00423806 -0.00233037 -0.00143455 -0.00235947 -0.000209135 -0.000154368 0.00159399 0.00497485 0.00130766 -0.000304378 -0.000611272 0.00017938 -0.00111767 0.00187558 0.00873228 -0.00135567 -3.48329e-05 0.00518232 -0.00146214 -0.00209125 0.000570052 0.00039887 -0.00202051 0.000869302
internal_weight=52263.2 30325.3 12912.3 1618.81 1525.96 21937.9 205.067 1327.91 1072.31 975.915 17413 17206.3 1358.9 337.988 171.871 15847.4 11730.7 4580.19 7150.48 526.157 198.326 6624.33 4401.73 175.472 6549.63 4298.97 4116.75 4011.37 652.474 3358.9
internal_count=17706 12005 5827 781 739 5701 74 641 509 459 6178 6110 471 118 61 5639 4368 1720 2648 185 69 2463 1654 67 2437 1605 1271 1240 199 1041
is_linear=0
shrinkage=0.04


Tree=105
num_leaves=31
num_cat=0
split_feature=2 0 1 11 16 12 20 6 9 10 18 12 0 0 6 1 23 6 23 23 12 12 9 9 9 2 21 13 6 0
split_gain=11.8113 4.86125 3.92429 3.21148 3.32501 2.97508 2.91736 3.30718 2.93136 3.73927 3.31973 3.1679 2.98436 2.85377 5.09212 3.58791 3.68799 3.89838 3.0384 4.47778 2.7509 2.68154 2.58118 3.56015 2.55224 4.70616 3.46109 2.76381 2.41408 3.05952
threshold=0.21691866005449509 0.30593642320676223 0.26464569806277477 0.68931183439665145 0.70833333333333337 0.18333333333333338 -1.4499999999999995 0.47429288924134289 1756.347938970084 -196.24600930734127 18.083333333333339 1.6333333333333335 0.17631180886299344 0.20051720793945912 0.65497061623822195 0.19539587829668123 5.5000000000000009 0.68094717575880837 44.500000000000007 17.500000000000004 2.2916666666666674 0.91666666666666685 1646.825269116182 1663.2475352810434 1494.7088621231571 0.36269924373543122 -0.40000000000000002 2.2916666666666674 0.5460361067503926 0.49810024064920938
decision_type=2 2 2 2 2 2 2 2 2 2 2 2 2 2 2 2 2 2 2 2 2 2 2 2 2 2 2 2 2 2
left_child=5 6 3 4 -3 -1 -2 8 9 21 11 12 -11 14 18 16 -16 -18 19 -9 -15 -8 24 -24 25 -6 -26 -28 29 -7
right_child=1 2 -4 -5 22 28 7 13 -10 10 -12 -13 -14 20 15 -17 17 -19 -20 -21 -22 -23 23 -25 26 -27 27 -29 -30 -31
leaf_value=-0.0072139294252780766 -0.0033367751785440478 0.0065019832599076954 -0.00039342774652062403 -0.0011420077702797753 0.001638419131449489 0.0028792363016547917 -0.00026913514115047579 -0.0023951137135023661 -0.0099141284364140277 -0.0099122353270251554 0.0069661052148818382 -0.0073078225551479426 -0.0017701243752061416 0.0007510396898153175 -0.0065754921766210559 0.012072654072714944 0.011473126056595419 0.00020581746803243162 0.008591381249731106 -0.015077214772672853 -0.0049808925444082162 0.010833919293834149 0.010753326521612559 0.0020619446739142842 -0.0061400290006040957 0.012886641805606641 0.00087009888552345321 -0.0060401084582355456 0.0012257694365588089 0.00014312770615320994
leaf_weight=73.300541877746582 970.75628769397736 206.08445048332214 19609.691785573959 873.92706251144409 837.0618007183075 705.15625238418579 81.670231938362122 1522.8956123590469 73.363485217094421 73.349337697029114 60.867061614990234 194.91779410839081 2370.0374777317047 2652.4716416597366 75.751171112060547 54.732080459594727 68.56299352645874 167.41022121906281 37.653010129928589 44.936971426010132 140.09596264362335 59.587136507034302 98.94086766242981 310.0491406917572 143.26933860778809 63.117861747741699 1280.9759955406189 98.821536540985107 10443.211058616638 8837.1031789779663
leaf_count=21 464 59 7311 248 237 253 44 785 41 44 30 95 1158 1136 39 23 33 85 20 24 56 32 27 88 42 20 366 30 2296 2610
internal_value=1.41404e-05 -0.000460829 -0.000162649 0.000993907 0.00160844 0.000775899 -0.00127165 -0.00101015 -0.00207146 -0.00186547 -0.00219792 -0.0024119 -0.0020185 -0.000360805 -0.00152539 0.00272393 0.00104913 0.00351418 -0.00249639 -0.00276798 0.000461803 0.00445774 0.0012502 0.00418562 0.000753247 0.00244053 -0.00024494 0.000371172 0.000805563 0.000345602
internal_weight=52229.8 32171 23521.9 3912.25 3038.32 20058.8 8649.06 7678.3 2913.79 2840.43 2699.17 2638.3 2443.39 4764.51 1971.94 366.456 311.724 235.973 1605.49 1567.83 2792.57 141.257 2832.24 408.99 2423.25 900.18 1523.07 1379.8 19985.5 9542.26
internal_count=17717 12537 8428 1117 869 5180 4109 3645 1444 1403 1327 1297 1202 2201 1009 180 157 118 829 809 1192 76 810 115 695 257 438 396 5159 2863
is_linear=0
shrinkage=0.04


Tree=106
num_leaves=31
num_cat=0
split_feature=2 10 6 19 2 12 18 14 17 16 18 14 18 2 5 5 5 3 15 6 14 10 3 19 18 1 1 6 19 2
split_gain=11.3434 4.68602 4.70358 3.83073 3.65168 2.87578 2.86717 2.87093 2.8105 2.5463 2.46188 4.78178 4.05944 3.41935 4.05446 3.27607 3.24336 3.50197 3.13759 2.98451 3.37301 2.87619 2.86879 2.67126 2.72586 3.01354 6.92365 3.08746 2.93384 4.81814
threshold=0.21691866005449509 -116.82397332207471 0.50897441797776455 7.1833333333333345 0.37080658053456089 0.18333333333333338 20.083333333333339 13.91666666666667 1.4500000000000002 0.36666666666666675 12.083333333333334 15.366666666666669 15.708333333333334 0.35215926959244825 0.027397553523179411 0.028124503845487373 0.022270801142404543 -0.78485596429711524 3.8166666666666669 0.4858973431777987 10.633333333333335 220.25266190738265 -0.68669910670455547 2.9166666666666674 14.550000000000002 0.30701880260681663 0.31355929420441325 0.40270631067961166 5.291666666666667 0.29577977321469134
decision_type=2 2 2 2 2 2 2 2 2 2 2 2 2 2 2 2 2 2 2 2 2 2 2 2 2 2 2 2 2 2
left_child=5 -2 3 4 10 -1 -4 -8 9 -6 11 13 21 -3 16 -13 -15 -18 -16 20 -14 23 -19 -12 28 -26 -27 -28 -25 -30
right_child=1 2 6 -5 8 -7 7 -9 -10 -11 12 15 19 14 18 -17 17 22 -20 -21 -22 -23 -24 24 25 26 27 -29 29 -31
leaf_value=-0.0071235885598085746 -0.0017266990565883134 -0.0011895960126102115 0.00037050586538595439 0.0071150639052443999 -0.0093954068759683849 0.00078891949019059505 -0.00044664589039798323 0.010056258127652437 -0.0037882488025029223 -0.0010104172958753785 0.0063298391272373919 0.010064478796377488 0.0022263413651408179 -0.00012430129595682911 -0.0048431125138665744 0.0010023764791691711 -0.0015548825042575054 0.016339988035116156 0.0038296185597175938 0.0023292875084456482 -0.0060218033715590891 -0.006283590828809929 0.0053474365799517989 0.00057734948694058161 0.00062240592109827093 0.013866039766479807 0.004631751135897557 -0.005091679607170334 0.0010772107906026442 -0.0061138546846650011
leaf_weight=72.773660182952881 4033.902188539505 8193.3541812896729 9139.0915615558624 100.55738270282745 58.215045809745789 20001.577440738678 72.125637412071228 97.258549928665161 871.14438319206238 2747.6276800632477 131.08987951278687 101.24119734764099 99.492901086807251 123.61875414848328 176.08457660675049 170.56616902351379 45.965180397033691 77.994331836700439 106.19875550270081 138.67941951751709 381.8935980796814 94.720213413238525 75.945581197738647 3669.1109623908997 499.82761478424072 107.50645995140076 174.53928351402283 73.457306146621704 303.66445422172546 291.36311316490173
leaf_count=21 1960 3099 3051 41 27 5159 29 32 396 1298 49 36 40 51 76 59 21 33 45 48 147 33 30 1388 179 41 74 30 108 116
internal_value=1.38291e-05 -0.000451922 -0.000269012 -0.000632873 -0.000674886 0.000759882 0.000466397 0.00560763 -0.00180466 -0.00118767 -0.000398509 -0.000813538 0.00023262 -0.000975138 0.00192253 0.00440229 0.00497255 0.00810932 -0.00157831 -0.0028284 -0.004316 0.000588169 0.0109864 0.000713308 0.000568283 0.00262774 0.00543753 0.00174276 0.000154663 -0.00244834
internal_weight=52230.6 32156.2 28122.3 18813.9 18713.3 20074.4 9308.48 169.384 3676.99 2805.84 15036.3 9070.97 5965.35 8799.16 605.807 271.807 323.524 199.905 282.283 620.066 481.386 5345.28 153.94 5250.56 5119.47 855.331 355.503 247.997 4264.14 595.028
internal_count=17717 12537 10577 7465 7424 5180 3112 61 1721 1325 5703 3450 2253 3355 256 95 135 84 121 235 187 2018 63 1985 1936 324 145 104 1612 224
is_linear=0
shrinkage=0.04


Tree=107
num_leaves=31
num_cat=0
split_feature=0 0 23 20 6 8 19 0 6 1 23 6 22 23 5 9 10 8 6 5 8 14 15 13 19 23 1 8 8 21
split_gain=11.0243 5.42838 2.98367 2.80748 3.14029 3.11051 2.79832 2.70963 4.90426 3.40007 3.55098 3.68248 2.91644 4.39776 2.69144 3.66529 3.19351 8.56024 5.98135 2.65469 3.08894 3.5224 3.09388 3.16592 3.12141 5.04026 2.94663 2.7724 2.68778 2.58903
threshold=0.56682104007525258 0.30593642320676223 98.500000000000014 -1.4499999999999995 0.47429288924134289 1550.7400666855233 1.8166666666666669 0.20051720793945912 0.65497061623822195 0.19539587829668123 5.5000000000000009 0.68094717575880837 44.500000000000007 17.500000000000004 0.028514518301265505 1510.8197469846027 -174.24316214235031 1463.3643331507797 0.55598000621568433 0.027144933271968433 1426.5567082377036 7.0833333333333348 1.9166666666666667 1.4500000000000002 4.4500000000000011 6.5000000000000009 0.33796931152173543 1468.9105195467803 1340.5544987036294 2.0833333333333339
decision_type=2 2 2 2 2 2 2 2 2 2 2 2 2 2 2 2 2 2 2 2 2 2 2 2 2 2 2 2 2 2
left_child=1 3 6 -1 5 -5 -3 8 12 10 -10 -12 13 -6 -9 -16 17 18 -17 26 21 -21 -23 24 -24 -26 28 -28 -8 -22
right_child=-2 2 -4 4 7 -7 19 14 9 -11 11 -13 -14 -15 15 16 -18 -19 -20 20 29 22 23 -25 25 -27 27 -29 -30 -31
leaf_value=-0.0032583357611962326 0.00095227108004260035 0.0043872479432960519 0.0082180026438310721 -0.001667484193348702 -0.0023320950544160131 -0.0070603669578975957 0.0068399649211334929 0.0014897110983016857 -0.0064693171242377794 0.011734835548370331 0.01113881866072451 0.00022737659790008578 0.0083912115268054248 -0.014999488896534675 0.0054006304931330362 0.0044164554073237959 -0.0029080710617280137 0.014094466861336946 -0.013532308904728077 -0.012228823153715252 -0.00023291529779496139 0.0077131939697290246 -0.0010834929218643105 -0.0026275514749844187 0.013244809244702093 2.215415446446353e-05 -0.010165813793725061 4.2318458466721601e-05 0.00046334180806141225 0.0077035622388701716
leaf_weight=966.16588771343231 14469.813186645508 219.19455862045288 68.079974889755249 2721.5796630382538 1517.4177684783936 181.75835025310516 106.09744334220886 1657.7673357725143 75.142763257026672 55.327915191650391 69.313114643096924 167.22950339317322 37.926847100257874 44.202895164489746 124.86518573760986 65.716319680213928 823.51089286804199 67.904875040054321 52.681548833847046 48.755581140518188 17401.50723528862 56.289987325668335 538.93114924430847 1729.1058552265167 70.881342649459839 128.73547625541687 79.418201923370361 90.424094915390015 8530.6063628196716 65.016073703765869
leaf_count=464 3399 78 23 1354 785 90 38 700 39 23 33 85 20 24 51 31 357 30 23 19 6047 22 203 635 26 46 35 40 2977 20
internal_value=1.35323e-05 -0.000346198 -8.51803e-05 -0.00122738 -0.000970897 -0.00200741 -0.000104911 -0.000338259 -0.00147523 0.00268975 0.00105174 0.00345814 -0.00243196 -0.00270003 0.000462687 -0.00103779 -0.00183846 0.00287979 -0.00361636 -0.000139197 -0.000393575 -0.00168729 -0.0014789 -0.00169162 0.000500194 0.00475996 0.000439617 -0.00476256 0.000542458 -0.000202934
internal_weight=52231.4 37761.6 29133 8628.51 7662.34 2903.34 29065 4759.01 1966.56 367.013 311.685 236.543 1599.55 1561.62 2792.45 1134.68 1009.81 186.303 118.398 28845.8 20039.2 2572.7 2523.94 2467.65 738.548 199.617 8806.55 169.842 8636.7 17466.5
internal_count=17717 14318 10209 4109 3645 1444 10186 2201 1009 180 157 118 829 809 1192 492 441 84 54 10108 7018 951 932 910 275 72 3090 75 3015 6067
is_linear=0
shrinkage=0.04


Tree=108
num_leaves=31
num_cat=0
split_feature=2 14 3 6 6 5 3 2 3 18 6 6 6 18 5 8 8 2 17 20 2 8 8 3 3 22 17 10 1 5
split_gain=13.7948 5.76511 5.06368 4.24567 4.06176 5.22275 3.77257 3.56549 3.99179 3.1358 4.21501 5.20832 3.45233 3.09725 3.04582 2.95268 4.449 3.66282 3.93804 3.15282 3.02173 3.32133 3.94852 3.78945 7.05086 3.16851 4.47882 3.56536 4.99593 3.12103
threshold=0.27481738715146714 15.550000000000002 -1.14329165201116 0.43694418840146965 0.49358970144445397 0.036105442949968987 -2.0338438875521088 0.26780195005662294 -0.1114328688723288 9.0833333333333339 0.50514142215173152 0.46930926216640506 0.45025477831358235 9.6333333333333346 0.032812637297795939 1409.5142388257123 1403.3147794549166 0.26530682626559826 3.2916666666666674 -1.708333333333333 0.16561168797789097 1506.1524443662302 1667.8410628355552 -0.029508442516786096 0.05542298954371213 8.5000000000000018 0.36666666666666675 173.56667498230618 0.30151022820873274 0.024356242750121274
decision_type=2 2 2 2 2 2 2 2 2 2 2 2 2 2 2 2 2 2 2 2 2 2 2 2 2 2 2 2 2 2
left_child=1 15 4 13 5 -2 -6 8 -3 10 11 12 -5 14 -4 16 19 18 20 -1 -17 -22 25 -24 -25 26 -23 -28 -29 -27
right_child=2 7 3 9 6 -7 -8 -9 -10 -11 -12 -13 -14 -15 -16 17 -18 -19 -20 -21 21 22 23 24 -26 29 27 28 -30 -31
leaf_value=0.0071296125962783275 -0.0049677861684768541 -0.0038409719955920661 0.0017565811814256008 0.0073595642365801494 -0.004091117625800114 0.0045361126397168708 -0.0004824113098222549 0.0093266000382714546 0.0018300865949999873 -8.9434561761769248e-05 -0.00096287206012257806 0.011559391930297695 -0.0037304343916157957 -0.0015950273562194178 -0.0036926480561336622 0.00098217272533264997 -0.0082927525483710712 0.0024530073037182239 -0.0075201592918932416 -0.0015645679206900487 0.00076559481703210005 -0.0089882230801264611 -0.0034975899927919525 0.015311624135558198 0.0020694962143465519 0.0050084726398759898 -0.00034785579512002635 -0.0018152115016476418 -0.0089816706680860506 4.6825122640013921e-05
leaf_weight=73.829087734222412 972.43095517158508 204.95261287689209 882.43521332740784 82.013090372085571 575.95241463184357 101.45541405677795 2359.0361893177032 96.974039316177368 5620.0325932502747 11307.795232057571 249.7792592048645 144.74967312812805 96.927576661109924 5493.7311728000641 200.5899441242218 7784.8148000240326 145.91154003143311 1367.4929840564728 101.06899261474609 616.51787662506104 5324.5042035579681 114.84749412536621 139.5284366607666 73.480759143829346 475.90271067619324 244.25135350227356 3892.2973356246948 1755.40021276474 169.91597008705139 1173.2634208202362
leaf_count=22 541 70 373 32 327 56 1121 30 1267 4167 84 50 38 2379 86 1907 49 473 26 207 1755 39 47 21 130 74 1242 525 63 367
internal_value=7.18193e-05 0.000642448 -0.000674261 -0.000394348 -0.00196264 -0.00406652 -0.00119172 0.00175751 0.00162992 5.70211e-05 0.00293999 0.00594537 0.00136505 -0.00120966 0.00074484 0.000360827 -0.00197185 0.000447162 0.000317967 -0.000625802 0.000355779 -9.17071e-06 -0.000522363 0.00237111 0.00386525 -0.000793854 -0.00119979 -0.00104452 -0.00245201 0.000904693
internal_weight=51841.9 29375 22466.9 18458 4008.87 1073.89 2934.99 5921.96 5824.99 11881.3 573.47 323.69 178.941 6576.76 1083.03 23453 836.259 22616.8 21249.3 690.347 21148.2 13363.4 8038.89 688.912 549.383 7349.98 5932.46 5817.61 1925.32 1417.51
internal_count=17568 8314 9254 7209 2045 597 1448 1367 1337 4371 204 120 70 2838 459 6947 278 6669 6196 229 6170 4263 2508 198 151 2310 1869 1830 588 441
is_linear=0
shrinkage=0.04


Tree=109
num_leaves=31
num_cat=0
split_feature=2 14 0 6 6 5 0 2 3 18 6 6 6 18 5 8 8 2 17 13 5 23 6 14 17 18 17 18 15 16
split_gain=13.2515 5.52326 4.8799 4.08527 3.93075 5.04108 3.64571 3.38334 3.83692 3.00384 4.01771 4.91056 3.30158 2.98142 2.93006 2.84033 4.32261 3.50751 3.81086 3.69448 3.73402 4.17957 3.99234 3.86729 2.96866 6.32917 3.80498 3.39729 3.07082 3.54712
threshold=0.27481738715146714 15.550000000000002 0.24171652455833706 0.43694418840146965 0.49358970144445397 0.036105442949968987 0.11569507422138935 0.26780195005662294 -0.1114328688723288 9.0833333333333339 0.50514142215173152 0.46930926216640506 0.45025477831358235 9.6333333333333346 0.032812637297795939 1409.5142388257123 1403.3147794549166 0.26530682626559826 3.2916666666666674 0.91666666666666685 0.022599989193812235 7.5000000000000009 0.46930926216640506 9.4500000000000011 2.183333333333334 14.633333333333335 1.0833333333333337 7.0833333333333348 4.8166666666666673 0.55000000000000016
decision_type=2 2 2 2 2 2 2 2 2 2 2 2 2 2 2 2 2 2 2 2 2 2 2 2 2 2 2 2 2 2
left_child=1 15 4 13 5 -2 -6 8 -3 10 11 12 -5 14 -4 16 -1 18 24 -19 22 23 -21 -22 26 28 -17 -28 -26 -30
right_child=2 7 3 9 6 -7 -8 -9 -10 -11 -12 -13 -14 -15 -16 17 -18 19 -20 20 21 -23 -24 -25 25 -27 27 -29 29 -31
leaf_value=-0.00061367379068898978 -0.0048936803277463458 -0.0037796123838111117 0.0017186800651957182 0.0071623376490140746 -0.004026571674854487 0.0044267571323340481 -0.00047306341181142 0.0090583625063394499 0.0017904289441514935 -8.7666177033216019e-05 -0.0009447372808435875 0.011200704421099607 -0.0036707570729181613 -0.0015658708504042739 -0.0036331226580753047 0.0010787113848308586 -0.0081970622485577106 -0.0016457144750082447 -0.0074279056335443691 0.0034392656239981495 -0.0020848137481548181 0.000194315228869591 -0.0098181864895020062 0.0072090833619867373 0.0011665557526963307 -0.0074425401167349482 0.0039554936119474953 -0.00025921369008683338 0.011454757680335093 0.0033176644642461763
leaf_weight=689.91138625144958 967.61210370063782 204.16690635681152 883.98664283752441 82.618897914886475 573.60093891620636 101.91667258739471 2357.8984377384186 97.882708549499512 5630.3271486759186 11306.783984303474 249.53886914253235 146.43259739875793 96.566668272018433 5484.9755001068115 199.85060131549835 5563.8541660308838 144.70653462409973 285.52706527709961 100.31179046630859 80.529832363128662 81.113527774810791 271.20747947692871 64.689256191253662 587.78441309928894 1183.0181336402893 110.09231352806091 312.19085288047791 13323.689806461334 100.53413891792297 562.38467717170715
leaf_count=229 541 70 373 32 327 56 1121 30 1267 4167 84 50 38 2379 86 1721 49 104 26 29 30 90 21 199 330 29 85 3847 24 134
internal_value=7.03499e-05 0.000629238 -0.000661343 -0.00038668 -0.00192754 -0.00400222 -0.00116951 0.00171955 0.0015949 5.58876e-05 0.00287321 0.00579304 0.0013362 -0.0011871 0.000729413 0.000353485 -0.00193672 0.000438043 0.000311511 0.00239837 0.00346283 0.00438452 -0.00249315 0.00608063 0.000348557 0.00183267 0.000197271 -0.000162436 0.00238957 0.00456708
internal_weight=51845.7 29393.9 22451.8 18450.8 4001.03 1069.53 2931.5 5932.38 5834.49 11881.9 575.157 325.618 179.186 6568.81 1083.84 23461.5 834.618 22626.9 21256.1 1370.85 1085.32 940.105 145.219 668.898 21155.8 1956.03 19199.7 13635.9 1845.94 662.919
internal_count=17568 8314 9254 7209 2045 597 1448 1367 1337 4371 204 120 70 2838 459 6947 278 6669 6196 473 369 319 50 229 6170 517 5653 3932 488 158
is_linear=0
shrinkage=0.04


Tree=110
num_leaves=31
num_cat=0
split_feature=4 14 0 4 6 6 5 0 4 4 18 3 5 20 17 21 16 23 10 20 6 18 6 6 6 18 0 5 20 6
split_gain=12.7295 5.30654 4.70251 4.44839 3.93081 3.8035 4.86558 3.52278 3.47052 3.7011 4.98945 4.69934 3.76044 3.40872 3.63685 6.18067 4.82623 4.04951 3.72168 3.33207 3.55908 2.87764 3.83042 4.63233 3.15792 2.86983 2.86926 2.81868 2.75361 2.71598
threshold=-0.97031667268743205 14.733333333333336 0.24171652455833706 -1.005803322405513 0.43694418840146965 0.49358970144445397 0.036105442949968987 0.11569507422138935 -1.891753518579943 -1.9441917028755407 14.633333333333335 0.72618981895595536 0.029759214625957656 -1.708333333333333 1.0833333333333337 1.6333333333333337 1.6333333333333335 11.500000000000002 50.008951130005592 -1.1833333333333329 0.58551753806252116 9.0833333333333339 0.50514142215173152 0.46930926216640506 0.45025477831358235 9.6333333333333346 0.61665345368684654 0.032812637297795939 -0.40000000000000002 0.44388391266731136
decision_type=2 2 2 2 2 2 2 2 2 2 2 2 2 2 2 2 2 2 2 2 2 2 2 2 2 2 2 2 2 2
left_child=1 8 5 -3 25 6 -2 -7 9 10 -1 12 -11 -10 15 16 18 29 -15 -20 26 22 23 24 -6 27 -21 -4 -8 -18
right_child=2 3 4 -5 21 7 28 -9 13 11 -12 -13 -14 14 -16 -17 17 -19 19 20 -22 -23 -24 -25 -26 -27 -28 -29 -30 -31
leaf_value=0.0013093390402309434 -0.0048203199546938778 0.0013295183844582823 0.001681661022008297 0.0081042860059548222 0.0069717519740578309 -0.0039627865781638452 -0.0012019423205267314 -0.0004638922330754483 0.0055935335110984712 0.0086656827144534956 -0.0073530731084064591 0.01254316556258213 -0.0018400262632152758 -0.0014831854469432265 -0.00037365931506485505 -0.0090267421553799215 0.0073065246287070066 0.013109258711553733 0.01011880584206824 0.00055910255017240927 0.008327609478276387 -8.5932596643731955e-05 -0.00092692703802458481 0.010857026431998564 -0.0036118210855509004 -0.0015372020324530388 0.0063837262432186129 -0.0035743439490370206 0.012013145913288987 0.0013503662637906831
leaf_weight=3011.3559682369232 962.88848602771759 8404.6267352104187 885.50724065303802 157.03457880020142 83.212766408920288 571.29593801498413 60.081116080284119 2356.7832670211792 174.19240045547485 88.027128934860229 109.29784226417542 102.06128072738647 139.9204363822937 1009.8614935874939 12461.952471733093 96.803422212600708 176.39693188667297 73.603098392486572 66.368712663650513 2696.9960207939148 104.70256924629211 11305.792796373367 249.30322933197021 148.08196759223938 96.21284544467926 5476.3934656381607 141.48651933670044 199.12583756446838 42.287716865539551 397.79097580909729
leaf_count=673 541 1990 373 48 32 327 33 1121 52 22 25 23 37 362 3868 29 63 22 20 903 26 4167 84 50 38 2379 37 86 23 114
internal_value=6.89116e-05 0.00061631 -0.000648665 0.00145471 -0.000379158 -0.001893 -0.00393868 -0.00114768 0.000271997 0.00143063 0.00100369 0.00545272 0.00223712 4.21557e-05 -1.43024e-05 0.000925604 0.00113392 0.00433523 0.000617025 0.00132201 0.00112028 5.47769e-05 0.00280813 0.00564548 0.00130799 -0.00116494 0.000851582 0.000714317 0.00432051 0.00318969
internal_weight=51849.4 29412.5 22437 8561.66 18443.6 3993.34 1065.26 2928.08 20850.8 3450.66 3120.65 330.009 227.948 17400.2 17226 4764.01 4667.21 647.791 4019.42 3009.55 2943.19 11882.6 576.811 327.508 179.426 6561.03 2838.48 1084.63 102.369 574.188
internal_count=17568 8314 9254 2038 7209 2045 597 1448 6276 780 698 82 59 5496 5444 1576 1547 199 1348 986 966 4371 204 120 70 2838 940 459 56 177
is_linear=0
shrinkage=0.04


Tree=111
num_leaves=31
num_cat=0
split_feature=0 2 0 5 13 23 18 6 2 1 6 11 10 18 21 20 22 6 21 5 22 19 21 20 17 17 14 20 17 9
split_gain=9.58679 3.96145 3.6277 3.81095 4.4604 3.79253 3.59722 3.45761 3.10425 3.1321 3.47355 2.96198 2.95286 2.93964 2.87367 3.32138 4.07114 2.94868 3.42101 3.13281 2.80162 2.6691 2.6346 3.90563 2.9302 3.42295 2.61766 2.90456 2.55477 3.31421
threshold=0.40060894580793688 0.13104466365609393 0.26163482688702033 0.035455007431922321 1.9166666666666667 8.5000000000000018 6.1833333333333345 0.63505528460908778 0.12518807825740258 0.21458890415245455 0.478092637983832 0.40013410203356387 -79.080357127531769 13.29166666666667 2.0833333333333339 1.791666666666667 12.500000000000002 0.43886827458256034 0.55000000000000027 0.021317394821003258 7.5000000000000009 7.7500000000000009 -0.4499999999999999 -1.2916666666666663 0.45000000000000007 0.91666666666666685 14.91666666666667 0.16666666666666663 1.2916666666666667 1606.3122751271696
decision_type=2 2 2 2 2 2 2 2 2 2 2 2 2 2 2 2 2 2 2 2 2 2 2 2 2 2 2 2 2 2
left_child=2 6 3 5 11 22 -2 -4 -8 -10 -11 -5 -3 -6 15 17 -17 18 -14 -19 -15 28 23 -1 -24 -26 27 -27 -7 -30
right_child=1 12 7 4 13 21 8 -9 9 10 -12 -13 14 20 -16 16 -18 19 -20 -21 -22 -23 24 -25 25 26 -28 -29 29 -31
leaf_value=-0.013430390525726777 0.0098013580817311857 -0.0042183359900125937 -0.00054862196572889269 0.0018492641095340652 0.0016772685473644387 -0.006277850059588125 0.00082699515121654663 0.00333929587865768 0.0017106682637729638 0.0027597750879704065 0.013191066994157397 0.010179361695089982 -0.00075880689961332188 -0.014113372919145765 0.007700214273506447 -0.0038086420418175695 0.0045296447534435898 0.0047458625748626332 0.0020477020618380293 0.00042174042203749527 -0.00053229880995131777 0.0038669578438898376 -0.005092228389933626 -0.0019305116284920516 0.00079226736904517195 -0.0015107481519552508 0.0047063021083815423 -0.0057198494095061529 -0.005893861213399485 0.0029880996619452934
leaf_weight=70.484825134277344 75.180039882659912 248.27097702026367 12910.342078924179 337.04508113861084 81.628002285957336 624.65415680408478 6924.9082887172699 375.6742832660675 383.71458721160889 105.96385908126831 98.831050634384155 84.873010396957397 6597.4018986225128 58.106277108192444 79.535970687866211 613.13918614387512 109.6816349029541 271.24952816963196 775.76850557327271 17539.901494503021 41.411597847938538 58.833176493644714 284.68213975429535 140.6314891576767 1216.0920538902283 1442.9246205091476 89.349581599235535 319.98443019390106 137.86369073390961 129.40114855766296
leaf_count=35 15 84 5271 175 41 329 1445 116 86 29 24 41 2350 31 22 165 28 81 276 5116 22 28 153 70 625 716 38 152 68 63
internal_value=-5.24029e-05 0.00034735 -0.000787063 -0.0016918 0.00129306 -0.00209069 0.00115218 -0.000438444 0.00106434 0.00385099 0.0078334 0.00354505 0.000114514 -0.00394286 0.00015607 0.000132613 -0.00253887 0.000209386 -0.000463282 0.000487856 -0.0085235 -0.0043343 -0.00149115 -0.00581516 -0.00121724 -0.000856179 -0.0019383 -0.00227755 -0.004879 -0.00159839
internal_weight=52227.5 33823.5 18404 5117.97 603.064 4514.9 7588.6 13286 7513.42 588.509 204.795 421.918 26234.9 181.146 25986.7 25907.1 722.821 25184.3 7373.17 17811.2 99.5179 950.752 3564.15 211.116 3353.03 3068.35 1852.26 1762.91 891.919 267.265
internal_count=17695 9721 7974 2587 310 2277 1599 5387 1584 139 53 216 8122 94 8038 8016 193 7823 2626 5197 53 488 1789 105 1684 1531 906 868 460 131
is_linear=0
shrinkage=0.04


Tree=112
num_leaves=31
num_cat=0
split_feature=0 1 19 9 18 5 1 10 9 5 13 1 14 10 10 1 20 12 18 1 1 8 11 17 8 16 19 22 14 1
split_gain=9.23921 6.32931 4.89989 4.75007 4.15788 3.44894 3.97256 2.99162 3.92813 3.15063 3.95369 4.6847 3.44644 5.24687 3.38649 3.60723 3.10752 3.46678 3.57973 3.21132 4.66538 3.97595 3.70302 3.0757 3.0292 2.83022 2.63839 2.77475 2.31108 2.25436
threshold=0.30593642320676223 0.26368302502915042 6.6333333333333337 1639.6518681334901 18.083333333333339 0.026612343425023836 0.23977703948455145 -380.38850570219296 1884.8241932699805 0.035455007431922321 1.9166666666666667 0.28677347104068179 12.183333333333335 13.768035088034368 54.046018797906193 0.263287944291622 0.63333333333333353 1.8166666666666669 14.816666666666668 0.27883212369412286 0.27391335785052051 1416.5963408998618 0.30667205259381208 1.4500000000000002 1373.863706704024 1.0000000180025095e-35 1.8166666666666669 6.5000000000000009 17.366666666666671 0.32760073525496952
decision_type=2 2 2 2 2 2 2 2 2 2 2 2 2 2 2 2 2 2 2 2 2 2 2 2 2 2 2 2 2 2
left_child=7 2 4 5 25 -4 -7 8 -1 12 11 23 16 28 15 -15 17 19 -19 20 -9 22 -21 -11 -12 -2 27 -3 -14 -28
right_child=1 26 3 -5 -6 6 -8 9 -10 10 24 -13 13 14 -16 -17 -18 18 -20 21 -22 -23 -24 -25 -26 -27 29 -29 -30 -31
leaf_value=-0.013442828295937643 0.006922980619070436 0.011431648193411168 -0.0030994533359665634 0.0089918348983424462 -0.0070260416596345087 0.00018627073579456988 0.011310246630971816 -0.0023030677682516995 0.0016511390443626124 0.0037325314727854096 0.0033371314909817189 -0.0045750208114997536 -0.00052874682106452309 0.016776056440835754 0.00025428776628296337 0.0039539587059004401 -0.0057845222873909845 -0.0019378295039242795 0.0086547990381705027 -0.0042028212729054923 -0.0081043875746647214 -0.0019151552287477336 0.0032097395060510427 0.013738600803284659 -0.0076323066261721594 0.00060771046135839942 -0.00017837021815885157 0.0012444914428410086 -0.0082732627330940802 -0.0015903738206561543
leaf_weight=70.623299837112427 113.23200798034668 59.708091974258423 150.50737762451172 217.32644200325012 112.71981525421143 123.68343901634216 86.89033842086792 2549.0561071634293 44.544217944145203 342.27355372905731 61.923672556877136 97.104724168777466 1810.2474529743195 59.586670875549316 121.2735903263092 85.485760092735291 315.77663862705231 100.52325117588043 102.08722996711731 133.08583557605743 242.20583593845367 1495.5165402889252 551.15098559856415 56.730571627616882 111.81591999530792 19088.322573423386 21740.374225854874 145.85794758796692 62.835536479949951 1972.3917648792267
leaf_count=41 25 21 40 55 30 28 24 1255 26 169 31 48 833 23 50 38 146 44 44 67 118 725 264 26 57 4701 7842 52 26 846
internal_value=-5.13912e-05 0.000181771 0.000708942 0.00433348 0.000600178 0.00151263 0.00480819 -0.00126535 -0.00764086 -0.00117596 0.00145267 0.00327008 -0.00140693 -4.50191e-05 0.00519723 0.00929927 -0.00193761 -0.00170174 0.00341566 -0.00191096 -0.00280919 -0.000759985 0.00176395 0.00518599 -0.00372589 0.00064531 -0.000256683 0.00424444 -0.000792825 -0.000295881
internal_weight=52224.9 43811 19892.7 578.408 19314.3 361.081 210.574 8413.85 115.168 8298.68 669.848 496.109 7628.83 2139.43 266.346 145.072 5489.4 5173.63 202.61 4971.02 2791.26 2179.75 684.237 399.004 173.74 19201.6 23918.3 205.566 1873.08 23712.8
internal_count=17695 13664 4903 147 4756 92 52 4031 67 3964 331 243 3633 970 111 61 2663 2517 88 2429 1373 1056 331 195 88 4726 8761 73 859 8688
is_linear=0
shrinkage=0.04


Tree=113
num_leaves=31
num_cat=0
split_feature=3 6 2 16 19 10 9 6 3 17 2 17 14 18 15 15 8 3 19 6 1 13 18 22 16 9 18 13 17 5
split_gain=8.89993 5.70808 3.80652 3.17527 3.18234 3.08054 3.8497 3.34882 4.06676 3.52876 3.58953 3.50594 4.94735 4.4002 3.99366 3.44094 3.3535 3.18052 3.37398 3.17018 3.16555 2.94596 2.80109 2.76057 5.31538 4.66871 3.48157 3.42032 3.07355 3.25946
threshold=-0.67888784398356505 0.46930926216640506 0.35403269436591261 1.0000000180025095e-35 7.916666666666667 -380.38850570219296 1884.8241932699805 0.60149445395667389 -0.8109981153307394 1.5500000000000003 0.46943664048471817 1.2916666666666667 15.083333333333334 17.916666666666668 2.7750000000000004 4.291666666666667 1420.5251731056128 -1.5415379815136625 2.0833333333333335 0.51856042716204886 0.26910903811410702 1.8166666666666669 13.91666666666667 4.5000000000000009 1.6333333333333335 1376.221162739472 12.29166666666667 1.8166666666666669 1.8166666666666669 0.034228630094479413
decision_type=2 2 2 2 2 2 2 2 2 2 2 2 2 2 2 2 2 2 2 2 2 2 2 2 2 2 2 2 2 2
left_child=5 2 23 -3 -5 6 -1 9 11 17 16 14 13 -13 -9 -12 21 -7 -19 -18 -21 22 -11 24 -2 28 -27 -28 -25 -30
right_child=1 3 -4 4 -6 7 -8 8 -10 10 15 12 -14 -15 -16 -17 19 18 -20 20 -22 -23 -24 25 -26 26 27 -29 29 -31
leaf_value=-0.013357164166479403 -0.0020403137503051069 0.0069629847477816545 0.0053732877474631704 0.00052879584864784447 0.0071645763083216076 -0.0031428712166222824 0.0016164231159178047 -0.010629640655469834 0.0062775506374867949 0.0073701086917961544 -0.0085924297398142467 -0.00053644058918478972 0.014805247639846838 0.0089965311532771326 -0.00076523669263515212 0.00024636873799518044 -0.0055505102707732335 -0.009915385779240081 -0.00056655563316623618 -0.005137980539877289 0.0046769099897495782 -0.0020853047914081626 -0.00361474328450138 0.0053427344741349041 0.0028471990932433288 -0.00086245143514631587 0.0010686573282112392 -0.0031962702669025168 0.0019542762956486059 -0.0078695997531543476
leaf_weight=69.680275082588196 2991.7379791736603 123.49914288520813 180.4763195514679 25323.372115850449 115.17081427574158 921.21079862117767 44.617827773094177 70.461959719657898 184.90988707542419 142.20085263252258 284.67726588249207 395.33024621009827 46.877922654151917 95.322552680969238 812.68313908576965 93.474595665931702 455.92085814476013 61.310189247131348 7132.7973234653473 92.706143856048584 118.7972629070282 243.11279153823853 49.457265973091125 388.58209586143494 403.21032071113586 7492.2981290817261 3174.0259301662445 331.38232564926147 318.917640209198 64.022146463394165
leaf_count=41 1100 28 75 6806 30 516 26 37 58 62 141 169 18 42 376 42 203 28 3262 35 45 103 21 125 152 2730 1170 126 107 21
internal_value=-5.03982e-05 0.000224248 -0.000385592 0.00059033 0.000559119 -0.0010432 -0.0075487 -0.000976149 0.000714303 -0.00125905 -0.00305448 -1.36947e-05 0.0025306 0.00133013 -0.0015634 -0.0064127 -0.00189754 -0.0009312 -0.000647596 -0.00367629 0.000370915 0.000835224 0.00453142 -0.000454481 -0.00145917 -0.00016457 -0.000375678 0.000664678 0.00284127 0.000295643
internal_weight=52222.2 40906.7 15344.7 25562 25438.5 11315.5 114.298 11201.3 1605.59 9595.67 1480.35 1420.68 537.531 490.653 883.145 378.152 1102.2 8115.32 7194.11 667.424 211.503 434.771 191.658 15164.2 3394.95 11769.2 10997.7 3505.41 771.522 382.94
internal_count=17695 12470 5606 6864 6836 5225 67 5158 700 4458 652 642 229 211 413 183 469 3806 3290 283 80 186 83 5531 1252 4279 4026 1296 253 128
is_linear=0
shrinkage=0.04


Tree=114
num_leaves=31
num_cat=0
split_feature=2 0 14 12 12 14 1 5 5 18 17 5 13 18 14 6 10 1 5 20 17 18 18 6 1 10 12 14 14 12
split_gain=8.71615 4.17594 3.67009 3.5999 3.15614 3.33358 3.48836 2.97127 3.37944 3.73462 3.58698 4.15166 3.06755 3.26934 2.90547 4.84598 4.75535 2.72816 3.31172 3.1311 3.06189 3.7235 3.79435 3.39774 3.221 3.59842 3.1548 3.11708 4.97836 2.93667
threshold=0.21691866005449509 0.2915497133234381 15.550000000000002 2.3666666666666671 2.0833333333333335 16.083333333333339 0.31303753607606449 0.024485444876916288 0.02704552376331926 13.450000000000001 2.0833333333333335 0.027397553523179411 1.9166666666666667 14.366666666666669 14.450000000000001 0.50257071107586582 -1.317341039691996 0.32760073525496952 0.026379375764515215 -0.36666666666666664 1.0833333333333337 9.6333333333333346 9.8166666666666682 0.45140633176347467 0.263287944291622 68.841894490059772 1.9166666666666667 11.450000000000001 13.083333333333334 1.9166666666666667
decision_type=2 2 2 2 2 2 2 2 2 2 2 2 2 2 2 2 2 2 2 2 2 2 2 2 2 2 2 2 2 2
left_child=2 14 -1 -4 5 17 -7 12 9 -9 11 -10 13 -6 -2 -16 -17 20 19 -19 26 24 23 -23 25 -22 -3 -28 -29 -24
right_child=1 4 3 -5 7 6 -8 8 10 -11 -12 -13 -14 -15 15 16 -18 18 -20 -21 21 22 29 -25 -26 -27 27 28 -30 -31
leaf_value=0.00025007793671777759 -0.0015824105539155762 0.00036728313236824206 0.0022386819766876272 2.473080236667527e-05 0.0024041389277159714 -0.0036640792608063914 0.0060755578384947117 0.0018122592185118558 -0.0059597243993697174 0.013669359669728563 -0.0069681948780280232 0.0030125211631651522 -0.0094051695049927192 -0.0045169044498651716 -0.005675694766683349 0.0017008929080394974 0.014124536513223094 -0.0028368446325596763 -0.0022483814561891479 0.0074102100841960897 0.01301967251655946 -0.010110737871920482 -0.00049447546576345122 -0.0011565041125883089 0.0006128487809615046 0.0015758849874501918 -0.0024503102671895693 0.012706671578499465 0.0017793545567972998 -0.0035651364481973499
leaf_weight=14798.016085147858 6597.0992772579193 5973.0835301876068 3442.1064767837524 1783.976279258728 310.6581335067749 743.46666979789734 62.991107702255249 86.649576187133789 89.613615036010742 83.092762231826782 71.884651184082031 930.10358142852783 62.095055818557739 167.10752391815186 124.45100569725037 420.98732471466064 54.898149013519287 80.041783571243286 1771.3422677516937 115.59116578102112 72.58991551399231 128.18132972717285 11224.183238506317 143.32440662384033 1826.4754130840302 110.00473189353943 85.134188890457153 112.59698796272278 162.55872941017151 520.51918172836304
leaf_count=4010 3257 2238 773 358 97 241 24 27 29 25 22 288 20 52 62 182 20 35 770 50 20 50 4015 46 658 31 31 39 53 172
internal_value=-8.30735e-05 -0.000491285 0.000571936 0.00148308 -0.000246256 -0.000371854 -0.00289675 0.00136606 0.00242834 0.00766265 0.00160815 0.00221897 -0.00111577 -2.10044e-05 -0.00133996 0.0013225 0.0031607 -0.000280523 -0.00170268 0.0032246 -0.000143042 -0.000472676 -0.000739181 -0.0054055 0.00112086 0.00617146 0.000586892 0.00421659 0.00628076 -0.000630858
internal_weight=52154.8 32130.7 20024.1 5226.08 24933.3 23132.1 806.458 1801.2 1261.34 169.742 1091.6 1019.72 539.861 477.766 7197.44 600.336 475.885 22325.6 1966.98 195.633 20358.7 14025.3 12016.2 271.506 2009.07 182.595 6333.37 360.29 275.156 11744.7
internal_count=17695 12554 5141 1131 9033 8473 265 560 391 52 339 317 169 149 3521 264 202 8208 855 85 7353 4992 4283 96 709 51 2361 123 92 4187
is_linear=0
shrinkage=0.04


Tree=115
num_leaves=31
num_cat=0
split_feature=2 0 14 12 9 8 17 22 9 8 8 12 14 5 6 22 14 5 2 14 14 12 14 9 9 5 22 2 5 12
split_gain=8.37382 4.01988 3.51748 3.44526 3.39384 3.2887 3.33342 3.21702 3.39849 3.66103 3.1905 3.02873 3.21402 2.91145 2.89152 2.8138 2.80372 3.30973 2.63673 2.49138 2.46 2.41116 2.56875 2.39796 6.3954 2.67659 2.4094 3.43316 2.37618 2.35747
threshold=0.21691866005449509 0.2915497133234381 15.550000000000002 2.3666666666666671 1456.7675991165227 1761.0479582768039 0.81666666666666676 15.500000000000002 1484.1884324512368 1531.9096682402881 1627.6577575563174 2.0833333333333335 16.083333333333339 0.034392253481766451 0.54267287268572628 6.5000000000000009 8.0833333333333339 0.036105442949968987 0.07573665836204993 17.583333333333339 18.916666666666668 3.4166666666666674 17.708333333333339 1416.8448650564349 1425.4077857745599 0.032812637297795939 5.5000000000000009 0.10946559064862037 0.029490716077901772 0.29166666666666669
decision_type=2 2 2 2 2 2 2 2 2 2 2 2 2 2 2 2 2 2 2 2 2 2 2 2 2 2 2 2 2 2
left_child=2 16 29 4 19 6 -6 8 -8 -10 -11 12 -3 -13 -14 -7 17 -2 -5 23 -21 22 -20 25 -25 28 -26 -28 -4 -1
right_child=1 11 3 18 5 15 7 -9 9 10 -12 13 14 -15 -16 -17 -18 -19 21 20 -22 -23 -24 24 26 -27 27 -29 -30 -31
leaf_value=-0.006504723418363301 -0.004535398184138467 -0.00027504656927841714 0.0044359724437667636 0.001815263129036624 -0.0052691620500696333 0.0082000877282848179 -0.0017539812279845236 -0.0066709629436006454 -0.0044888349901255351 0.0069424184461857287 0.001394471523700231 0.00089843698374950836 -0.00088659870686493599 0.0072335081388112945 -0.005781140715958131 0.0016650843236216109 -0.0010583084045109675 0.0059913610149808609 -1.7760003080491502e-05 -0.0015332858489666033 0.0044630651058991536 0.0039523357039465091 -0.0042869799370955962 0.015802977864867798 0.0094433775790057489 0.0062599673228227459 0.0073918800781173997 -0.0015318168718780091 -0.0016482073843383626 0.00028278217937859475
leaf_weight=81.33318567276001 634.42892301082611 22319.385103464127 180.8919882774353 756.42005395889282 164.80936765670776 160.77110624313354 380.0094006061554 85.402712106704712 93.953078031539917 302.66018271446228 366.85709810256958 1679.9612305164337 482.74103760719299 123.73238158226013 321.38147568702698 304.63506603240967 6502.5463283061981 50.8226717710495 483.73405504226685 257.58324027061462 188.91090941429138 122.44199323654175 421.42429733276367 97.127772569656372 106.13774657249451 246.2828381061554 121.53999710083008 157.18936491012573 235.0590193271637 14720.384027719498
leaf_count=24 332 8208 41 130 42 32 89 20 25 75 85 523 168 37 97 64 3162 27 110 53 36 26 92 22 24 51 24 39 51 3986
internal_value=-8.14553e-05 -0.000481799 0.000560248 0.00145144 0.00218927 0.00102789 5.48684e-05 0.000772595 0.00133387 0.0028711 0.00390907 -0.000241464 -0.000364625 0.00133679 -0.00284754 0.00393529 -0.00131513 -0.00374707 2.42392e-05 0.0035451 0.00100806 -0.00129462 -0.00200796 0.00453334 0.00667903 0.00296393 0.00434146 0.00237188 0.00100202 0.000245049
internal_weight=52150.6 32115 20035.6 5233.84 3449.82 1859.1 1393.69 1228.88 1143.48 763.47 669.517 24927.2 23123.5 1803.69 804.123 465.406 7187.8 685.252 1784.02 1590.72 446.494 1027.6 905.158 1144.23 481.995 662.234 384.867 278.729 415.951 14801.7
internal_count=17695 12554 5141 1131 773 432 336 294 274 185 160 9033 8473 560 265 96 3521 359 358 341 89 228 202 252 109 143 87 63 92 4010
is_linear=0
shrinkage=0.04


Tree=116
num_leaves=31
num_cat=0
split_feature=2 0 14 12 9 8 17 22 9 8 8 6 14 6 10 14 9 1 22 2 19 9 9 14 14 12 14 16 12 9
split_gain=8.04438 3.86981 3.37135 3.29771 3.2395 3.14445 3.21718 3.10593 3.25683 3.51004 3.02767 2.9106 2.78866 4.66771 4.4903 2.72296 3.44272 2.90876 2.66645 2.53184 2.48122 2.5878 2.37296 2.37208 2.35435 2.31538 2.48375 2.29575 2.27952 2.27185
threshold=0.21691866005449509 0.2915497133234381 15.550000000000002 2.3666666666666671 1456.7675991165227 1761.0479582768039 0.81666666666666676 15.500000000000002 1484.1884324512368 1531.9096682402881 1627.6577575563174 0.67763863121005985 14.450000000000001 0.50257071107586582 -1.317341039691996 15.708333333333334 1649.6515679366892 0.23415996529920899 6.5000000000000009 0.07573665836204993 7.7500000000000009 1663.2475352810434 1421.68674716386 17.583333333333339 18.916666666666668 3.4166666666666674 17.708333333333339 2.4500000000000006 0.29166666666666669 1416.8448650564349
decision_type=2 2 2 2 2 2 2 2 2 2 2 2 2 2 2 2 2 2 2 2 2 2 2 2 2 2 2 2 2 2
left_child=2 12 28 4 23 6 -6 8 -8 -10 -11 20 22 -14 15 16 -15 27 -7 -5 -3 -22 -2 29 -25 26 -21 -18 -1 -4
right_child=1 11 3 19 5 18 7 -9 9 10 -12 -13 13 14 -16 -17 17 -19 -20 25 21 -23 -24 24 -26 -27 -28 -29 -30 -31
leaf_value=-0.0064186111829740147 -0.0094726640075061472 -0.00030785897271097307 0.002896539687645033 0.0017759981423172303 -0.0051925270138805848 0.0079723107341317361 -0.0017222733084599625 -0.0065836909676750101 -0.0044203977196107438 0.0067575720954538556 0.0013649290913526949 0.0045620271757752778 -0.0055806015759213134 -0.0032238553937585014 0.013691123475097773 -0.0026511937344116132 -0.0035565428238704027 0.011714304615704425 0.0016293844339182444 -1.7408344352741559e-05 0.0095493561491571677 -0.00067268500739346736 -0.0014560369970105078 -0.0015052678781192254 0.0043553042348083437 0.0038591517712552388 -0.0042202199137793871 0.0084586422291996477 0.00027708639292360452 0.0065035055771138998
leaf_weight=80.805853605270386 58.655320525169373 24563.882373809814 664.19751572608948 757.79440355300903 163.94324564933777 162.09486198425293 379.34345483779907 84.834890842437744 93.532282829284668 304.76868748664856 367.36902737617493 199.60492467880249 123.61576783657074 74.714962244033813 55.620167016983032 148.88558506965637 54.183089137077332 97.166166663169861 305.14272928237915 483.72546601295471 82.63250207901001 75.071292638778687 6519.2052142620087 257.18859195709229 189.75591516494751 122.92688512802124 419.62152695655823 46.308129549026489 14724.547278642654 485.21016383171082
leaf_count=24 28 8934 143 130 42 32 89 20 25 75 85 52 62 31 20 65 26 40 64 110 25 22 3229 53 36 26 92 20 3986 109
internal_value=-7.98585e-05 -0.000472469 0.000548793 0.0014205 0.00214106 0.00100622 5.3444e-05 0.000756401 0.0013055 0.00280588 0.00381653 -0.000236732 -0.00129073 0.00131696 0.00311287 0.00168707 0.0040595 0.006815 0.00384221 2.37058e-05 -0.000275661 0.00470981 -0.00152895 0.0034626 0.00098708 -0.00127065 -0.0019722 0.00200906 0.000240111 0.00442351
internal_weight=52146.3 32099.5 20046.8 5241.45 3457.38 1861.03 1393.79 1229.85 1145.01 765.67 672.138 24921.2 7178.35 600.494 476.878 421.258 272.372 197.657 467.238 1784.07 24721.6 157.704 6577.86 1596.35 446.945 1026.27 903.347 100.491 14805.4 1149.41
internal_count=17695 12554 5141 1131 773 432 336 294 274 185 160 9033 3521 264 202 182 117 86 96 358 8981 47 3257 341 89 228 202 46 4010 252
is_linear=0
shrinkage=0.04


Tree=117
num_leaves=31
num_cat=0
split_feature=11 7 10 23 11 8 1 15 11 1 16 5 15 5 0 17 18 14 14 9 14 11 5 21 9 9 1 9 18 18
split_gain=8.56533 4.34386 4.33447 5.38394 4.50478 3.48093 3.32022 3.03484 4.33639 6.73968 5.35934 3.50669 5.12419 4.35509 3.99057 3.33391 3.25565 3.04918 3.26744 3.54009 2.93697 3.0387 2.80947 4.92331 2.78323 4.01103 3.57135 3.49437 3.91503 3.36426
threshold=0.55437545760810181 -1.1249999999999998 42.63614497265997 10.500000000000002 0.56500725895132653 1360.253979612354 0.21743850904512929 4.5500000000000007 0.44825617642622301 0.26507308518252154 1.8166666666666669 0.022535207228443269 5.7083333333333348 0.024125135504890153 0.29341725856341344 0.45000000000000007 12.816666666666668 18.250000000000004 12.29166666666667 1490.4635264929268 13.583333333333334 0.36333236234245042 0.029703468319859264 0.29166666666666657 1506.818471060215 1435.9966245307899 0.20636012839359688 1426.6978204103107 8.1833333333333353 8.2916666666666696
decision_type=2 2 2 2 2 2 2 2 2 2 2 2 2 2 2 2 2 2 2 2 2 2 2 2 2 2 2 2 2 2
left_child=7 6 3 -3 -4 -6 -2 -1 9 15 -11 12 -10 14 -13 -9 -16 18 22 -20 21 -12 23 -15 25 26 -7 -28 -29 -26
right_child=1 2 4 -5 5 24 -8 8 11 10 20 13 -14 17 16 -17 -18 -19 19 -21 -22 -23 -24 -25 29 -27 27 28 -30 -31
leaf_value=-0.0010707569044591579 0.00098909333515039151 0.0051264070012393137 -0.0038625650970386663 -0.0036679328619088382 0.0093816919410434092 0.010648128949922855 0.0070357588814288245 -0.0080260451945122768 0.00031503335522189947 -0.0011828759778325017 0.0022104397291751311 -0.0010826232977485439 -0.011073291657469609 0.0063967204275576671 0.016457025142546329 0.0014991779102861266 0.0045909268590409291 -0.0062175496261534114 -0.0034880130491607305 0.0030952810503283514 -0.010671954252905989 -0.0081473673805496603 -0.0061996529284054237 -0.00576675782390197 0.0072072460556749634 -0.00076357843782908874 2.7330682166004417e-05 0.010361591082994446 0.0017351984125337557 0.00061124659244635702
leaf_weight=13622.400197386742 8188.8965804576874 518.40605628490448 482.7158534526825 141.00650548934937 62.5957190990448 53.40116548538208 146.95487308502197 61.502364158630371 253.72048377990723 546.08619284629822 79.632207751274109 63.952725172042847 83.169882535934448 120.09091210365295 77.739784717559814 992.31885242462158 71.783133029937744 82.531797170639038 144.331627368927 1310.044282078743 201.34694123268127 103.11904621124268 140.97142863273621 94.048327565193176 125.33100318908691 10188.610366463661 6823.2732137441635 90.972311973571777 1003.687935590744 6021.0717258453369
leaf_count=5854 1713 189 171 49 19 12 35 30 91 227 36 27 28 42 24 416 24 25 51 447 82 41 55 37 41 3376 2174 30 331 1908
internal_value=-7.141e-05 0.000303848 4.48049e-05 0.00324315 -4.01869e-05 3.56847e-05 0.00109652 -0.000775109 0.000134795 -0.00125396 -0.00373356 0.00126297 -0.00252091 0.00186932 0.0072719 0.000936192 0.0108287 0.00125623 0.00160036 0.00244001 -0.00734748 -0.00364658 -0.00183569 0.00105264 1.12311e-05 -0.000237789 0.000434264 0.000364042 0.0024609 0.000746896
internal_weight=51895.7 33846.9 25511.1 659.413 24851.7 24368.9 8335.85 18048.8 4426.39 1984.01 930.184 2442.38 336.89 2105.49 213.476 1053.82 149.523 1892.02 1809.49 1454.38 384.098 182.751 355.111 214.139 24306.3 18159.9 7971.33 7917.93 1094.66 6146.4
internal_count=17585 10048 8300 238 8062 7891 1748 7537 1683 832 386 851 119 732 75 446 48 657 632 498 159 77 134 79 7872 5923 2547 2535 361 1949
is_linear=0
shrinkage=0.04


Tree=118
num_leaves=31
num_cat=0
split_feature=11 6 18 6 6 17 0 1 5 14 14 1 5 19 18 8 5 6 23 19 22 14 22 8 18 11 18 8 9 5
split_gain=8.23441 4.20713 4.21405 3.77879 3.28458 4.99766 4.95572 4.50277 5.6013 3.34569 3.23853 3.11946 3.0359 3.0989 5.05722 2.99253 4.36141 4.33549 3.71982 4.28473 3.46267 2.99463 5.63501 3.35286 2.94161 2.78214 2.74592 2.74047 2.64949 2.69169
threshold=0.55437545760810181 0.51856042716204886 9.5500000000000025 0.34982352745313494 0.57594985386863573 2.0833333333333335 0.18146632070201171 0.19539587829668123 0.030179717627363493 13.816666666666668 11.91666666666667 0.20105893386508514 0.03165179935174945 5.0833333333333348 13.29166666666667 1373.863706704024 0.028898256765581557 0.57914622829113094 4.5000000000000009 6.916666666666667 7.5000000000000009 11.29166666666667 7.5000000000000009 1518.6599931192156 5.7500000000000009 0.56196002823747937 15.550000000000002 1457.6947998960156 1542.047808776354 0.037206894756961491
decision_type=2 2 2 2 2 2 2 2 2 2 2 2 2 2 2 2 2 2 2 2 2 2 2 2 2 2 2 2 2 2
left_child=4 2 24 -4 5 6 28 8 -6 -10 -7 -9 15 14 -14 20 17 -17 -18 -20 -13 22 -19 -23 -2 -26 -25 -3 -1 -30
right_child=1 27 3 -5 7 10 -8 11 9 -11 -12 12 13 -15 -16 16 18 21 19 -21 -22 23 -24 26 25 -27 -28 -29 29 -31
leaf_value=-0.013655617788208528 -0.007915677515715154 -0.0015561782121545668 -0.0032799123773264217 -0.00031891664102851768 -0.0077630861120338785 -0.002600359186958967 -0.00067541537852403618 0.0086805733761561241 0.0011288023821073392 -0.0091231098462702786 -0.0089339073795768036 0.0011700886111018034 -0.0026956598528395602 -0.0039367302068748916 0.011458165495574013 0.0094746645925311065 0.014926657697052786 -0.0011218163156882686 0.0063095931345831108 -0.0037369071365814326 -0.011407582341503207 -0.0025957855776120829 0.0099022735605503454 0.00492782512274251 0.0079022981663429605 0.00095127505261108467 -0.001285062923137517 0.00087159783805643111 -0.0039728323207096584 0.0047878217209869171
leaf_weight=40.860828399658203 57.577081441879272 780.10453534126282 728.63267910480499 12576.447355389595 218.81749892234802 414.90924990177155 13241.646758556366 83.776648163795471 432.48753869533539 56.713777184486389 187.46814012527466 85.522135734558105 107.33470678329468 356.88141369819641 63.487920641899109 88.29908549785614 57.058619260787964 162.26589643955231 299.30420112609863 87.04532790184021 58.114648818969727 597.80049729347229 135.39408314228058 236.98180532455444 93.356073975563049 3951.0105477571487 217.5265965461731 15670.073390722275 745.34554183483124 59.843340635299683
leaf_count=23 20 227 303 4362 117 161 5497 37 230 31 67 35 36 132 24 33 22 61 110 35 23 207 49 72 35 1319 74 3782 428 33
internal_value=-7.00272e-05 0.000297725 -0.000135736 -0.000481305 -0.000760394 -0.00101796 -0.000865213 0.000370796 -0.00245927 -7.59022e-05 -0.00458299 0.00113136 0.000880328 -0.00181955 0.00260082 0.00158434 0.00200964 0.000938735 0.00547335 0.00404229 -0.00396245 0.000373815 0.00390898 -0.000628918 0.000985 0.00111364 0.00195806 0.00075638 -0.00383146 -0.00331659
internal_weight=51892.1 33857.2 17407 13305.1 18034.9 14690.1 14087.7 3344.81 708.019 489.201 602.377 2636.79 2553.02 527.704 170.823 2025.31 1881.68 1438.27 443.408 386.35 143.637 1349.97 297.66 1052.31 4101.94 4044.37 454.508 16450.2 846.05 805.189
internal_count=17585 10048 6039 4665 7537 6209 5981 1328 378 261 228 950 913 192 60 721 663 496 167 145 58 463 110 353 1374 1354 146 4009 484 461
is_linear=0
shrinkage=0.04


Tree=119
num_leaves=31
num_cat=0
split_feature=14 6 0 15 18 18 20 12 10 10 15 21 12 23 1 12 22 2 8 23 19 19 14 6 18 14 1 13 6 21
split_gain=7.96826 5.02605 5.59104 4.37112 4.41143 4.02004 3.41017 3.39187 3.37623 2.88969 4.1577 2.72356 5.25659 4.09926 3.13333 2.95745 2.77562 2.72613 2.69815 3.50172 4.03717 4.62353 2.95955 2.93446 2.91112 4.61883 4.34963 3.6581 3.61677 2.70706
threshold=14.633333333333335 0.5613814756671901 0.24171652455833706 7.0833333333333348 19.083333333333339 9.6333333333333346 0.49999999999999989 0.29166666666666669 365.05774775975618 -196.24600930734127 3.9166666666666674 0.91666666666666696 1.7750000000000001 6.5000000000000009 0.28072231584555457 2.2916666666666674 5.5000000000000009 0.2917420996778714 1432.278589107754 7.5000000000000009 3.4500000000000006 2.6333333333333337 9.9166666666666696 0.56250040673421708 10.91666666666667 12.550000000000002 0.203075891599973 0.81666666666666676 0.57088653027739333 -0.54999999999999982
decision_type=2 2 2 2 2 2 2 2 2 2 2 2 2 2 2 2 2 2 2 2 2 2 2 2 2 2 2 2 2 2
left_child=1 2 6 4 18 -4 7 -1 9 10 -7 -2 14 15 -13 16 -14 -16 -3 23 21 -21 -22 -20 26 27 -24 -26 -27 -29
right_child=11 3 5 -5 -6 8 -8 -9 -10 -11 -12 12 13 -15 17 -17 -18 -19 19 20 22 -23 24 -25 25 28 -28 29 -30 -31
leaf_value=0.0074710561902397027 0.0011042796814830157 -0.00091554118742871867 0.00050017494116734137 -0.0074907391491196764 -0.0039416923024377251 -0.0012083881582842914 0.002647722447703167 -0.0033583718206929465 -0.0070960732803558762 -0.00066251869864061732 0.014421059179510387 -0.0017959389430738746 0.0040108265720344358 -0.00038237048690709867 -0.0017951698682506425 0.00065783903722821629 0.015064598868815685 -0.012231108426579401 0.008565545607622703 0.0066159233141014811 -0.0021765519067707688 -0.0030973430282579574 0.002943773235168352 0.00029308022788971332 -0.0038745704833978863 -0.0077964282606935659 0.01260986187301448 0.010368543301372926 0.0015870214403086572 0.0045037523479743635
leaf_weight=46.554003596305847 9948.5865068435669 1292.0140514373779 5908.5611550807953 107.29215550422668 329.35774183273315 60.102221965789795 181.12602353096008 1839.641576051712 129.00856757164001 23084.37696325779 48.581147074699402 487.16252982616425 78.577968835830688 700.18752706050873 66.514227628707886 114.97067844867706 68.281454086303711 101.17929422855377 68.642491221427917 97.939922332763672 162.95580446720123 377.13654112815857 178.7619194984436 4631.7437152862549 65.28769052028656 70.257525205612183 127.7170307636261 169.01425719261169 846.52894270420074 500.48893547058105
leaf_count=25 2537 529 2031 26 157 27 95 1007 34 8519 21 174 23 194 23 33 19 43 21 23 60 90 38 1313 19 23 34 44 239 164
internal_value=-6.86779e-05 -0.000334147 -0.000573953 0.000497439 0.000594375 -0.000431726 -0.00258377 -0.00308727 -0.000667831 -0.00063177 0.00584571 0.000856831 -0.000665459 0.00121602 -0.00342709 0.00547563 0.00921734 -0.00812696 0.000768766 0.0010671 0.00224591 -0.0010852 0.00299219 0.000415684 0.00342324 0.00275572 0.00699977 0.00511633 0.000860214 0.00599756
internal_weight=51888.6 40323.1 31298 9025.14 8917.85 29230.6 2067.32 1886.2 23322.1 23193.1 108.683 11565.5 1616.87 962.018 654.856 261.83 146.859 167.694 8588.49 7296.47 2596.09 475.076 2121.01 4700.39 1958.06 1651.58 306.479 734.791 916.786 669.503
internal_count=17585 14539 11759 2780 2754 10632 1127 1032 8601 8567 48 3046 509 269 240 75 42 66 2597 2068 734 113 621 1334 561 489 72 227 262 208
is_linear=0
shrinkage=0.04


Tree=120
num_leaves=31
num_cat=0
split_feature=2 0 6 14 2 0 1 0 12 6 0 5 10 2 14 10 14 18 2 10 19 1 15 6 6 19 9 17 6 15
split_gain=8.14922 5.02346 3.7244 3.48116 3.39424 2.99235 3.74966 3.23003 4.6889 2.96996 2.9934 2.83174 2.8143 2.75267 2.51692 4.74678 3.95253 3.18262 3.64098 3.14882 3.04102 3.47854 2.62137 2.63993 3.04392 2.77698 4.15222 2.64836 2.97493 2.58001
threshold=0.13104466365609393 0.35216560111520917 0.33679143872794237 17.366666666666671 0.12518807825740258 0.63736159708496398 0.21458890415245455 0.67402114241690836 1.9166666666666667 0.57594985386863573 0.17631180886299344 0.036810853221245672 -380.38850570219296 0.65528264373988099 14.633333333333335 351.83778269953046 14.366666666666669 14.366666666666669 0.34157940210316956 303.73868653589028 5.916666666666667 0.263287944291622 6.916666666666667 0.56472122910426137 0.57376944900321891 3.5500000000000003 1367.4332873155611 1.6333333333333335 0.60445010818145151 3.0833333333333335
decision_type=2 2 2 2 2 2 2 2 2 2 2 2 2 2 2 2 2 2 2 2 2 2 2 2 2 2 2 2 2 2
left_child=4 2 -2 9 -1 -6 7 -7 -9 10 11 -4 -11 -13 15 16 22 18 19 -16 -19 -22 23 29 -25 27 -27 28 -26 -3
right_child=1 14 3 -5 5 6 -8 8 -10 12 -12 13 -14 -15 17 -17 -18 20 -20 -21 21 -23 -24 24 25 26 -28 -29 -30 -31
leaf_value=0.0009855836627564766 -0.004060860397351632 0.00077589432027302041 -0.0041017830857241313 -0.0077650536844627695 -0.0024806253361811391 -0.0013088903340600234 0.01068948385768302 0.011004594689602527 -0.00046731544725126846 -0.0061832506036136482 -0.0007522147358320566 -0.0035320754082116402 0.00083274533425814392 0.011801884713674347 0.00094100921461132288 -0.0082930247401250545 -0.0032641316421873241 -0.0021305350258837767 0.0079271492175099784 0.0066135989763333649 0.0033474544787231433 -0.0029890871438414254 -0.0072978537245529784 0.0039698042158684398 -0.0018691010452106457 0.0088809641899004772 0.00082173508990785165 -0.0035912687207893109 0.0079808354030373712 -0.00034695521924933172
leaf_weight=6881.8189465999603 552.06658816337585 4060.1763477325439 710.84668552875519 109.74753749370575 94.488913059234619 155.2887704372406 144.97187185287476 133.1150221824646 99.013082504272461 94.018132567405701 8830.4645931720734 36.955460667610168 2458.387130856514 36.260456800460815 4391.3290121555328 111.34398198127747 597.81290435791016 976.83700013160706 129.25513887405396 161.39987993240356 449.64510202407837 199.29621386528015 76.980093240737915 484.87077951431274 126.81058549880981 105.45085334777832 2625.9991147518158 427.94554162025452 78.724308729171753 16894.477724313736
leaf_count=1435 267 1467 414 44 27 36 35 29 21 55 4006 20 1053 20 1248 31 185 280 43 39 111 65 21 137 34 25 703 110 20 5751
internal_value=2.33326e-05 -0.000181381 -0.000849797 -0.000705081 0.00124262 0.00405823 0.00522123 0.00315274 0.00613029 -0.000640766 -0.000962747 -0.00332987 0.00057199 0.00411882 8.74574e-05 -8.89543e-05 -5.27785e-05 0.00080306 0.00133245 0.00114352 -0.000721367 0.00139984 2.4507e-05 4.75251e-05 0.00101013 0.000582603 0.00113601 -0.0018016 0.00192401 -0.000129365
internal_weight=52235.8 44727.1 12828.7 12276.7 7508.7 626.878 532.389 387.417 232.128 12166.9 9614.53 784.063 2552.41 73.2159 31898.4 25590.6 25479.2 6307.76 4681.98 4552.73 1625.78 648.941 24881.4 24804.5 3849.8 3364.93 2731.45 633.48 205.535 20954.7
internal_count=17732 16149 5879 5612 1583 148 121 86 50 5568 4460 454 1108 40 10270 8484 8453 1786 1330 1287 456 176 8268 8247 1029 892 728 164 54 7218
is_linear=0
shrinkage=0.04


Tree=121
num_leaves=31
num_cat=0
split_feature=0 2 2 10 23 18 20 10 10 9 2 22 17 15 6 8 8 6 8 18 5 23 5 22 5 8 6 0 2 18
split_gain=7.84965 4.75373 4.54821 3.59892 3.38409 3.31175 2.93536 4.92148 2.80993 4.78647 2.86689 3.544 2.54937 2.54039 2.63054 4.68687 4.02606 3.63712 5.56967 3.62308 3.64534 6.61177 4.77243 4.04886 3.54367 3.28407 3.63041 2.99266 2.82403 2.80211
threshold=0.40652096243872526 0.31982536311144349 0.13104466365609393 -79.080357127531769 92.500000000000014 16.81666666666667 0.91666666666666696 467.24604359783581 125.82415288473489 1502.6313634377034 0.12518807825740258 7.5000000000000009 0.29166666666666669 6.916666666666667 0.53855745252253995 1536.5973410767997 1538.9993133660503 0.54719418467685788 1498.4355520427118 14.083333333333334 0.029027023775956676 8.5000000000000018 0.030542733602665021 12.500000000000002 0.021514434490804816 1340.5544987036294 0.60024813895781637 0.17631180886299344 0.66738820827306056 19.416666666666668
decision_type=2 2 2 2 2 2 2 2 2 2 2 2 2 2 2 2 2 2 2 2 2 2 2 2 2 2 2 2 2 2
left_child=4 2 5 -4 12 6 7 8 9 -2 -10 -12 -1 14 27 17 -17 18 -16 25 28 22 -22 -23 -18 26 -19 -14 -21 -24
right_child=1 -3 3 -5 -6 -7 -8 -9 10 -11 11 -13 13 -15 15 16 24 19 -20 20 21 23 29 -25 -26 -27 -28 -29 -30 -31
leaf_value=-0.004023408207468211 -0.0063516177641150563 0.0057860710207243305 -0.0050593892912255776 0.00014031172535259651 0.009222922256224635 0.0081287919476589563 0.00037364580397327872 -0.0052162226703167044 0.0021588072262813565 0.0055485661918080109 0.0087602852479342838 0.00039873033617836696 -0.0039977767220102803 -0.0054814541206868565 0.0056339620454180697 0.013150840038472179 0.0099765886886668178 -0.01158150335915932 -0.0055784303418379335 -0.0028369867009645617 0.0069016588896498319 -0.015360195756259709 0.0011246930552656169 -0.0030875069962238346 0.0013101590466511402 0.0011874191174739966 0.0024881810548096563 -0.00072361786526065107 -0.0095215118402137717 -0.0056598524481443072
leaf_weight=351.26401579380035 145.52853274345398 258.64902901649475 213.79724955558777 25157.308838605881 54.691562652587891 108.31127166748047 3972.8910486698151 145.09378957748413 2698.9941468238831 84.780940771102905 240.05423259735107 122.37606525421143 461.62650084495544 167.25688242912292 321.38078200817108 54.123569011688232 81.435098648071289 69.015669584274292 89.995103120803833 911.69089496135712 197.01417338848114 56.706181168556213 474.50092327594757 171.8588353395462 902.95065009593964 1442.1669224500656 49.996964335441589 12997.042697787285 113.08574593067169 121.49488377571106
leaf_count=168 34 73 73 7731 22 21 810 27 587 19 56 29 275 57 135 20 26 33 35 355 90 30 227 83 328 569 23 5668 64 64
internal_value=2.28432e-05 0.000394943 0.000352371 9.62972e-05 -0.00062328 0.00121642 0.00111429 0.0019701 0.00228835 -0.0019659 0.00260893 0.00594584 -0.000652054 -0.000588457 -0.000543965 0.00023376 0.00262784 -0.000385384 0.00317349 -0.000791978 -0.00189881 -0.000207286 0.00152154 -0.00618596 0.0020365 0.000659109 -0.00569938 -0.000836209 -0.0035832 -0.000265513
internal_weight=52237.1 33147.8 32889.1 25371.1 19089.3 7518.03 7409.72 3436.83 3291.73 230.309 3061.42 362.43 19034.6 18683.3 18516.1 5057.42 1038.51 4018.91 411.376 3607.53 2046.35 1021.57 793.01 228.565 984.386 1561.18 119.013 13458.7 1024.78 595.996
internal_count=17732 9460 9387 7804 8272 1583 1562 752 725 53 672 85 8250 8082 8025 2082 374 1708 170 1538 913 494 381 113 354 625 56 5943 419 291
is_linear=0
shrinkage=0.04


Tree=122
num_leaves=31
num_cat=0
split_feature=0 2 2 23 18 20 11 11 11 9 2 22 6 12 18 15 1 18 9 1 15 14 9 23 15 22 9 11 11 18
split_gain=7.54348 4.54481 4.28908 3.22742 3.14946 2.80981 4.73362 2.69718 2.69203 4.61272 2.72486 3.35364 2.50523 4.07394 2.72111 2.7713 2.7907 2.61614 2.45613 2.44604 2.60706 3.25511 3.54151 3.18398 2.33681 3.23752 3.56521 3.43343 2.63705 2.6027
threshold=0.40652096243872526 0.32315410333921962 0.13104466365609393 92.500000000000014 16.81666666666667 0.91666666666666696 0.93641519502627735 0.3896249556731271 0.67295900551535437 1502.6313634377034 0.12518807825740258 7.5000000000000009 0.37166994981473672 1.6333333333333335 9.0833333333333339 4.8166666666666673 0.31904225531813296 7.2083333333333348 1514.552482345375 0.16075461430144269 6.366666666666668 12.91666666666667 1395.2547863822222 4.5000000000000009 2.2916666666666674 8.5000000000000018 1476.6989704217619 0.5411230418554771 0.59363012597239584 8.8166666666666682
decision_type=2 2 2 2 2 2 2 2 2 2 2 2 2 2 2 2 2 2 2 2 2 2 2 2 2 2 2 2 2 2
left_child=3 2 4 12 5 6 8 -4 9 -2 -10 -12 13 17 15 16 24 -1 -3 -7 21 -21 -23 -24 -14 26 27 -26 -29 -28
right_child=1 18 7 -5 -6 19 -8 -9 10 -11 11 -13 14 -15 -16 -17 -18 -19 -20 20 -22 22 23 -25 25 -27 29 28 -30 -31
leaf_value=0.0073666750516542057 -0.0062661142857155959 0.00086093001599859349 -0.0040964537924098243 0.0089606459706267766 0.0079042278564556111 0.0011222298606473472 -0.0051401471212628247 0.00014429287008442491 0.0021113343466338313 0.0054095867913430511 0.0085116553957523648 0.00039071817762898733 0.0071164830342695705 -0.0092249623106627054 -0.00058202455146724448 0.0083156637498471072 0.0072019308770891353 -0.0017034530101861533 0.010372123003544008 -0.0033756679978480079 -0.0036187083235406144 -0.004008436438606028 0.0091185184318993955 0.0015381382522628006 0.012611963250434304 -0.0074891418545163582 1.2103175657383335e-05 -0.005676763019336728 0.005842632996161428 -0.0090245090776226722
leaf_weight=51.143182754516602 144.60711932182312 71.372063159942627 241.27015233039856 55.198312640190125 109.19529914855957 2514.0464081764221 144.3389196395874 25210.280487775803 2704.827045917511 85.252660036087036 242.16641235351562 122.42487072944641 63.487404346466064 113.66552245616913 15926.269851207733 91.971941709518433 97.27562141418457 2147.6757242679596 110.78447437286377 301.03424882888794 413.89604926109314 146.57912230491638 107.33865594863892 491.48130226135254 58.733363628387451 97.580633521080017 175.08919155597687 53.971643567085266 74.463316440582275 70.950399518013
leaf_count=22 34 20 83 22 21 470 27 7744 587 19 56 29 27 51 6868 35 40 993 30 75 93 34 24 114 24 40 71 21 28 30
internal_value=2.23528e-05 0.000386934 0.000352026 -0.000611358 0.00119077 0.0010909 0.00192707 0.000103933 0.00223771 -0.00193104 0.00255043 0.00579328 -0.000639603 -0.00187329 -0.00046877 0.00183111 0.000957945 -0.00148923 0.00667052 0.000366088 -0.000935535 0.000128183 0.00154586 0.00290986 -7.45002e-05 -0.000946376 0.000541245 0.00468835 0.00099543 -0.00261977
internal_weight=52238.4 33160.9 32978.7 19077.5 7527.19 7417.99 3443.62 25451.6 3299.28 229.86 3069.42 364.591 19022.3 2312.48 16709.8 783.524 691.552 2198.82 182.157 3974.38 1460.33 1046.43 745.399 598.82 594.276 530.789 433.208 187.168 128.435 246.04
internal_count=17732 9460 9410 8272 1583 1562 752 7827 725 53 672 85 8250 1066 7184 316 281 1015 50 810 340 247 172 138 241 214 174 73 49 101
is_linear=0
shrinkage=0.04


Tree=123
num_leaves=31
num_cat=0
split_feature=0 10 14 2 2 14 20 5 1 11 0 22 8 21 5 2 14 14 18 10 1 9 21 14 8 1 1 18 18 10
split_gain=7.48865 3.81441 5.15896 3.72907 2.84276 3.27294 3.52763 3.50151 2.97116 2.94903 3.54043 2.86219 2.80842 2.73846 3.37698 3.46022 2.90212 2.87465 2.58179 4.51059 4.13791 5.26384 4.2942 3.78753 3.50098 2.5377 4.99951 3.74827 2.78697 2.53039
threshold=0.37029264209955082 -39.0595838091782 9.9166666666666696 0.27705763704422409 0.1000076896644178 12.550000000000002 2.2083333333333339 0.032445144890772666 0.11849207201976575 0.47312591727837622 0.38162055805670342 7.5000000000000009 1430.9612454899254 1.7333333333333338 0.029152802586085217 0.56460020390297982 14.083333333333334 15.550000000000002 12.083333333333334 42.63614497265997 0.30747280551668998 1546.8457650889088 1.0000000180025095e-35 15.29166666666667 1420.5251731056128 0.17604587447499601 0.16996551696369974 10.083333333333334 7.2083333333333348 -90.238659403274468
decision_type=2 2 2 2 2 2 2 2 2 2 2 2 2 2 2 2 2 2 2 2 2 2 2 2 2 2 2 2 2 2
left_child=13 2 3 -2 5 7 25 -3 11 10 -6 -8 -4 16 17 29 -1 -15 19 23 21 22 -20 -18 -23 26 28 -27 -7 -16
right_child=1 4 12 -5 9 6 8 -9 -10 -11 -12 -13 -14 14 15 -17 18 -19 20 -21 -22 24 -24 -25 -26 27 -28 -29 -30 -31
leaf_value=-0.00085545503759505703 -0.0031901232775156836 0.0014306904204865307 -0.0050406248016107392 0.0079515446748155416 0.0097647719773308848 0.0084759987313405716 0.004749689048549958 -0.0052157998068228873 -0.0044044003109672096 0.00014049776138923487 0.0016106296851212242 -0.0028755372796500506 -0.0010058531742222431 -0.0040343791972376674 0.011339955852994766 -0.0024691189942474038 0.010154165626682142 -0.013221269214859577 0.0013490898368142205 -0.0055410174762809674 -0.0065989103703344432 -0.0096808730399188456 0.012918072270469712 -0.00042468675068533845 0.00031317940968443098 0.012320055541462234 -0.0063193940457175147 0.0021425147509107297 0.0018928474510794564 -0.00021367815955623319
leaf_weight=12394.854114294052 74.561781644821167 262.91642546653748 529.25542759895325 132.01704692840576 96.875165224075317 105.56055784225464 175.32330751419067 243.39911031723022 261.6211462020874 30460.038172006607 663.0512056350708 141.44650459289551 577.01030421257019 412.15622198581696 57.322659373283386 361.17990362644196 164.89824211597443 62.212040781974792 111.19154620170593 59.036287307739258 127.15131998062134 59.875131964683533 94.781611919403076 80.274022221565247 711.70032870769501 92.832754850387573 115.64658188819885 152.58877682685852 3077.6479201316833 63.11605441570282
leaf_count=5593 28 60 192 48 37 20 28 54 54 9348 227 23 202 193 25 195 70 25 43 24 56 28 34 32 285 21 26 35 585 27
internal_value=-4.11956e-05 0.000261552 -0.0018553 0.00393412 0.000339124 0.00126407 0.00163683 -0.00176843 -0.0012579 0.000201947 0.00266158 0.00134648 -0.00293896 -0.000803414 -0.00287273 -0.00051094 -0.000659905 -0.00526449 0.00105983 0.00431633 0.00015998 0.00104496 0.00670942 0.0067028 -0.000473897 0.00210945 0.00181629 0.00602663 0.00211375 0.00533336
internal_weight=51921.5 37161.8 1312.84 206.579 35848.9 4628.98 4122.67 506.316 578.391 31220 759.926 316.77 1106.27 14759.7 955.987 481.619 13803.8 474.368 1408.91 304.209 1104.7 977.549 205.973 245.172 771.575 3544.28 3298.86 245.422 3183.21 120.439
internal_count=17618 10988 470 76 10518 906 792 114 105 9612 264 51 394 6630 465 247 6165 218 572 126 446 390 77 102 313 687 631 56 605 52
is_linear=0
shrinkage=0.04


Tree=124
num_leaves=31
num_cat=0
split_feature=0 10 14 2 17 2 14 5 11 0 8 1 1 18 1 9 18 5 10 21 18 1 9 5 21 5 5 18 21 22
split_gain=7.19901 3.66961 4.9607 3.55269 2.93756 2.72564 3.14112 3.38325 2.82492 3.35504 2.72279 2.6994 3.86751 3.7987 2.48357 2.43751 3.85432 3.06126 2.40436 2.48002 3.91506 3.82522 4.9856 2.98796 4.3139 3.75697 2.96086 3.8393 3.23007 3.17095
threshold=0.37029264209955082 -39.0595838091782 9.9166666666666696 0.27705763704422409 0.29166666666666669 0.1000076896644178 12.550000000000002 0.032445144890772666 0.47312591727837622 0.38162055805670342 1430.9612454899254 0.17604587447499601 0.16996551696369974 10.083333333333334 0.15784735757636428 1516.3105028090326 11.29166666666667 0.032162152150955199 -380.38850570219296 -0.16666666666666655 7.2083333333333348 0.31098666569552985 1510.8197469846027 0.034907013538054039 -0.49999999999999989 0.033282663447436585 0.029198852824781855 16.550000000000004 -0.36666666666666664 14.500000000000002
decision_type=2 2 2 2 2 2 2 2 2 2 2 2 2 2 2 2 2 2 2 2 2 2 2 2 2 2 2 2 2 2
left_child=4 2 3 -2 -1 6 7 -3 9 -7 -4 12 -8 -13 -9 -11 17 -17 -6 20 -20 22 -21 25 -25 26 27 28 -22 -28
right_child=1 5 10 -5 18 8 11 14 -10 15 -12 13 -14 -15 -16 16 -18 -19 19 21 23 -23 -24 24 -26 -27 29 -29 -30 -31
leaf_value=-0.0046934290469591274 -0.0031375557629286302 0.0014003620826121286 -0.0049658620671881575 0.0077328929381465126 -0.0065316153443564671 0.009479780745330851 0.0015704051213939212 -0.0021654661752683875 0.00013768754170339628 -0.0013305828840210279 -0.00098690853080499663 0.011930134626885818 -0.0055908520677460547 0.0017818677686979789 -0.010666919006094346 0.014794586439535493 0.00072724454102111966 0.0026692664600029732 0.0084600439309716179 0.0026671370318730589 -0.0029349095843026118 -0.001893415688776223 -0.00033016438539840913 0.010689967740975788 -0.0027879419898149964 -0.0065373699329263962 0.0002328120710821132 -0.010396821055104808 -4.1722839026503268e-05 0.011300832601593053
leaf_weight=300.90300023555756 74.324299812316895 263.2928466796875 526.5943591594696 133.07097053527832 111.50272119045258 97.825762033462524 3754.7408638000488 158.3328058719635 30464.318054199219 272.02163815498352 576.43020701408386 93.983533382415771 123.70526742935181 156.99580597877502 83.800086259841919 69.975345849990845 258.33429431915283 63.788719892501831 60.428357839584351 1004.7395058870316 1621.1082382202148 2072.4485684633255 7578.8896994590759 72.964432597160339 77.467145919799805 264.63501298427582 455.79543268680573 85.605982303619385 996.88989591598511 44.560655236244202
leaf_count=149 28 60 192 48 66 37 707 34 9348 95 202 21 28 36 20 24 85 23 25 427 691 948 3438 32 37 118 205 38 436 20
internal_value=-4.0406e-05 0.000256277 -0.001822 0.00384089 -0.000788151 0.00033227 0.00123732 -0.00173664 0.000197899 0.00260196 -0.00288928 0.00160166 0.00134061 0.00561433 -0.00513952 0.00157612 0.00359093 0.00907504 -0.000706492 -0.000660731 -0.00155593 -0.00035151 2.09485e-05 -0.00172546 0.00377673 -0.00196511 -0.00158554 -0.00210855 -0.00183367 0.00123908
internal_weight=51919.5 37171.5 1310.42 207.395 14747.9 35861.1 4634.85 505.426 31226.3 761.946 1103.02 4129.43 3878.45 250.979 242.133 664.12 392.098 133.764 14447 14335.5 3679.46 10656.1 8583.63 3619.03 150.432 3468.6 3203.96 2703.6 2618 500.356
internal_count=17618 10988 470 76 6630 10518 906 114 9612 264 394 792 735 57 54 227 132 47 6481 6415 1602 4813 3865 1577 69 1508 1390 1165 1127 225
is_linear=0
shrinkage=0.04


Tree=125
num_leaves=31
num_cat=0
split_feature=3 10 14 2 17 14 7 17 22 2 23 22 20 22 22 19 13 15 18 17 14 13 9 22 21 10 5 18 1 20
split_gain=6.92044 3.53023 4.77012 3.38554 2.84017 2.64733 4.48403 4.14568 4.1874 4.03541 3.89318 5.32676 3.50723 3.46263 3.91996 3.61001 3.0373 3.94578 3.72502 2.90483 3.2617 6.26618 3.29924 3.63967 3.0288 2.8881 2.86184 4.96024 2.84711 2.73732
threshold=-0.53096158270725391 -39.0595838091782 9.9166666666666696 0.27705763704422409 0.29166666666666669 12.550000000000002 -1.0000000180025095e-35 2.8166666666666669 5.5000000000000009 0.10946559064862037 86.500000000000014 47.500000000000007 2.2083333333333339 69.500000000000014 19.500000000000004 1.8166666666666669 0.91666666666666685 3.0833333333333335 9.9166666666666696 2.3666666666666671 8.5500000000000025 1.4500000000000002 1517.2003709495091 4.5000000000000009 -0.49999999999999989 124.48857747163505 0.029759214625957656 12.083333333333334 0.11849207201976575 1.5500000000000005
decision_type=2 2 2 2 2 2 2 2 2 2 2 2 2 2 2 2 2 2 2 2 2 2 2 2 2 2 2 2 2 2
left_child=4 2 3 -2 -1 7 9 10 -9 12 11 16 -7 14 15 -11 17 -3 -19 20 21 -18 23 24 26 -10 27 -22 -14 -17
right_child=1 5 -4 -5 -6 6 -8 8 25 13 -12 -13 28 -15 -16 29 19 18 -20 -21 22 -23 -24 -25 -26 -27 -28 -29 -30 -31
leaf_value=-0.0046222999439522149 -0.0030856950278588834 0.0014825606543951552 -0.0028402875058725291 0.0075218901553246132 -0.0006929947149479607 0.0019583373016177625 0.0046831417571627856 0.0032797640140803104 -0.0023695310632153629 0.0092325168657389975 0.0089507925961624015 -0.0059970174252712387 0.0012847807148778389 0.004948983693517546 -0.0046283660875097469 0.00034110708194945801 -0.0058078501028851846 0.00060714290685463215 -0.0024225953423676404 0.0033799409376824054 -0.0034741930700741071 0.0012599938616047132 0.0020659279678564664 0.00058782825050277183 -0.0032108894858068645 -0.0094680709428278526 0.0030940486505262135 0.005045537183600424 -0.0042304211600901068 -0.0017712056475608184
leaf_weight=299.49404060840607 74.091468572616577 903.14541149139404 1099.8474514484406 134.10398292541504 14436.863148927689 4212.2214772701263 428.38261032104492 105.28892922401428 194.48911929130554 69.795588254928589 77.428797006607056 231.20624375343323 317.69689416885376 241.61516213417053 270.73291039466858 12597.164813995361 387.44859743118286 924.22471356391907 2178.9359419345856 510.96844792366028 473.69396924972534 414.64619779586792 1760.1046807765961 6753.5958378314972 828.89608597755432 174.06528973579407 330.91229033470154 141.11211252212524 281.72666358947754 1063.539219379425
leaf_count=149 28 317 394 48 6481 831 146 31 59 21 24 75 51 67 77 3659 139 286 704 149 159 143 581 2189 279 48 103 45 59 276
internal_value=-3.96289e-05 0.000251112 -0.00178924 0.00375022 -0.00077316 0.000325557 0.000640715 -4.90848e-05 -0.00373206 0.000549593 6.07885e-05 1.67671e-05 0.00155098 0.00021121 0.000129104 0.00022324 0.000106232 -0.000843187 -0.00152033 0.000434139 0.000298124 -0.00215708 0.000489727 0.000164217 -0.00144733 -0.00573866 0.000100142 -0.0015137 -0.00131007 0.000176538
internal_weight=51917.4 37181.1 1308.04 208.195 14736.4 35873 19482.9 16390.2 473.843 19054.5 15916.3 15838.9 4811.65 14242.8 14001.2 13730.5 15607.7 4006.31 3103.16 11601.4 11090.4 802.095 10288.3 8528.21 1774.61 368.554 945.718 614.806 599.424 13660.7
internal_count=17618 10988 470 76 6630 10518 5187 5331 138 5041 5193 5169 941 4100 4033 3956 5094 1307 990 3787 3638 282 3356 2775 586 107 307 204 110 3935
is_linear=0
shrinkage=0.04


Tree=126
num_leaves=31
num_cat=0
split_feature=14 17 0 6 10 15 18 18 18 9 15 14 18 17 18 18 14 5 14 19 17 9 14 14 6 10 22 18 6 5
split_gain=5.64634 5.23818 4.10663 3.61523 4.76376 3.35827 3.24956 3.625 3.17619 3.79122 3.70076 3.10187 3.02675 3.86432 3.04929 2.98935 2.77353 3.18338 4.24985 2.72759 2.7202 2.68037 2.64935 2.66119 2.59149 2.58861 2.51133 2.70113 2.33399 2.32294
threshold=14.633333333333335 2.9166666666666674 0.16556607819981803 0.54005274930724811 365.05774775975618 7.0833333333333348 21.416666666666668 19.583333333333339 16.550000000000004 1626.6806583945793 2.8166666666666669 8.0833333333333339 9.6333333333333346 1.0833333333333337 5.7500000000000009 9.8166666666666682 14.183333333333335 0.036441426641012693 10.816666666666668 3.8166666666666669 0.63333333333333341 1558.3566863991161 14.450000000000001 14.083333333333334 0.61199436687241582 -33.848146112238162 23.500000000000004 10.816666666666668 0.50386600506167689 0.023122382601415196
decision_type=2 2 2 2 2 2 2 2 2 2 2 2 2 2 2 2 2 2 2 2 2 2 2 2 2 2 2 2 2 2
left_child=1 2 6 4 12 11 7 8 -1 -10 -11 -5 14 16 -4 28 17 -14 -19 -18 -12 26 23 25 -22 -16 -17 -28 -15 -3
right_child=-2 29 3 5 -6 -7 -8 -9 9 10 20 -13 13 15 22 21 19 18 -20 -21 24 -23 -24 -25 -26 -27 27 -29 -30 -31
leaf_value=-0.003443829234881509 0.00076676538052010889 0.0019184774780568682 -0.0070850792435321478 -0.0045424296234272141 -0.0085908282895726454 -0.0060452238684093754 0.0073552082720285544 -0.010276013275974723 -0.01021857039370151 -0.0082149500110675379 0.011632161476908029 0.00069796801679901377 0.00010480387789588327 -0.005794690990222273 -0.0021599816075317142 -0.00050590168215732434 0.0029461198978875543 -0.001440712232088619 0.0064494376984936498 -0.0052782693798848427 -0.0025942735409071899 -0.0022030553180049004 -0.0075052474469490564 0.0063116006746396858 0.0057497949164138883 0.00088420200455593164 0.003350859429667816 -0.0059170211727868219 0.0026460979810269043 -0.0056484699159320981
leaf_weight=884.51965510845184 11336.753313183784 77.040218114852905 81.9422287940979 183.05238723754883 110.76349949836731 122.01637291908264 52.634731650352478 92.858975529670715 42.532431483268738 45.346325516700745 58.051580548286438 10032.366519451141 7820.422961473465 318.848788022995 492.68191182613373 11561.430186510086 84.046173095703125 173.77695512771606 291.62749862670898 269.12854659557343 106.69867885112762 1947.9902575016022 62.105117559432983 132.71009182929993 132.51953172683716 4723.3920506238937 61.886462450027466 255.68744087219238 62.078378438949585 397.16295480728149
leaf_count=491 2973 26 28 67 31 29 29 52 23 27 32 2898 3191 119 210 4228 29 74 102 99 61 832 20 42 68 1634 21 94 18 111
internal_value=-2.26272e-05 -0.000242644 -0.00019329 -0.000116041 -0.000348817 0.000524573 -0.00230902 -0.00268747 -0.00212482 0.000905443 0.0023121 0.000603629 -0.000316302 -0.000518991 0.000526705 -0.000924616 0.000148141 0.000296277 0.00350657 -0.00331829 0.00394008 -0.000828124 0.000643265 0.000739263 0.00203278 0.000596306 -0.000602488 -0.00410612 -0.0044158 -0.00441767
internal_weight=52014.1 40677.3 40203.1 38788 28450.5 10337.4 1415.16 1362.53 1269.67 385.149 342.616 10215.4 28339.8 22846.9 5492.83 14207.9 8639 8285.83 465.404 353.175 297.27 13827 5410.89 5348.78 239.218 5216.07 11879 317.574 380.927 474.203
internal_count=17659 14686 14549 13766 10772 2994 783 754 702 211 188 2965 10741 8807 1934 5312 3495 3367 176 128 161 5175 1906 1886 129 1844 4343 115 137 137
is_linear=0
shrinkage=0.04


Tree=127
num_leaves=31
num_cat=0
split_feature=14 17 0 6 10 15 18 18 18 9 15 14 18 17 13 23 18 10 17 23 5 18 14 6 18 16 2 0 21 15
split_gain=5.42214 5.05747 3.95685 3.47293 4.62107 3.24328 3.11633 3.53726 3.0648 3.67046 3.5649 2.9903 2.90837 3.71726 3.40669 3.52788 2.94821 2.9448 3.57396 3.79522 4.20626 3.56185 3.34942 3.48117 3.01611 2.95863 3.28616 2.89427 2.86431 2.83645
threshold=14.633333333333335 2.9166666666666674 0.16556607819981803 0.54005274930724811 365.05774775975618 7.0833333333333348 21.416666666666668 19.583333333333339 16.550000000000004 1626.6806583945793 2.8166666666666669 8.0833333333333339 9.6333333333333346 1.0833333333333337 0.91666666666666685 24.500000000000004 5.7500000000000009 148.20431937423328 1.2916666666666667 7.5000000000000009 0.024125135504890153 11.450000000000001 13.583333333333334 0.52435913451107508 9.8166666666666682 1.0833333333333337 0.16744094225304568 0.47226976571253071 -0.66666666666666663 3.0833333333333335
decision_type=2 2 2 2 2 2 2 2 2 2 2 2 2 2 2 2 2 2 2 2 2 2 2 2 2 2 2 2 2 2
left_child=1 2 6 4 12 11 7 8 -1 -10 -11 -5 16 -14 29 17 -4 24 -19 20 -20 -21 23 25 -16 26 -22 -17 -24 -15
right_child=-2 -3 3 5 -6 -7 -8 -9 9 10 -12 -13 13 14 15 27 -18 18 19 21 22 -23 28 -25 -26 -27 -28 -29 -30 -31
leaf_value=-0.0033872496657750347 0.00075095431819248741 -0.0043494720058454743 -0.0069953253669416664 -0.004473057504456055 -0.0084944479699748769 -0.005962122105731724 0.0071594366300548051 -0.010178051128827739 -0.010121807093293468 -0.0081209543421589502 0.0038473195195890385 0.00068362325876573763 0.00014515941462868158 0.00026521143734744901 -0.0054748437944931484 -0.0069728144197218345 0.0006300448190049181 -0.0034351729738958184 -0.0051206600015846863 0.00028344581632980286 0.011518892374353593 0.0070912076790988288 -0.0084673556895660546 -0.0044315309517853549 -0.00065184839602144839 0.00017528236863101847 0.0034718679805120353 0.0026074620461954642 0.0022828296226134531 -0.0026691722757447339
leaf_weight=881.4787575006485 11345.449263215065 472.11407470703125 81.363713264465332 182.22277092933655 109.81602454185486 121.28098058700562 53.023298263549805 91.909640908241272 42.100023627281189 44.975332975387573 298.43670666217804 10039.37123298645 8640.2896968126297 665.70546793937683 211.65933763980865 230.1656494140625 5414.3803178071976 258.30127739906311 187.5579686164856 200.51347732543945 105.42505264282227 317.30771470069885 92.002647161483765 103.96862840652466 8526.1488220691681 287.43512845039368 349.53632783889771 63.966916084289551 68.531590461730957 2526.5827052593231
leaf_count=491 2973 137 28 67 31 29 29 52 23 27 161 2898 3495 258 81 91 1906 84 61 63 30 99 28 28 3348 96 118 20 20 887
internal_value=-2.2226e-05 -0.000237941 -0.000189542 -0.00011379 -0.000342052 0.000513851 -0.00226879 -0.00264166 -0.00208737 0.00088591 0.00226085 0.000591265 -0.000310153 -0.000508974 -0.000907122 -0.000573235 0.0005159 -0.000454286 0.000942169 0.00160412 0.000363042 0.0044607 0.00138857 0.00239366 -0.000769291 0.00335416 0.00535772 -0.00488755 -0.00389241 -0.00205736
internal_weight=52013 40667.6 40195.5 38783.5 28440.7 10342.9 1411.92 1358.9 1266.99 385.512 343.412 10221.6 28330.8 22835.1 14194.8 11002.5 5495.74 10708.4 1970.58 1712.28 1194.46 517.821 1006.9 846.365 8737.81 742.397 454.961 294.133 160.534 3192.29
internal_count=17659 14686 14549 13766 10772 2994 783 754 702 211 188 2965 10741 8807 5312 4167 1934 4056 627 543 381 162 320 272 3429 244 148 111 48 1145
is_linear=0
shrinkage=0.04


Tree=128
num_leaves=31
num_cat=0
split_feature=14 17 3 18 18 18 9 15 15 17 5 9 21 19 19 17 10 11 5 17 18 23 14 9 8 20 2 8 14 18
split_gain=5.207 4.88249 3.81265 2.98894 3.45094 2.95662 3.55325 3.43393 2.58972 2.56097 2.26009 2.22018 2.4712 2.11076 3.76741 2.1503 3.56382 3.95424 3.49852 3.28294 3.09107 3.06577 2.69997 2.56897 2.47718 2.4043 2.32107 3.83691 3.45916 3.38811
threshold=14.633333333333335 2.9166666666666674 -1.6173831879196834 21.416666666666668 19.583333333333339 16.550000000000004 1626.6806583945793 2.8166666666666669 7.0833333333333348 0.63333333333333341 0.023122382601415196 1723.4942533255469 1.291666666666667 1.4166666666666667 1.8166666666666669 1.0833333333333337 -275.12527708662725 0.57075055751722903 0.021976533556580694 0.45000000000000007 15.550000000000002 76.500000000000014 14.450000000000001 1488.963392781762 1569.8266394213415 2.0833333333333339 0.13104466365609393 1654.5174939946103 14.083333333333334 10.91666666666667
decision_type=2 2 2 2 2 2 2 2 2 2 2 2 2 2 2 2 2 2 2 2 2 2 2 2 2 2 2 2 2 2
left_child=1 2 3 4 5 -1 -7 -8 13 -9 -3 -11 -13 -4 -15 16 -16 18 20 24 23 25 -20 -18 -19 -21 27 28 29 -17
right_child=-2 10 8 -5 -6 6 7 9 -10 11 -12 12 -14 14 15 26 17 19 22 21 -22 -23 -24 -25 -26 -27 -28 -29 -30 -31
leaf_value=-0.0033314097712345437 0.00073548104223083804 0.0019708125953702585 -0.0061483797816271534 0.0069702023671911759 -0.010080046843373786 -0.010025025970508162 -0.0080273052575940591 0.011156449089285781 -0.0056180638414305359 0.0083563564387070313 -0.0055059991643278275 0.0054991602699212419 -0.0041011585521332364 0.0046927480707721712 0.0092764724997484622 9.1156049699259783e-05 0.0015330600256490193 -0.0067825451993459851 -1.8364754286443647e-05 0.0012870147005093764 0.0048552787790310178 0.009918918305061258 -0.0065310082137016688 -0.0065077204828283275 0.0012034651120019239 -0.0061131985811974324 -0.00044375012007257224 -0.00078720931486087682 0.0082408274648414943 0.0046569464172572248
leaf_weight=878.49802243709564 11353.972392678261 76.853161096572876 90.860038757324219 53.404276847839355 90.978923797607422 41.676044702529907 44.61156952381134 58.957180380821228 135.17521739006042 62.07150936126709 393.21192538738251 69.176769495010376 109.38163995742798 262.06488275527954 69.688798069953918 777.76219606399536 78.445966958999634 144.23986911773682 6403.6137552261353 5055.1562769412994 58.059090614318848 64.134708881378174 102.49697124958038 326.93984043598175 108.16964077949524 70.261685371398926 23289.820557236671 1212.0225038528442 140.61078453063965 389.69018459320068
leaf_count=491 2973 26 30 29 52 23 27 32 34 32 111 36 61 81 34 181 32 53 2741 1673 22 21 40 137 35 18 8251 264 31 88
internal_value=-2.18391e-05 -0.000233338 -0.000185877 -0.00222925 -0.0025966 -0.00205059 0.00086646 0.00221044 -0.00011159 0.00375657 -0.00428199 0.00190485 -0.000371909 -9.21839e-05 -7.77518e-05 -0.000110523 0.000320508 0.000269478 -0.0003614 0.00107737 -0.0037154 0.00129423 -0.000121953 -0.00495181 -0.00336891 0.0011844 -0.000318966 0.000833966 0.00233557 0.00161788
internal_weight=52012 40658 40188 1408.76 1355.35 1264.37 385.875 344.199 38779.2 299.587 470.065 240.63 178.558 38644 38553.2 38291.1 12481.2 12411.5 6969.56 5441.96 463.445 5189.55 6506.11 405.386 252.41 5125.42 25809.9 2520.09 1308.06 1167.45
internal_count=17659 14686 14549 783 754 702 211 188 13766 161 137 129 97 13732 13702 13621 4806 4772 2972 1800 191 1712 2781 169 88 1691 8815 564 300 269
is_linear=0
shrinkage=0.04


Tree=129
num_leaves=31
num_cat=0
split_feature=3 6 14 6 5 13 6 17 8 6 13 20 8 12 9 5 14 14 2 21 1 22 5 12 21 15 5 5 8 5
split_gain=5.85479 3.81759 2.99617 3.31066 4.16185 3.87356 2.82507 2.63241 2.73914 2.81813 2.61885 4.34664 5.21208 3.06239 4.57094 3.69221 2.91639 2.98457 2.87332 2.60465 2.57762 2.50301 2.84226 2.9946 2.47844 4.80867 4.18329 4.98744 3.37398 4.59562
threshold=-0.60953358376194744 0.43694418840146965 16.916666666666668 0.57376944900321891 0.023625140973057016 2.9166666666666674 0.28738023480725122 1.9166666666666667 1426.5567082377036 0.51542426645519435 2.0833333333333335 -1.1833333333333329 1429.8439580407237 1.0833333333333337 1435.9966245307899 0.027397553523179411 11.29166666666667 10.083333333333334 0.34667421421714389 0.55000000000000027 0.3125661216308771 6.5000000000000009 0.022033099651571856 1.0833333333333337 0.66666666666666696 2.6333333333333337 0.0348017734937991 0.030860262378641371 1382.1790844258378 0.029115288567905687
decision_type=2 2 2 2 2 2 2 2 2 2 2 2 2 2 2 2 2 2 2 2 2 2 2 2 2 2 2 2 2 2
left_child=2 6 3 7 -5 24 -2 -1 9 -9 11 12 -3 14 15 -12 17 -16 20 -8 -13 22 -20 -24 26 -26 27 28 -6 -30
right_child=1 10 -4 4 5 -7 19 8 -10 -11 13 18 -14 -15 16 -17 -18 -19 21 -21 -22 -23 23 -25 25 -27 -28 -29 29 -31
leaf_value=-0.00084183884540109074 -0.0082272430755373459 -4.0517839560044646e-05 -0.0066694653779550452 0.0045581734097403766 -0.0038996713505394264 -0.0086719086035496346 -0.00062032429083551562 0.0030165121591828169 -0.005884029972480667 -0.0053268167196048113 0.011255752987925116 0.00044208094438982472 0.012770695615651105 -0.0018636082250674765 -0.00061000506681820553 0.0017877864664582852 0.0023959367247730046 -0.0101785134200525 0.0071921895419667231 0.0013839435998936078 0.0078276083982868599 0.0044746021776129611 0.0043016109391341454 -0.0046437584692505503 -0.011244387077310751 -0.00026266392185525359 0.0093782276788535041 -0.0051454842652842404 0.0018979072870832499 0.011171541976735689
leaf_weight=9296.8567357063293 72.895748615264893 100.89548373222351 133.89999890327454 363.42611002922058 102.97709560394287 79.405943512916565 8518.4156270027161 153.71482133865356 346.64507853984833 110.43347978591919 102.46882390975952 26221.454231739044 101.34272146224976 1502.3421249389648 126.76249933242798 182.81723260879517 174.20114469528198 87.783933401107788 70.69914174079895 1180.3170387744904 74.831926584243774 540.53404879570007 87.552094697952271 184.27776336669922 66.27714741230011 1234.6601448059082 105.00853490829468 168.85158705711365 369.37567603588104 110.48279464244843
leaf_count=4368 30 35 56 136 46 37 3153 70 152 46 31 7129 31 442 44 53 56 28 23 445 28 175 30 61 37 575 46 72 141 45
internal_value=8.97695e-06 0.000249681 -0.00073982 -0.000675815 0.000594239 -5.14853e-05 -0.000435695 -0.00100919 -0.00355094 -0.000478549 0.000476268 0.000582423 0.0064105 -0.000858946 0.00137977 0.00521592 -0.00144158 -0.00455412 0.000538823 -0.000376291 0.000463395 0.00278188 0.000105392 -0.00175739 0.000269637 -0.000830342 0.00193903 0.00088872 0.00264269 0.00405186
internal_weight=51971.6 39329.6 12642 12508.1 2600.47 2237.04 9771.63 9907.65 610.793 264.148 29558 27381.6 202.238 2176.38 674.034 285.286 388.748 214.546 27179.3 9698.73 26296.3 883.063 342.529 271.83 2157.63 1300.94 856.696 751.687 582.836 479.858
internal_count=17621 11794 5827 5771 1135 999 3628 4636 268 116 8166 7512 66 654 212 84 128 72 7446 3598 7157 289 114 91 962 612 350 304 232 186
is_linear=0
shrinkage=0.04


Tree=130
num_leaves=31
num_cat=0
split_feature=0 6 19 16 14 6 8 10 17 16 16 13 20 8 12 13 2 18 10 6 19 19 22 17 8 6 1 19 18 10
split_gain=5.62817 3.66657 3.18656 3.06632 2.90283 3.1832 3.01125 3.50457 5.25327 3.00323 2.85942 2.83768 3.84867 5.30143 3.03258 3.18794 2.80108 4.02184 4.20649 2.70577 2.65948 2.55923 2.78738 2.54348 2.6579 2.7158 2.47052 2.46112 2.77217 3.77689
threshold=0.35216560111520917 0.43694418840146965 4.916666666666667 1.0000000180025095e-35 16.916666666666668 0.57376944900321891 1535.3701345153038 -196.24600930734127 0.81666666666666676 1.6333333333333335 1.9166666666666667 2.0833333333333335 -1.1833333333333329 1429.8439580407237 1.0833333333333337 2.2916666666666674 0.34667421421714389 13.91666666666667 77.272550139316778 0.61397127289547837 1.8166666666666669 3.6333333333333337 7.5000000000000009 1.9166666666666667 1426.5567082377036 0.51542426645519435 0.3125661216308771 2.0833333333333335 10.91666666666667 113.77988704864164
decision_type=2 2 2 2 2 2 2 2 2 2 2 2 2 2 2 2 2 2 2 2 2 2 2 2 2 2 2 2 2 2
left_child=4 2 20 -3 5 23 10 -8 -9 -10 -7 12 13 -5 15 -13 26 18 -18 -19 -2 -17 -23 27 25 -25 -14 -1 29 -29
right_child=1 3 -4 11 -6 6 7 8 9 -11 -12 14 16 -15 -16 21 17 19 -20 -21 -22 22 -24 24 -26 -27 -28 28 -30 -31
leaf_value=-0.0074586737740693614 0.0044537801037224109 0.0063124400973047154 0.0019049443198265147 -0.00061941383486406577 -0.0065818334953160057 0.0015850854591952035 0.012838736572115818 -0.0061740052209306 0.012377493882685935 0.0026997756834931984 -0.0013856627789788304 -0.0029951959867407299 0.00041181589530644465 0.012360580753961112 -0.0019635335589713492 0.0064978414143655886 0.003268188611935023 -0.0024689156692011332 0.012505161507044435 0.0043139514261920173 -0.00074443372904650293 -0.0024546442760565216 0.0058858420540285122 0.0029480425854687665 -0.005801770982862625 -0.0052498767529340472 0.0076145252319181336 0.00032591400035108826 -0.0011111787206261516 0.01176073533833216
leaf_weight=87.664781332015991 159.3747410774231 141.87456178665161 854.36376667022705 97.724983692169189 133.00992918014526 923.0676805973053 54.649658799171448 93.953961491584778 61.649089574813843 288.84660673141479 1179.8723579645157 196.9974262714386 26108.687253236771 102.64523768424988 1488.3879449367523 198.53009390830994 369.91524744033813 273.79170751571655 99.710752725601196 142.10342025756836 8753.644718170166 177.06334328651428 99.191772222518921 154.1792049407959 344.61139822006226 109.84678518772125 75.419979095458984 1812.8229645490646 7342.1180412769318 46.427789449691772
leaf_count=40 55 34 324 34 56 392 24 39 21 106 553 63 7100 31 439 59 124 93 33 39 3249 57 32 70 152 46 28 837 3471 20
internal_value=8.7703e-06 0.000244653 -0.000427252 0.000466584 -0.00072575 -0.000662914 0.000581866 0.0033717 0.00218142 0.00443237 -8.15444e-05 0.000438189 0.000548743 0.00605831 -0.000957055 0.00127248 0.000507739 0.00271909 0.00525178 -0.000146551 -0.000650995 0.0030458 0.000550507 -0.000990185 -0.00349325 -0.000469603 0.000432852 -0.000825821 -0.000761823 0.000617624
internal_weight=51972.1 39339.4 9767.38 29572 12632.7 12499.7 2602.04 499.099 444.45 350.496 2102.94 29430.2 27270 200.37 2160.17 671.783 27069.6 885.521 469.626 415.895 8913.02 474.785 276.255 9897.67 608.637 264.026 26184.1 9289.03 9201.37 1859.25
internal_count=17621 11794 3628 8166 5827 5771 1135 190 166 127 945 8132 7482 65 650 211 7417 289 157 132 3304 148 89 4636 268 116 7128 4368 4328 857
is_linear=0
shrinkage=0.04


Tree=131
num_leaves=31
num_cat=0
split_feature=0 6 19 5 16 13 20 8 12 8 9 16 12 2 16 2 23 1 2 6 5 13 17 10 16 6 1 19 19 5
split_gain=5.40986 3.52141 3.05873 5.2478 2.92516 2.7262 3.67174 5.00466 2.92465 3.09225 3.01323 4.72443 3.51505 2.68141 2.60172 3.70026 4.34586 3.43859 2.67933 2.54887 4.02774 3.58953 3.06426 3.39294 2.91374 2.87449 2.87785 2.72596 2.5475 2.54229
threshold=0.35216560111520917 0.43694418840146965 4.916666666666667 0.033027030953487919 1.0000000180025095e-35 2.0833333333333335 -1.1833333333333329 1429.8439580407237 1.3666666666666669 1657.3260468718713 1447.1973457952038 0.91666666666666685 1.0833333333333337 0.34667421421714389 1.4500000000000002 0.35215926959244825 6.5000000000000009 0.27391335785052051 0.35403269436591261 0.57376944900321891 0.023625140973057016 2.9166666666666674 0.81666666666666676 -42.779771887557892 1.6333333333333335 0.61538392729354519 0.23512717224354404 3.6333333333333337 1.8166666666666669 0.020266287447519574
decision_type=2 2 2 2 2 2 2 2 2 2 2 2 2 2 2 2 2 2 2 2 2 2 2 2 2 2 2 2 2 2
left_child=19 2 28 -4 -3 6 7 -6 10 -10 11 12 -7 -8 15 -15 -17 -18 -16 -1 -21 22 23 -22 25 27 -27 -24 -2 -30
right_child=1 4 3 -5 5 8 13 -9 9 -11 -12 -13 -14 14 18 16 17 -19 -20 20 21 -23 24 -25 -26 26 -28 -29 29 -31
leaf_value=-0.0010067312069603845 0.0043463883502782782 0.0061488726810650452 -0.00011787212078537608 0.0068077932637195136 -0.00060761097258629521 0.0027093648131932976 0.00042407370184386521 0.011968497880942602 -0.0032985068647054879 0.0053237245734065195 -0.0016192983425675307 0.0056283449230618496 -0.006179382588236795 -0.001835957972237181 0.0058790001518862359 0.00094789686848793374 0.0055298559770568237 0.018125495924895034 -0.00042854445359774508 0.0041993808383334443 -0.00128583390935752 -0.0085833307866259919 -0.0011367184918295093 -0.010378259127746273 -2.2714061524069367e-05 0.0043838772937850072 -0.007136165520524808 0.0089519546488678776 -0.0095286240819131666 -0.00067726593189672605
leaf_weight=9946.6606714725494 160.08614420890808 142.77296757698059 611.7896900177002 244.20314264297485 97.664469718933105 152.2759313583374 26195.437906980515 103.92186665534973 857.43312335014343 71.253684282302856 620.56285238265991 324.59008741378784 131.99177694320679 77.761172294616699 141.17251110076904 82.601824522018433 64.366277694702148 77.440354108810425 444.5838623046875 378.8338543176651 417.77704977989197 78.774549841880798 55.596398115158081 77.002265453338623 1346.7279504537582 79.003309965133667 60.275109052658081 182.92489862442017 51.237491130828857 8695.8931376934052
leaf_count=4662 55 34 234 90 34 44 7128 31 252 16 201 98 39 27 46 29 20 27 140 141 211 37 21 33 594 34 21 73 19 3230
internal_value=8.59092e-06 0.00023974 -0.000418944 0.00186356 0.000457111 0.000429303 0.000537558 0.00590271 -0.000938989 -0.00263195 0.000340949 0.00233826 -0.00142507 0.000497408 0.00265799 0.0056664 0.0082627 0.0124871 0.00109906 -0.000711889 0.000383629 -0.000246942 5.26912e-05 -0.00271896 0.000849013 0.00394828 -0.000616949 0.00660548 -0.00063848 -0.000730197
internal_weight=51972.6 39349 9763.21 855.993 29585.8 29443.1 27285 201.586 2158.11 928.687 1229.42 608.858 284.268 27083.4 887.926 302.17 224.408 141.807 585.756 12623.6 2676.92 2298.08 2219.31 494.779 1724.53 377.8 139.278 238.521 8907.22 8747.13
internal_count=17621 11794 3628 324 8166 8132 7482 65 650 268 382 181 83 7417 289 103 76 47 186 5827 1165 1024 987 244 743 149 55 94 3304 3249
is_linear=0
shrinkage=0.04


Tree=132
num_leaves=31
num_cat=0
split_feature=6 12 9 2 5 10 10 13 2 13 16 5 19 0 18 5 1 14 1 22 6 0 14 1 19 6 14 16 8 2
split_gain=5.34733 3.5079 4.03347 3.91605 3.83497 3.66348 3.49895 3.05875 3.24046 3.89147 3.05498 2.91632 3.78899 3.65543 4.78924 3.64891 3.87225 3.30485 4.08567 3.17299 4.35124 3.87029 3.76505 3.75465 2.90769 3.13883 2.88189 4.06283 2.94105 2.81738
threshold=0.41478643216080407 2.2916666666666674 1548.1727437251777 0.36878816997169567 0.032385203570775463 -131.68374476930475 84.553348451627599 1.2916666666666667 0.42388193755820547 1.8166666666666669 1.9166666666666667 0.033898637186899234 1.9166666666666667 0.14020868820969382 20.750000000000004 0.033282663447436585 0.32129340859359473 10.633333333333335 0.16724994499175189 3.5000000000000004 0.54267287268572628 0.71842827212814375 14.083333333333334 0.21458890415245455 4.8166666666666673 0.44923727066584213 13.91666666666667 0.63333333333333341 1566.4389553372841 0.35403269436591261
decision_type=2 2 2 2 2 2 2 2 2 2 2 2 2 2 2 2 2 2 2 2 2 2 2 2 2 2 2 2 2 2
left_child=1 2 6 5 7 -4 10 -5 -9 -10 -1 12 -2 14 17 16 -15 -14 -19 20 24 23 -21 -22 25 -13 -8 -28 -29 -7
right_child=11 -3 3 4 -6 29 26 8 9 -11 -12 19 13 15 -16 -17 -18 18 -20 22 21 -23 -24 -25 -26 -27 27 28 -30 -31
leaf_value=0.00036767576203995905 0.0044604451931164824 0.0081588931204372005 -0.010886985155963085 -0.0064187636825695374 -0.0096690992297317514 -0.0014421281271625472 -0.0018978445851558102 -0.0050811656927876557 0.007952807177377369 -0.0052969362721905448 -0.0062180523845365258 -0.0094383914886274015 -0.0067683532008647532 5.511156561694075e-05 0.010622681723725746 -0.0019683953682370129 0.0077484014616573055 0.0069832805470778419 -0.0036414450181931563 -0.00024163140834524186 0.016578756083780417 0.002508900264386678 0.0016273137450973658 0.0048224888515730922 0.0069428600616322899 0.00056971731002211407 0.01042234508229317 -0.0051746860314410325 0.0041462749923859921 0.0046931277360665524
leaf_weight=4235.0481932163239 297.46678161621094 66.798255324363708 59.142350435256958 241.46550130844116 197.13629674911499 1100.9787414073944 3019.2142614126205 124.81737172603607 104.68882060050964 52.538235306739807 114.7802677154541 62.296126365661621 312.08476197719574 32002.368939161301 37.701691865921021 1453.0284411907196 104.02256155014038 77.216838240623474 222.14577579498291 3997.610748052597 86.257799983024597 198.34744811058044 3031.9298185110092 88.924342393875122 81.811343431472778 240.75755453109741 72.297272920608521 106.55618953704834 108.11693286895752 133.37819147109985
leaf_count=1776 81 24 26 129 104 452 1130 60 59 30 49 22 183 10433 20 459 43 42 126 1335 26 37 700 26 35 78 25 39 35 61
internal_value=-6.36487e-05 -0.000908731 -0.000972205 -0.00256448 -0.00492553 -0.00124628 -0.000553028 -0.00312424 -0.000290996 0.00351984 0.000192507 0.000130924 -2.68818e-05 -6.60314e-05 -0.00303671 -8.47993e-06 8.02779e-05 -0.00389492 -0.000886805 0.000830028 0.00328643 0.00635578 0.000564585 0.0106724 0.000298725 -0.00151184 -0.00153366 0.00229117 -0.000482864 -0.000775922
internal_weight=52030.9 9736.96 9670.16 2014.15 720.646 1293.5 7656.01 523.51 282.044 157.227 4349.83 42294 34506 34208.6 649.149 33559.4 32106.4 611.447 299.363 7787.94 758.395 373.53 7029.54 175.182 384.865 303.054 3306.18 286.97 214.673 1234.36
internal_count=17645 3999 3975 921 382 539 3054 278 149 89 1825 13646 11387 11306 371 10935 10476 351 168 2259 224 89 2035 52 135 100 1229 99 74 513
is_linear=0
shrinkage=0.04


Tree=133
num_leaves=31
num_cat=0
split_feature=6 12 9 10 0 5 6 13 13 11 6 16 6 0 22 6 18 18 0 8 16 12 14 16 8 1 22 9 17 8
split_gain=5.1425 3.35057 3.89244 3.36765 3.32586 4.53926 4.2907 4.09657 5.38165 3.13204 3.09724 2.95265 2.86498 3.24156 3.12365 2.81437 5.1887 3.37948 3.69111 3.39756 2.97746 2.80837 2.77207 3.85771 2.83075 2.72073 3.38354 2.59057 3.76456 3.19621
threshold=0.41478643216080407 2.2916666666666674 1548.1727437251777 84.553348451627599 0.2896066175247336 0.032385203570775463 0.40773009950248762 1.2916666666666667 1.8166666666666669 0.31764306541934689 0.36114457489004309 1.9166666666666667 0.60594818372787251 0.11569507422138935 14.500000000000002 0.38263988522238174 9.8166666666666682 11.083333333333334 0.39902275931819559 1486.6335808964188 0.55000000000000016 1.2916666666666667 13.91666666666667 0.63333333333333341 1566.4389553372841 0.31821800621971713 7.5000000000000009 1410.1410397329093 1.0833333333333337 1474.7697614957597
decision_type=2 2 2 2 2 2 2 2 2 2 2 2 2 2 2 2 2 2 2 2 2 2 2 2 2 2 2 2 2 2
left_child=1 2 3 11 5 7 9 -4 10 -6 -9 15 13 -2 -14 -1 21 18 -18 -20 -19 25 27 -24 -25 26 -17 29 -29 -5
right_child=12 -3 4 22 6 -7 -8 8 -10 -11 -12 -13 14 -15 -16 16 17 20 19 -21 -22 -23 23 24 -26 -27 -28 28 -30 -31
leaf_value=-0.00056764929949796857 -0.0050462156378331385 0.0079345238921664264 -0.0073096392534268599 -0.0030408578631811491 -0.0086959471796837461 -0.010881035527184765 -0.0072426866854754992 -0.0028276768367702489 -0.0081394599726452282 -0.00018346421382087509 0.009180021348349535 -0.006133680138658738 0.00093225311304272651 -1.8782378657441401e-05 -0.0018807789489744943 -0.00011825384808850353 -0.0063219744945165269 0.0089402580672899197 -0.0023254127533828689 0.0082871138116900767 0.00094640988652311213 0.01140456752952893 0.010112576040778858 -0.0050991917997455938 0.0040478370529876814 0.011355821360286778 0.0098103725929433831 -0.00053220273897204822 -0.0038908359589819325 0.002180117010779642
leaf_weight=2340.4396073818207 205.50758218765259 67.345484733581543 182.20097398757935 309.28958821296692 72.415355205535889 157.07213115692139 181.22909712791443 51.822105288505554 72.342453598976135 1193.1019105911255 98.845749855041504 114.068772315979 8963.361603975296 32452.105479001999 678.53693413734436 245.12937295436859 216.10127794742584 80.234904885292053 152.94363641738892 69.331311464309692 911.06274330615997 91.742270231246948 73.054720401763916 106.00621891021729 108.56614542007446 59.85554313659668 69.764934301376343 885.64206337928772 1345.048575758934 473.50947141647339
leaf_count=1009 130 24 102 115 33 86 74 29 40 504 53 49 2246 11096 174 96 96 31 57 25 378 34 25 39 35 24 26 334 515 166
internal_value=-6.2412e-05 -0.000891606 -0.000953947 -0.000542375 -0.00252045 -0.00512862 -0.00150394 -0.00287751 0.000760029 -0.000677046 0.00505857 0.000188608 0.000128305 -5.05725e-05 0.000734115 0.00036024 0.00150523 0.000308805 -0.00261199 0.0010071 0.00160178 0.00516346 -0.00150553 0.00224076 -0.000473805 0.00360929 0.00210553 -0.00186373 -0.00255821 0.000116024
internal_weight=52027.7 9728.17 9660.82 7651.79 2009.03 562.283 1446.75 405.211 223.01 1265.52 150.668 4350.67 42299.5 32657.6 9641.9 4236.61 1896.17 1429.67 438.376 222.275 991.298 466.492 3301.12 287.627 214.572 374.75 314.894 3013.49 2230.69 782.799
internal_count=17645 3999 3975 3054 921 310 611 224 122 537 82 1825 13646 11226 2420 1776 767 587 178 82 409 180 1229 99 74 146 122 1130 849 281
is_linear=0
shrinkage=0.04


Tree=134
num_leaves=31
num_cat=0
split_feature=2 18 21 17 8 14 17 12 12 2 19 22 0 14 8 10 22 18 21 20 15 9 20 8 20 8 8 15 15 10
split_gain=4.51302 2.30887 3.52651 3.27249 3.80873 2.4916 3.32153 4.07184 3.63731 5.19579 4.81553 3.43869 3.59357 4.43917 3.11295 2.79804 3.48478 2.73656 6.16569 5.49037 5.51345 5.00615 2.96798 2.82312 2.80941 3.36178 4.01674 4.34167 3.68488 3.24616
threshold=0.1336136742054834 9.6333333333333346 1.291666666666667 0.45000000000000007 1804.1339394975 14.733333333333336 1.0833333333333337 2.6333333333333337 1.9166666666666667 0.29577977321469134 3.8166666666666669 15.500000000000002 0.19600667074310954 11.633333333333335 1728.6783293820556 17.743690203970463 20.500000000000004 10.366666666666669 -0.22500000000000006 -0.16666666666666682 4.4500000000000011 1436.9035580144305 0.91666666666666696 1680.8680720379959 0.50000000000000011 1492.0522196628651 1579.9714187044622 4.916666666666667 5.916666666666667 159.18269176088305
decision_type=2 2 2 2 2 2 2 2 2 2 2 2 2 2 2 2 2 2 2 2 2 2 2 2 2 2 2 2 2 2
left_child=-1 2 -2 4 -3 6 7 8 11 10 -10 -5 -13 15 17 16 -14 18 19 20 -8 -22 -21 24 29 -26 27 -27 -29 -19
right_child=1 3 -4 5 -6 -7 14 -9 9 -11 -12 12 13 -15 -16 -17 -18 23 -20 22 21 -23 -24 -25 25 26 -28 28 -30 -31
leaf_value=0.00081362328431613484 0.00038220637022145544 -0.0028459708639713755 0.0098176300387970289 -0.00012092009169519048 0.0088075038511372002 0.00049808374666199132 0.00028881376263816119 -0.006220708367290986 1.3165597057792293e-07 -0.0006340211659151768 0.0088756453223795585 -0.0059445073351344262 0.002664303334929737 -0.00022632376288401497 -0.0057192093948075081 0.0029621130211719936 0.016594920516130325 -0.00057685711367151996 -0.0047680538140639816 -0.0036420349996026192 0.015944004632139668 0.0010138565565497356 0.0026097173332504321 0.0030121598403279382 -0.0064371514023492784 -0.0016987314888257745 -0.003068930938296494 0.0050152640099954083 -0.0028262169046115878 0.0011452004916289438
leaf_weight=7985.6315522193909 6456.6867901086807 1154.2772895097733 63.009323000907898 8813.4831362962723 45.73249363899231 5663.6065717935562 756.22967147827148 155.85039043426514 149.0167064666748 368.21936011314392 283.62531876564026 55.029078245162964 42.495907306671143 156.85758805274963 195.53729844093323 87.491432547569275 90.607683897018433 12593.258692979813 808.51131653785706 806.56789362430573 74.399558067321777 68.925976991653442 142.27614688873291 361.8264856338501 223.92214775085449 759.80959939956665 1117.2163481712341 384.06323003768921 126.94731783866882 2033.3972313404083
leaf_count=1666 2203 505 26 3656 12 1696 275 49 47 144 84 32 19 60 55 32 38 4820 297 272 23 23 43 102 84 261 339 122 40 620
internal_value=-6.1206e-05 -0.000219855 0.000474886 -0.000340589 -0.00239489 -0.00027265 -0.000415054 0.00017445 0.000274263 0.00285855 0.00582566 5.01343e-05 0.00352826 0.00492136 -0.000709115 0.00856621 0.0122003 -0.000660474 -0.00185684 -0.000581549 0.00165649 0.00882079 -0.00270284 -0.00047978 -0.000553244 -0.00176138 -0.00132043 0.000217936 0.00306554 -0.000337395
internal_weight=52024.5 44038.9 6519.7 37519.2 1200.01 36319.2 30655.6 10202.7 10046.8 800.861 432.642 9245.96 432.482 377.453 20452.9 220.595 133.104 20257.4 2656.91 1848.4 899.555 143.326 948.844 17600.4 17238.6 2611.96 2388.04 1270.82 511.011 14626.7
internal_count=17645 15979 2229 13750 517 13233 11537 4161 4112 275 131 3837 181 149 7376 89 57 7321 933 636 321 46 315 6388 6286 846 762 423 162 5440
is_linear=0
shrinkage=0.04


Tree=135
num_leaves=31
num_cat=0
split_feature=3 6 12 5 5 12 6 1 18 5 3 5 10 13 6 8 6 1 1 14 18 1 14 14 14 8 1 6 22 8
split_gain=6.88341 4.0068 4.67839 3.66833 3.51499 3.16646 3.03536 2.81601 2.75359 4.23285 3.6362 3.42272 3.41251 3.20843 2.78481 2.73579 2.72697 4.18245 4.44954 4.34761 2.88746 3.3964 2.73702 3.82777 3.60949 2.59668 2.63225 2.92506 2.64182 2.57631
threshold=-0.58115763025299938 0.41478643216080407 2.2916666666666674 0.021514434490804816 0.042991939806891651 0.91666666666666685 0.40773009950248762 0.3220993399255308 9.1833333333333353 0.035618287787346777 0.072051448363190898 0.034478491591310785 115.37313861495069 1.4500000000000002 0.38546899648100968 1469.7463931576765 0.37880694091675177 0.31098666569552985 0.30659302047719422 9.4500000000000011 11.775000000000002 0.29570231550448284 10.450000000000001 8.0833333333333339 8.7750000000000021 1399.9199016344576 0.30701880260681663 0.34665116433211091 7.5000000000000009 1323.2408259068591
decision_type=2 2 2 2 2 2 2 2 2 2 2 2 2 2 2 2 2 2 2 2 2 2 2 2 2 2 2 2 2 2
left_child=-1 2 3 15 5 16 8 29 10 11 13 -10 -13 -7 -15 -2 22 18 20 -19 -18 -22 23 -5 -25 -24 -27 28 -28 -3
right_child=1 7 -4 4 -6 6 -8 -9 9 -11 -12 12 -14 14 -16 -17 17 19 -20 -21 21 -23 25 24 -26 26 27 -29 -30 -31
leaf_value=-0.00078536239432722631 -0.00024990046809561739 0.007211071691883386 0.010787473964917445 0.0043493297257894024 0.0091010150963965492 -0.0028136457405447098 -0.0043724214638280866 0.0085635290370517057 -0.0017595947947006577 -0.0076620686368337023 0.0051033362504326286 -0.00097116519458166606 0.011601211068432846 0.0079722725029484597 -0.0031715955338131041 0.011556635043485553 -0.00030562185415436817 0.012140636788968446 -0.0069675238502676685 0.002424749542855507 -0.0015283039066741094 0.010634550434952247 -0.0079755577393600171 -0.010211054780275923 -0.0024341598488179916 0.0070152363706158169 0.0070520907322208564 -0.0029370415743722885 -0.0028571467654556122 0.00041035944893349011
leaf_weight=13426.990113735199 59.155643701553345 88.378006935119629 55.763886213302612 95.637688398361206 54.925960779190063 391.95925140380859 565.77223491668701 67.24031400680542 2247.1370952129364 184.2143120765686 228.90031886100769 76.273148775100708 61.923474550247192 98.866895914077759 55.306837558746338 65.831962108612061 456.0998706817627 100.85784316062927 124.61084318161011 269.09241485595703 58.986742734909058 95.395403146743774 47.777802467346191 125.37984251976013 394.87833547592163 114.32809805870056 129.03150844573975 222.31210231781006 63.674012660980225 32254.461707353592
leaf_count=6154 24 28 19 37 19 152 203 25 867 66 72 28 22 38 20 25 160 39 49 105 20 35 20 51 156 40 52 90 25 9084
internal_value=-4.6345e-06 0.000265178 -0.000645714 -0.000747187 -0.000882989 -0.000972769 -0.00166514 0.000446305 -0.00120601 -0.00183618 0.000882944 -0.00138324 0.00470517 -0.00089204 0.00397995 0.00601106 0.000205578 0.00163653 -0.000110655 0.00509914 0.00129807 0.00600741 -0.00112011 -0.00297261 -0.00432435 0.000858567 0.00166945 0.000183487 0.00378002 0.000429165
internal_weight=52281.2 38854.2 6444.09 6388.33 6263.34 6208.42 3910.35 32410.1 3344.58 2569.55 775.033 2385.33 138.197 546.133 154.174 124.988 2298.06 1105.04 735.093 369.95 610.482 154.382 1193.02 615.896 520.258 577.124 529.346 415.018 192.706 32342.8
internal_count=17725 11571 2434 2415 2366 2347 1468 9137 1265 983 282 917 50 210 58 49 879 408 264 144 215 55 471 244 207 227 207 167 77 9112
is_linear=0
shrinkage=0.04


Tree=136
num_leaves=31
num_cat=0
split_feature=0 6 16 1 9 8 7 15 21 8 13 10 18 5 6 22 5 16 6 21 20 23 13 6 21 6 6 8 10 10
split_gain=6.61611 3.85195 4.17419 3.01057 3.32763 2.83165 3.31529 3.2732 2.79842 2.75505 2.64582 4.31417 3.81865 3.47961 4.27435 3.46548 3.62319 3.32299 3.27342 3.21588 3.1171 3.02154 3.63617 3.1329 2.93257 2.75732 3.2319 2.6653 2.56499 2.49429
threshold=0.35866626650730726 0.42802984408379302 1.0000000180025095e-35 0.3125661216308771 1523.2226003079741 1590.4652115389051 -1.0000000180025095e-35 3.4500000000000006 -2.0833333333333326 1521.3297923107236 1.6333333333333335 272.78991162269023 7.2083333333333348 0.02814855632599134 0.58551753806252116 71.500000000000014 0.024894335801923909 2.7750000000000004 0.62333014421884425 -0.36666666666666664 1.0000000180025095e-35 5.5000000000000009 1.9166666666666667 0.53717973162216726 0.80000000000000027 0.52759650371776623 0.5460361067503926 1611.7559186583057 50.008951130005592 73.634217541378703
decision_type=2 2 2 2 2 2 2 2 2 2 2 2 2 2 2 2 2 2 2 2 2 2 2 2 2 2 2 2 2 2
left_child=-1 -2 9 5 -5 8 7 -7 -4 -3 11 15 -13 14 -12 16 24 29 21 20 -20 -15 23 -23 25 -9 -27 -14 -8 -18
right_child=1 2 3 4 -6 6 28 10 -10 -11 13 12 27 18 -16 -17 17 -19 19 -21 -22 22 -24 -25 -26 26 -28 -29 -30 -31
leaf_value=-0.00077037445309497874 -0.00051000984325037487 0.011362563004038016 -0.0031557100643545238 0.00081439662311269263 0.013819764604840492 0.0048105922825201633 0.0016397664299793427 -0.0042971570586377659 0.00015734464356160672 0.0010260924140424125 0.0013262564491777382 0.0090492912764071187 0.0059581236418919216 0.010512942364889486 0.010693196418810298 0.0080963208367426844 0.0034087566151228743 0.00689673339956397 0.0067703703635093784 -0.0038805873094184835 -0.0021307055186000506 0.0045423370961278969 0.0076966860132490558 -0.0046168510128606717 -0.0058805142570528606 0.0084561050722931543 -0.00074161752645118925 0.00098449699483036095 0.010284930460233509 -0.00034440549133124006
leaf_weight=13416.449195384979 8203.2351405620575 91.867024898529053 416.76321983337402 71.534929752349854 55.403926134109497 312.68493270874023 117.11572003364563 270.09047031402588 17314.022944688797 74.629530429840088 154.72982549667358 99.297207593917847 177.91512966156006 83.929987192153931 156.7355477809906 76.964386224746704 302.36078715324402 110.3545298576355 125.9013671875 278.04099893569946 124.1846923828125 103.06824231147766 123.08749055862427 139.35056138038635 300.78746962547302 73.148983240127563 347.28652667999268 4769.7356464862823 103.147132396698 4287.1210567951202
leaf_count=6154 3060 25 116 27 20 89 36 81 5279 16 44 19 41 21 36 19 89 28 25 60 24 30 31 34 88 20 86 984 33 1110
internal_value=-4.5513e-06 0.000259832 0.000465809 0.000431205 0.00655439 0.000405395 0.000862894 0.000776344 7.92975e-05 0.00676319 0.000671738 0.000467449 0.00132141 0.00238405 0.00605902 -0.00027984 -0.000394518 6.9182e-05 0.00120816 -0.00092682 0.0023595 0.00371343 0.00212765 -0.000720013 -0.00259078 -0.00115137 0.000874905 0.00116451 0.00571641 -9.64538e-05
internal_weight=52280.9 38864.5 30661.3 30494.8 126.939 30367.8 12637 12416.8 17730.8 166.497 12104.1 10815.1 5046.95 1289.03 311.465 5768.11 5691.15 4699.84 977.563 528.127 250.086 449.436 365.506 242.419 991.313 690.526 420.436 4947.65 220.263 4589.48
internal_count=17725 11571 8511 8470 47 8423 3028 2959 5395 41 2870 2565 1044 305 80 1521 1502 1227 225 109 49 116 95 64 275 187 106 1025 69 1199
is_linear=0
shrinkage=0.04


Tree=137
num_leaves=31
num_cat=0
split_feature=3 6 12 5 5 16 12 6 1 18 5 3 5 10 13 6 6 1 1 14 1 15 1 12 14 14 14 15 16 10
split_gain=6.35942 3.71873 4.45739 3.51181 3.35615 3.34564 3.05052 2.93917 2.69271 2.65249 4.1146 3.47758 3.28569 3.23209 3.08332 2.6546 2.61995 3.99437 4.30317 4.09849 2.76234 3.81323 3.00353 2.92825 2.63954 3.69114 3.53045 2.55705 2.49685 2.48822
threshold=-0.58115763025299938 0.41478643216080407 2.2916666666666674 0.021514434490804816 0.042991939806891651 1.0000000180025095e-35 0.91666666666666685 0.40773009950248762 0.3220993399255308 9.1833333333333353 0.035618287787346777 0.072051448363190898 0.034478491591310785 115.37313861495069 1.4500000000000002 0.38546899648100968 0.37880694091675177 0.31098666569552985 0.30659302047719422 9.4500000000000011 0.29570231550448284 3.0833333333333335 0.30151022820873274 0.63333333333333341 10.450000000000001 8.0833333333333339 8.7750000000000021 4.6333333333333337 1.1833333333333336 262.50207765033605
decision_type=2 2 2 2 2 2 2 2 2 2 2 2 2 2 2 2 2 2 2 2 2 2 2 2 2 2 2 2 2 2
left_child=-1 2 3 28 6 -3 16 9 29 11 12 14 -11 -14 -8 -16 24 18 20 -19 -18 23 -23 -22 25 -5 -27 -13 -2 -7
right_child=1 5 -4 4 -6 8 7 -9 -10 10 -12 27 13 -15 15 -17 17 19 -20 -21 21 22 -24 -25 -26 26 -28 -29 -30 -31
leaf_value=-0.00075566108740896432 0.0011350546963849687 0.0057969152393520119 0.010479539236885958 0.0042575039652935597 0.0088576404282096066 0.00020439164371359504 -0.0027570289016038969 -0.0042967372137962152 0.0082984156168184019 -0.0017184779654227998 -0.0075624948827580744 0.0077991645098689135 -0.0009435244521724161 0.011259614351243175 0.0077673853637916174 -0.0031111270230799516 -0.0013558163250910681 0.011774157452731464 -0.0068715091931629705 0.0023822719455783288 0.0020249729327350367 0.0064589479240763394 -0.0044567407037333527 0.014003084042617936 0.00085103122024538696 -0.010107846441604932 -0.0023828997184066484 -0.0012996871772401224 0.012553939238425862 0.0010807395198168433
leaf_weight=13406.117485523224 74.237083196640015 183.71562457084656 56.339953422546387 96.005578279495239 55.399862289428711 25692.886018037796 390.6586742401123 563.01662278175354 67.882723808288574 2242.0427680015564 182.71503114700317 158.77771997451782 76.160257339477539 62.614102602005005 99.607425451278687 55.103593587875366 311.29682374000549 102.03773140907288 123.68253707885742 269.60814929008484 56.558536767959595 66.617926597595215 98.947832345962524 77.539669036865234 577.33383178710938 124.04281854629517 393.71745705604553 71.176430463790894 51.436838150024414 6493.4078602790833
leaf_count=6154 29 46 19 37 19 7680 152 203 25 867 66 50 28 22 38 20 105 39 49 105 21 24 37 28 227 51 156 22 20 1386
internal_value=-4.45268e-06 0.000254619 -0.000623569 -0.000723239 -0.000856651 0.000428892 -0.000944877 -0.0016256 0.000398138 -0.00117402 -0.00179389 0.00087518 -0.00134819 0.00460362 -0.000865537 0.00389768 0.00021146 0.00161234 -9.85847e-05 0.00498555 0.00128151 0.00401661 -5.22371e-05 0.00900347 -0.00108993 -0.00291409 -0.00424953 0.00498941 0.00587088 0.000381218
internal_weight=52280.7 38874.6 6436.68 6380.34 6254.66 32437.9 6199.26 3901.87 32254.2 3338.86 2563.53 775.324 2380.82 138.774 545.37 154.711 2297.39 1106.29 734.643 371.646 610.961 299.664 165.566 134.098 1191.1 613.766 517.76 229.954 125.674 32186.3
internal_count=17725 11571 2434 2415 2366 9137 2347 1468 9091 1265 983 282 917 50 210 58 879 408 264 144 215 110 61 49 471 244 207 72 49 9066
is_linear=0
shrinkage=0.04


Tree=138
num_leaves=31
num_cat=0
split_feature=0 8 20 16 19 2 5 15 20 14 10 6 14 17 21 5 15 5 4 14 11 10 23 23 9 6 11 14 6 5
split_gain=5.29574 3.1503 3.52063 3.02685 2.54527 3.17391 2.52067 5.07217 2.83137 2.25779 4.57929 2.3801 2.32701 2.25389 2.8912 3.36189 5.38429 3.55426 5.68695 2.87664 3.34209 2.85385 2.89842 2.7234 2.53114 2.37247 3.17913 2.33937 2.68179 2.29631
threshold=0.40060894580793688 1437.8091801094081 -1.708333333333333 3.0833333333333335 4.8166666666666673 0.30778309911987461 0.022727515212132902 4.0833333333333348 0.45000000000000001 8.7083333333333339 105.41748799707899 0.50386600506167689 7.5500000000000007 0.55000000000000016 -0.40000000000000002 0.029115288567905687 2.2250000000000005 0.027117489446927271 -0.29712793537348015 9.8166666666666682 0.55226954709137632 -7.7700687722521016 4.5000000000000009 10.500000000000002 1472.6181066954575 0.38745461147421939 0.43761918904577218 10.91666666666667 0.36114457489004309 0.020821241394830218
decision_type=2 2 2 2 2 2 2 2 2 2 2 2 2 2 2 2 2 2 2 2 2 2 2 2 2 2 2 2 2 2
left_child=13 2 -2 9 6 -6 7 -4 -8 10 -3 12 -12 23 15 17 -17 18 25 20 -18 -21 -23 -1 -24 27 -27 28 -15 -16
right_child=1 3 4 -5 5 -7 8 -9 -10 -11 11 -13 -14 14 29 16 19 -19 -20 21 -22 22 24 -25 -26 26 -28 -29 -30 -31
leaf_value=-0.0011013370219724054 0.004652894320969261 -0.004587284869375958 -0.0015057752866919378 0.0083213581441785277 0.0045073599352453289 -0.004918331771299138 -0.002483254391874789 0.010726327097951053 0.006069857958969832 0.00053003868052592027 0.0043289106956101685 0.0059605661525087015 -0.0022923917422868977 -0.0033574250658384044 0.004364922656038747 0.012302456039554368 -0.010090541361407539 -0.0038765517448291309 -0.0065813514463473775 0.0064560761934518776 8.4491114242849774e-05 0.0070973976911836599 -0.0065865347261259248 -0.0051678878985701102 0.0016544069733770573 0.0059768730689108455 -0.0012887522544855247 0.011769214633741443 0.0076505735705403215 -0.00011475516325866056
leaf_weight=1712.0228532552719 169.49319386482239 416.63617467880249 194.00676727294922 77.761096715927124 227.95718693733215 75.270143270492554 1970.2055492401123 74.184146642684937 63.00517201423645 30341.087199687958 117.2136754989624 119.03818130493164 300.625248670578 75.327661991119385 184.7273086309433 60.551686644554138 82.891769170761108 1046.1013661623001 223.35249161720276 141.09483742713928 134.34572410583496 63.533054351806641 117.99359750747681 310.65022420883179 118.89427840709686 108.12663674354553 822.69547724723816 50.208627700805664 65.143212556838989 12875.818079352379
leaf_count=821 52 146 69 19 75 24 665 24 21 8477 40 32 103 34 76 27 38 441 106 62 58 27 48 152 49 42 322 22 29 5648
internal_value=8.15757e-05 0.000375264 -0.000916548 0.000489519 -0.00128062 0.00215914 -0.00173458 0.00190502 -0.00221536 0.000469793 -0.00144579 0.000996117 -0.000429059 -0.000469624 -0.00031211 -0.00140791 0.000988678 -0.00212903 -0.000767833 -6.834e-05 -0.00382646 0.00178523 -0.000422614 -0.00172814 -0.00246083 0.000394789 -0.000439251 0.00444729 0.00176552 -5.10656e-05
internal_weight=52340 34146.5 2774.12 31372.4 2604.63 303.227 2301.4 268.191 2033.21 31294.6 953.513 536.877 417.839 18193.5 16170.8 3110.26 719.305 2390.96 1344.85 658.753 217.237 441.516 300.421 2022.67 236.888 1121.5 930.822 190.68 140.471 13060.5
internal_count=17749 9747 930 8817 878 99 779 93 686 8798 321 175 143 8002 7029 1305 309 996 555 282 96 186 124 973 97 449 364 85 63 5724
is_linear=0
shrinkage=0.04


Tree=139
num_leaves=31
num_cat=0
split_feature=3 8 20 16 22 19 1 17 22 21 13 20 21 18 19 19 23 11 20 9 22 21 19 13 2 9 15 8 18 16
split_gain=5.08782 3.02653 3.37433 2.88233 2.82988 2.76661 4.07807 2.18783 4.03891 2.78302 4.06991 3.39895 2.27485 3.34565 3.50513 3.95035 2.90215 2.67819 3.38913 2.74494 2.9843 2.50711 2.16865 3.73877 3.32133 3.20736 3.04321 4.11216 3.34958 2.55912
threshold=-0.402928476531632 1437.8091801094081 -1.708333333333333 3.0833333333333335 24.500000000000004 4.916666666666667 0.26956037805735894 0.29166666666666669 12.500000000000002 1.916666666666667 1.2916666666666667 -0.54999999999999982 -0.40000000000000002 15.550000000000002 4.0833333333333348 3.0833333333333335 3.5000000000000004 0.48544553547448466 -0.33333333333333331 1462.2016758588345 6.5000000000000009 1.916666666666667 3.4500000000000006 2.0833333333333335 0.28314634806673999 1355.331009045143 4.8166666666666673 1421.6894455324698 11.083333333333334 1.4500000000000002
decision_type=2 2 2 2 2 2 2 2 2 2 2 2 2 2 2 2 2 2 2 2 2 2 2 2 2 2 2 2 2 2
left_child=7 2 -2 -3 5 22 -7 8 9 10 -1 -12 13 14 15 17 -16 -9 -19 20 -20 -14 23 24 25 -4 28 -28 29 -24
right_child=1 3 4 -5 -6 6 -8 12 -10 -11 11 -13 21 -15 16 -17 -18 18 19 -21 -22 -23 26 -25 -26 -27 27 -29 -30 -31
leaf_value=-0.0096226335801486724 0.0045397518796177093 0.00046023939162930622 0.0068031746642232133 0.0080907368169525935 -0.0092199201880444493 -0.0023821028329308316 0.0085293047774597334 0.0046690774677121951 -0.015436773670202209 0.0042361167312666356 -0.0051619842905958448 0.0082940602963838764 -7.941801212399341e-05 -0.0069646169766583426 0.007791110382188611 -0.0034578390489675083 0.00017139806509428279 -0.003608104508879975 0.0012220210961026961 -0.0017561785529435184 0.014588413196275619 -0.0026354705292468456 -0.0044801007967838376 -0.0050227638369117486 0.0070813771332725465 -0.00096173446880917714 0.0068950794241067603 -0.0056910810312280537 -0.0013630843419067159 -0.011926873128049178
leaf_weight=114.21227622032166 170.28366661071777 31309.311650276184 95.745168209075928 78.410874605178833 68.513220071792603 105.39154028892517 112.40455460548401 169.3807270526886 39.63205361366272 82.813398003578186 65.650901317596436 53.687557935714722 14082.094717860222 161.79531490802765 86.503352046012878 1216.8704948425293 930.3721079826355 329.96041810512543 58.750415802001953 103.92289793491364 48.340300559997559 640.97242248058319 369.52252507209778 207.87654948234558 119.98307394981384 706.86644530296326 110.36141228675842 65.316783666610718 547.0910120010376 92.222425937652588
leaf_count=56 52 8798 29 19 24 31 39 74 20 40 34 25 6210 68 36 518 380 140 25 45 19 312 128 66 41 246 34 22 187 31
internal_value=7.99382e-05 0.00036767 -0.000899164 0.000479559 -0.00125681 -0.00103785 0.00326252 -0.000460539 -0.0035611 -0.00202944 -0.00425969 0.000910191 -0.000398433 -0.00138199 -0.00107293 -0.0020751 0.000826608 0.000295114 -0.00108048 0.00287033 0.0073347 -0.000190868 -0.00144367 -0.000190032 0.000903125 -2.81296e-05 -0.00263893 0.00220985 -0.00348465 -0.00598997
internal_weight=52344.3 34159.3 2771.58 31387.7 2601.29 2532.78 217.796 18185 355.996 316.364 233.551 119.338 17829 3105.9 2944.1 1927.23 1016.88 710.355 540.974 211.014 107.091 14723.1 2314.99 1130.47 922.595 802.612 1184.51 175.678 1008.84 461.745
internal_count=17749 9747 930 8817 878 854 70 8002 175 155 115 59 7827 1305 1237 821 416 303 229 89 44 6522 784 382 316 275 402 56 346 159
is_linear=0
shrinkage=0.04


Tree=140
num_leaves=31
num_cat=0
split_feature=0 6 20 12 14 22 9 9 15 21 19 19 14 5 13 1 20 5 5 22 5 5 6 19 15 6 5 6 9 9
split_gain=4.96172 2.89669 3.79135 3.50009 3.04651 3.95134 3.46043 3.73268 3.00367 3.66198 4.77702 3.14539 3.17236 2.92621 2.91714 2.76367 5.36144 4.04598 3.13714 3.02904 2.5555 2.83331 3.48828 3.19068 3.06976 2.54638 3.23931 2.82151 5.04617 2.53486
threshold=0.29692343997102588 0.58868058280694213 2.0833333333333339 2.0833333333333335 10.450000000000001 7.5000000000000009 1646.825269116182 1663.2475352810434 5.7083333333333348 -0.16666666666666655 2.6333333333333337 4.4500000000000011 12.91666666666667 0.027456043178650472 2.9166666666666674 0.22599068780567097 1.791666666666667 0.023443130074330857 0.027348673672392357 4.5000000000000009 0.024624598853734695 0.027484177623950504 0.63647160440509631 4.291666666666667 4.0833333333333348 0.58417138564294879 0.026259529315302069 0.58020100502512573 1452.9631903034981 1549.7501818660237
decision_type=2 2 2 2 2 2 2 2 2 2 2 2 2 2 2 2 2 2 2 2 2 2 2 2 2 2 2 2 2 2
left_child=-1 2 3 14 5 13 20 -8 9 10 -5 12 -12 -3 25 -11 17 -17 -19 -20 -6 22 -22 -24 -23 27 -27 -2 -29 -26
right_child=1 4 -4 8 6 -7 7 -9 -10 15 11 -13 -14 -15 -16 16 -18 18 19 -21 21 24 23 -25 29 26 -28 28 -30 -31
leaf_value=-0.00087307316402009767 1.3763311674006972e-05 -0.003302220478241101 -0.004924403479407825 0.009777567420572562 -0.0014157788114936831 0.0099079897665045723 0.0096665092245440207 0.0018742848342018521 -0.00014427800195732362 0.0097435193308775831 -0.0049591215005520221 0.0048507583002641783 0.0013911328072114396 0.004703749259147824 -0.0049401428588245382 0.011378786515320019 -0.0064455317093598252 -0.0026073342109911618 0.01102826512685662 0.0028835937395554081 0.00088256152986105317 -0.0021288475969592413 0.0013666574532835826 0.0087130521552682815 0.0010256008448485581 -0.0082568307860843588 -0.00068187942297476224 0.010626040229850744 -5.4046926851228041e-05 -0.0012200984673491676
leaf_weight=7511.2336363792419 30694.501220345497 118.5483660697937 241.30947709083557 77.940151691436768 990.98976039886475 129.99361109733582 131.06480836868286 388.17937970161438 1062.9343113899231 129.37026238441467 276.76319599151611 130.90260410308838 229.5325014591217 187.05035209655762 190.63786125183105 114.86455392837524 77.988884210586548 118.37031269073486 94.166843414306641 319.91535210609436 645.86592483520508 667.74285888671875 161.96994996070862 227.85488319396973 5777.1506278514862 131.6715726852417 283.64166474342346 111.16545963287354 191.83118748664856 933.37592577934265
leaf_count=3721 10624 33 67 20 245 32 31 99 295 30 83 39 64 45 69 36 24 37 29 99 156 167 31 49 1201 37 77 27 55 227
internal_value=7.83125e-05 0.000237706 6.14603e-05 9.67454e-05 0.000824193 0.00409455 0.000680253 0.00385596 0.00149772 0.00260892 0.000495589 -0.000653296 -0.00208312 0.00159742 -2.00077e-05 0.00437457 0.00340483 0.00459972 0.0031187 0.00475789 0.000504532 0.000730846 0.00268899 0.00567197 0.000455654 1.00079e-05 -0.00309752 5.1742e-05 0.0038864 0.000713108
internal_weight=52348.5 44837.3 34477.5 34236.2 10359.8 435.592 9924.19 519.244 2632.75 1569.81 715.138 637.198 506.296 305.599 31603.4 854.676 725.306 647.317 532.453 414.082 9404.95 8413.96 1035.69 389.825 7378.27 31412.8 415.313 30997.5 302.997 6710.53
internal_count=17749 14028 11712 11645 2316 110 2206 130 756 461 206 186 147 78 10889 255 225 201 165 128 2076 1831 236 80 1595 10820 114 10706 82 1428
is_linear=0
shrinkage=0.04


Tree=141
num_leaves=31
num_cat=0
split_feature=15 17 0 5 16 0 13 8 8 9 15 23 5 18 23 20 8 13 0 17 23 17 18 21 17 20 9 9 12 8
split_gain=4.50474 4.19433 3.22083 3.89379 2.74908 3.26366 2.64939 4.40336 7.50552 5.91825 4.14465 2.59666 2.57519 2.91896 2.68709 3.04649 2.67696 4.34454 3.30596 2.95665 2.78449 2.78381 2.77615 2.81649 2.71106 2.71038 4.95981 3.75111 3.20843 3.1809
threshold=4.5500000000000007 0.22500000000000003 0.11569507422138935 0.030179717627363493 1.8166666666666669 0.23613750220241664 2.0833333333333335 1401.4667986229504 1394.3090410587781 1491.3400104148011 4.7750000000000012 5.5000000000000009 0.035618287787346777 6.5833333333333348 3.5000000000000004 1.291666666666667 1491.3294870215793 1.4500000000000002 0.55469247598076243 2.2916666666666674 25.500000000000004 2.0833333333333335 15.183333333333335 -0.66666666666666663 0.91666666666666685 0.91666666666666696 1723.4942533255469 1663.2475352810434 2.0833333333333335 1606.9307554611528
decision_type=2 2 2 2 2 2 2 2 2 2 2 2 2 2 2 2 2 2 2 2 2 2 2 2 2 2 2 2 2 2
left_child=1 4 3 -3 11 -6 7 8 9 -2 -8 -1 13 -9 15 -14 17 24 19 21 22 -19 25 -24 -15 27 -27 28 -18 -30
right_child=6 2 -4 -5 5 -7 10 12 -10 -11 -12 -13 14 16 -16 -17 20 18 -20 -21 -22 -23 23 -25 -26 26 -28 -29 29 -31
leaf_value=-0.00060967130947820424 0.010267581973265763 -0.010262258992979768 -0.00031264937852933323 -0.0015786202998613122 -0.0070608076964042759 0.0077760658275863453 0.0040709199255779191 0.006928255597408387 0.01855562444771644 -0.0042594042726504435 -0.0024645741342060475 -0.0090220905252161206 0.0023351165012004218 0.00081569380657745233 0.0010626717188269559 0.011098588408064259 0.00089009418628687711 0.0010420254985041206 -0.0053856598853677237 0.0084208541222094806 0.0033586910961888399 -0.0083107556548681558 -0.0062877136347414412 -0.00067878616836494559 -0.0042042400633028644 -0.00040254164754476311 0.0089583210621252147 -0.0030964276742080012 0.0061480579078853469 0.00098921125292373538
leaf_weight=83.132399201393127 76.656362771987915 109.38918054103851 30091.936527609825 330.41549742221832 41.168248414993286 53.265257835388184 181.9950133562088 101.26550388336182 55.739148378372192 105.37417125701904 1025.4974822998047 200.06989514827728 205.31382644176483 220.47298955917358 2781.1671653985977 91.366880655288696 5760.9113306999207 998.73335862159729 138.51498556137085 81.726678371429443 475.26450312137604 52.655486583709717 153.67811155319214 1943.2580417394638 779.36459362506866 4850.7800586223602 91.286726236343384 338.94564700126648 393.43612551689148 372.08799338340759
leaf_count=37 26 69 11234 196 24 21 66 23 23 45 330 90 53 92 662 19 1645 376 36 25 124 17 40 619 280 1180 29 130 110 85
internal_value=-0.000105959 -0.000414285 -0.000362383 -0.00375681 -0.00459844 0.00130173 0.00034198 0.000451495 0.00585117 0.00188085 -0.00147698 -0.00656351 0.00038646 0.000191038 0.00144971 0.00506216 0.000149651 -0.00112614 0.000425166 0.00113962 0.000351244 0.000566169 0.000248212 -0.00109265 -0.00309759 0.000486414 -0.000227856 0.00100054 0.00121376 0.00364513
internal_weight=52184.9 30909.4 30531.7 439.805 377.636 94.4335 21275.5 20068 237.77 182.031 1207.49 283.202 19830.2 16752.4 3077.85 296.681 16651.1 2271.47 1271.63 1133.12 14379.6 1051.39 13904.4 2096.94 999.838 11807.4 4942.07 6865.38 6526.44 765.524
internal_count=17706 11671 11499 265 172 45 6035 5639 94 71 396 127 5545 4811 734 72 4788 826 454 418 3962 393 3838 659 372 3179 1209 1970 1840 195
is_linear=0
shrinkage=0.04


Tree=142
num_leaves=31
num_cat=0
split_feature=6 0 6 13 14 23 18 9 16 11 9 6 0 14 5 13 12 0 5 6 16 12 18 18 20 12 12 21 2 5
split_gain=4.6207 5.79587 2.83131 2.79604 2.94145 3.04119 3.16575 4.59136 2.62172 2.75413 4.25932 2.57571 3.71786 3.41185 2.81994 2.50262 2.44331 2.32343 2.29548 2.2645 2.30311 2.01407 3.36956 3.97472 3.90206 4.3862 3.01553 2.69624 2.97746 2.69798
threshold=0.5980270520118719 0.17631180886299344 0.28738023480725122 2.0833333333333335 11.633333333333335 16.500000000000004 14.91666666666667 1539.5329604628093 0.36666666666666675 0.31215771258392927 1549.7501818660237 0.56905416012558885 0.55749448390367606 11.29166666666667 0.023625140973057016 2.2916666666666674 0.55000000000000016 0.24171652455833706 0.024624598853734695 0.79421709188616985 3.183333333333334 2.0833333333333335 12.450000000000001 16.81666666666667 1.2250000000000003 2.2250000000000005 2.7916666666666674 -0.36666666666666664 0.32129206026687879 0.027300655534715505
decision_type=2 2 2 2 2 2 2 2 2 2 2 2 2 2 2 2 2 2 2 2 2 2 2 2 2 2 2 2 2 2
left_child=1 -1 -3 21 8 6 16 -8 -5 -10 11 12 13 17 -15 -12 -6 -11 -17 20 -2 -4 26 24 27 -26 -23 -24 -29 -30
right_child=19 2 3 4 5 -7 7 -9 9 10 15 -13 -14 14 -16 18 -18 -19 -20 -21 -22 22 23 -25 25 -27 -28 28 29 -31
leaf_value=-0.003423774473822977 0.00063877419977558599 -0.0055266049090542018 -0.00019179725134559102 -0.0088527235558584945 -0.010219474209722489 -0.010907660681954983 0.0098764112724974776 -0.0026658222953962214 -0.0049633940340191706 -0.0078992914228056457 -0.00055786122649014347 -0.0058075197102224864 0.0099073715287245571 -0.0016231715799413344 0.010059137330566086 0.001800376217951101 -0.0026176846280715374 -0.00050037620016557896 0.012700137525142149 0.0046622804165142905 -0.0036804364303769316 0.00027923901994073583 0.00061050078763421256 -0.0024139362711955662 0.006923190247089539 -0.00071496580750161941 -0.0047348755344551715 0.0089028517578365676 0.0069330434636110166 -0.0048083902709070139
leaf_weight=924.80285143852234 10215.464708685875 159.41670787334442 33823.364025831223 55.2965167760849 71.57029390335083 68.214003682136536 77.67778491973877 114.1244695186615 169.46042501926422 70.870171904563904 66.331070184707642 125.62756490707397 58.785574674606323 52.719873428344727 86.554819107055664 47.923271536827087 1034.6109000444412 1235.3693079948425 88.052435517311096 218.35622811317444 200.43782365322113 1467.518869638443 140.6369903087616 247.71024525165558 155.04306066036224 524.36185956001282 219.76579523086548 334.80528378486633 68.407067656517029 56.114723682403564
leaf_count=540 2582 71 12156 20 28 25 26 48 82 38 30 42 15 20 33 21 362 479 40 35 86 407 41 80 46 153 58 95 26 21
internal_value=-0.000103886 -0.000294327 -0.000222997 -0.000201964 -0.00129555 -0.00273358 -0.00229593 0.00243852 -0.000339584 -0.000100107 0.000352153 -0.000328597 0.000132515 -0.00027158 0.00565697 0.0058114 -0.00311831 -0.000907541 0.00889982 0.000640072 0.000555312 -0.000100858 0.000855818 0.00221651 0.00311423 0.00103571 -0.000376258 0.00546233 0.00694332 0.00164571
internal_weight=52179.4 41545.1 40620.3 40460.9 3423.19 1366.2 1297.98 191.802 2056.99 2001.69 1832.23 1629.93 1504.3 1445.51 139.275 202.307 1106.18 1306.24 135.976 10634.3 10415.9 37037.7 3214.36 1527.08 1279.37 679.405 1687.28 599.964 459.327 124.522
internal_count=17706 15003 14463 14392 1309 489 464 74 820 800 718 627 585 570 53 91 390 517 61 2703 2668 13083 927 462 382 199 465 183 142 47
is_linear=0
shrinkage=0.04


Tree=143
num_leaves=31
num_cat=0
split_feature=6 0 1 6 13 14 23 18 9 8 16 11 9 6 10 12 13 18 18 11 6 1 12 6 16 5 8 23 23 18
split_gain=4.43818 5.59042 2.99279 2.73708 2.69165 2.83873 2.97058 3.05101 4.37049 2.70898 2.54394 2.65906 4.0692 2.49175 3.5647 2.38672 2.37139 2.3653 3.44903 4.39243 2.54478 2.18066 2.39752 2.16302 2.21852 2.15473 2.12916 2.33486 4.2359 2.11938
threshold=0.5980270520118719 0.17631180886299344 0.23325692773995596 0.28738023480725122 2.0833333333333335 11.633333333333335 16.500000000000004 14.91666666666667 1539.5329604628093 1292.0478939036359 0.36666666666666675 0.31215771258392927 1549.7501818660237 0.56835486848177219 58.870241158483061 0.55000000000000016 2.2916666666666674 14.816666666666668 12.450000000000001 0.53063450800493295 0.38847972222055355 0.22021303477808118 1.4500000000000002 0.79421709188616985 3.183333333333334 0.024624598853734695 1407.7870789734307 7.5000000000000009 6.5000000000000009 16.083333333333339
decision_type=2 2 2 2 2 2 2 2 2 2 2 2 2 2 2 2 2 2 2 2 2 2 2 2 2 2 2 2 2 2
left_child=1 2 21 -3 9 10 7 15 -9 -5 -6 -12 13 14 17 -7 -14 18 19 20 -13 22 -1 24 -2 -18 27 28 -22 -4
right_child=23 3 29 4 5 6 -8 8 -10 -11 11 12 16 -15 -16 -17 25 -19 -20 -21 26 -23 -24 -25 -26 -27 -28 -29 -30 -31
leaf_value=-0.0046353260877352101 0.00062568339852099087 -0.0054476497020094009 -0.0050664342373510874 0.0094987597770720723 -0.0087565705026398603 -0.01012179180664172 -0.01081087398779443 0.009587813014407533 -0.0026203153992667705 -0.00011106250331983686 -0.004889692611363539 -0.0051081903206979 -0.00054724843744872152 -0.0056739029623902541 0.003142344559491942 -0.002572525382504149 0.0017622036228135255 0.0056775386797963583 -0.0056316912679618084 -0.0054257058690530061 0.0024099874663500347 0.0016851834895862364 0.0030602511614640049 0.0045487186483845919 -0.003621063590401243 0.012293748231981561 -0.001647527586487026 -6.6810244406031674e-05 0.013968236510395072 -0.013870530553322347
leaf_weight=396.93992233276367 10221.992172718048 158.53810441493988 203.08649778366089 45.994596481323242 54.809152245521545 70.842607855796814 67.473991990089417 78.448763132095337 113.82064008712769 36988.01024377346 168.6214085817337 76.251526713371277 66.294077157974243 127.25414896011353 443.23070180416107 1031.9061563014984 48.009629249572754 74.951103210449219 256.16239154338837 191.54190111160278 130.98988318443298 189.26128125190735 76.643062353134155 219.37664258480072 199.70148062705994 89.177844405174255 127.45181322097778 119.21575319766998 82.349866986274719 55.711185455322266
leaf_count=234 2582 71 126 19 20 28 25 26 48 13064 82 35 30 43 148 362 21 32 111 72 54 105 41 35 86 40 54 47 31 34
internal_value=-0.000101865 -0.000288604 -0.00336745 -0.00021865 -0.000198023 -0.00127174 -0.00268703 -0.00225574 0.00238462 -9.88714e-05 -0.000333132 -9.82072e-05 0.000345026 -0.000322268 0.000134568 -0.00306624 0.0056639 -0.00112618 -0.00164967 -0.000242324 0.00161574 -0.00193773 -0.00338608 0.000626949 0.000543967 0.00864759 0.00273897 0.00441999 0.00691586 -0.00700778
internal_weight=52174.1 41533 921.642 40611.3 40452.8 3418.8 1362.49 1295.02 192.269 37034 2056.31 2001.5 1832.88 1629.4 1502.14 1102.75 203.482 1058.91 983.963 727.801 536.259 662.844 473.583 10641.1 10421.7 137.187 460.007 332.556 213.34 258.798
internal_count=17706 15003 540 14463 14392 1309 489 464 74 13083 820 800 718 627 584 390 91 436 404 293 221 380 275 2703 2668 61 186 132 85 160
is_linear=0
shrinkage=0.04


Tree=144
num_leaves=31
num_cat=0
split_feature=10 6 19 9 1 1 12 9 9 10 0 12 11 8 15 12 13 14 15 22 6 6 20 19 9 15 9 0 17 22
split_gain=4.07857 3.6836 3.80054 3.71979 3.19009 4.30981 3.0488 2.94703 3.13257 2.83527 3.32685 2.79444 2.75273 3.18511 4.91618 3.82711 2.99516 6.00878 2.70797 2.97931 3.67408 3.65082 2.67915 2.58899 2.72652 3.39561 3.24843 3.03871 2.52758 3.42222
threshold=-116.82397332207471 0.50897441797776455 7.1833333333333345 1552.5296384203607 0.28887275566546339 0.29063937767529907 2.3666666666666671 1549.7501818660237 1548.1727437251777 -102.38870991766008 0.29516110568426757 1.2916666666666667 0.28239338422441856 1452.2203030261196 1.9166666666666667 0.81666666666666676 1.6333333333333335 12.816666666666668 2.8166666666666669 4.5000000000000009 0.46811203738050161 0.61632088684216779 -0.54999999999999982 3.4500000000000006 1617.0493976899149 4.0833333333333348 1639.6518681334901 0.36044896198901982 2.8166666666666669 6.5000000000000009
decision_type=2 2 2 2 2 2 2 2 2 2 2 2 2 2 2 2 2 2 2 2 2 2 2 2 2 2 2 2 2 2
left_child=12 2 3 6 23 -6 7 8 28 -7 11 -11 13 14 -1 -15 -17 22 -16 20 -20 -22 -18 -5 -25 27 -27 -26 -2 -30
right_child=1 -3 -4 4 5 9 -8 -9 -10 10 -12 -13 -14 15 18 16 17 -19 19 -21 21 -23 -24 24 25 26 -28 -29 29 -31
leaf_value=0.010946966024506 -3.2158069020804809e-06 0.00051259508167839779 0.0074767674008611364 0.0019356585631940346 0.0050758026379803742 0.0042451656964651967 0.004824972397740635 0.0046415384400583827 -0.006847844745170556 -0.0021407663796530201 -0.00060312504257644642 -0.0088756871671753796 -0.0025547482666954508 -0.0066559706121815318 -0.0056198501923877828 0.00095422019851226271 0.0067526572571211156 -0.0017405018135404169 -0.0073699462546261323 -0.0018928145892651252 0.010239134038590159 -0.0029792183024273779 0.018532228434880529 -0.0047689014955339462 9.676495952160872e-06 0.0029032558606551938 -0.0057780325249157565 0.011472060716456038 0.0025868699271725387 -0.0073905984007177662
leaf_weight=48.978724956512451 20469.082808494568 22475.428175449371 102.13990092277527 166.89080059528351 205.09563934803009 160.76248276233673 207.18954014778137 212.01260685920715 108.08962833881378 300.3017076253891 2369.6740778684616 146.42482233047485 1502.2855017185211 76.218847990036011 247.52374708652496 464.9446028470993 70.380314469337463 81.760626316070557 39.009986877441406 1041.8069146871567 108.62074100971222 47.558042645454407 56.81550657749176 821.80662930011749 122.7786169052124 94.748021602630615 247.47490835189819 51.970747470855713 81.843654036521912 164.14825582504272
leaf_count=28 7543 6037 41 60 82 75 64 84 45 157 963 76 714 43 137 235 36 39 22 543 56 25 27 317 63 34 90 17 28 57
internal_value=3.8768e-05 0.000137466 -0.000186413 -0.000216886 -0.00123658 -0.000518499 8.19642e-06 -3.94743e-05 -8.7355e-05 -0.000905463 -0.00120087 -0.00436318 -0.00122553 -0.000350363 -0.00139492 0.00178408 0.00274711 0.00671288 -0.00180921 -0.00104278 0.00348075 0.00622066 0.0121178 -0.00275292 -0.0033384 -0.00105958 -0.00337307 0.00346449 -5.17505e-05 -0.00407397
internal_weight=52293.8 48507.9 26032.4 25930.3 4687.93 3182.26 21242.4 21035.2 20823.2 2977.16 2816.4 446.727 3785.9 2283.62 1533.5 750.12 673.901 208.956 1484.52 1237 195.189 156.179 127.196 1505.67 1338.78 516.972 342.223 174.749 20715.1 245.992
internal_count=17738 15833 9796 9755 1934 1353 7821 7757 7673 1271 1196 233 1905 1191 811 380 337 102 783 646 103 81 63 581 521 204 124 80 7628 85
is_linear=0
shrinkage=0.04


Tree=145
num_leaves=31
num_cat=0
split_feature=10 19 2 11 8 15 13 14 5 5 5 19 22 7 2 5 5 18 9 13 9 10 15 22 13 19 1 1 2 5
split_gain=3.92264 2.85479 2.67938 2.65547 3.06025 4.68979 3.65413 5.59893 4.53959 4.77874 3.63503 3.25975 3.49536 3.14581 2.94149 2.62697 2.7002 2.39805 2.40365 2.34645 5.0217 2.31603 2.29666 3.82361 2.21518 3.60701 2.77471 2.23192 3.06151 2.61445
threshold=-116.82397332207471 7.916666666666667 0.36515848581954952 0.28239338422441856 1452.2203030261196 1.9166666666666667 1.6333333333333335 12.816666666666668 0.036810853221245672 0.032572615801746536 0.032812637297795939 6.7750000000000012 8.5000000000000018 0.87500000000000011 0.5881497381494144 0.022924593993067569 0.021870943779044753 13.91666666666667 1692.698417855343 2.9166666666666674 1491.3400104148011 -40.711846974860343 2.8166666666666669 4.5000000000000009 2.5500000000000003 3.0833333333333335 0.29853989696273359 0.26956037805735894 0.46531765613834081 0.028175534426467811
decision_type=2 2 2 2 2 2 2 2 2 2 2 2 2 2 2 2 2 2 2 2 2 2 2 2 2 2 2 2 2 2
left_child=3 19 -3 4 5 -1 8 10 9 11 -8 12 -6 -9 -13 16 -7 18 -5 24 -21 -4 -17 -24 27 -26 -27 29 -29 -2
right_child=1 2 21 17 6 15 7 13 -10 -11 -12 14 -14 -15 -16 22 -18 -19 -20 20 -22 -23 23 -25 25 26 -28 28 -30 -31
leaf_value=0.010618165488213175 0.00098904911535115342 0.0085310940475521197 0.006151181804344704 -0.00016583050173450385 0.00064802302233227141 -0.0017697828617311078 0.015064521963204559 0.0056744552024522634 0.0095730189468142841 -0.0094072007212852703 0.0013440386332893668 0.0014482941967231789 0.012240828707113422 -0.0091762763862476664 -0.011607385619132363 -0.0057959346829687345 0.0118002924632913 -0.0042057429648484999 -0.0068110182898009769 0.00081285780215082618 -0.0090556619012567303 -0.0036690837740595891 0.0039330129917666736 -0.0024522734030403798 0.0099442428073118691 0.00018486344974627224 0.010295267465810895 -0.00010736333646760544 -0.0035780058540625594 8.8910422869330468e-05
leaf_weight=49.517838358879089 7649.8888580799103 123.6671941280365 67.417881608009338 694.50992071628571 194.98157620429993 48.733715772628784 98.057201623916626 43.634244203567505 66.258948445320129 96.536609768867493 45.203734159469604 54.362221598625183 51.948251366615295 45.772440075874329 54.700330376625061 236.41736257076263 43.841986298561096 705.35439515113831 98.588123321533203 203.0921026468277 137.77665281295776 86.676585674285889 176.33182013034821 976.52729880809784 89.576176285743713 422.96980047225952 47.406078577041626 23397.396501779556 412.85908806324005 15875.841523528099
leaf_count=28 2151 32 28 332 101 22 47 19 33 53 24 24 26 24 29 132 21 334 48 71 57 34 94 514 29 147 20 8991 230 4043
internal_value=3.79764e-05 0.000134702 0.00417097 -0.00120274 -0.000343593 -0.00136927 0.00174566 0.00589909 -0.000124856 -0.00156279 0.0107746 0.000584821 0.00312641 -0.00194589 -0.00514575 -0.00177674 0.00471416 -0.0025105 -0.000999415 0.000111374 -0.00319075 0.00063934 -0.00221235 -0.00147307 0.000134941 0.00263381 0.0012235 0.000105326 -0.00016769 0.000381639
internal_weight=52295.8 48514.6 277.762 3781.28 2282.83 1531.37 751.456 232.668 518.788 452.529 143.261 355.992 246.93 89.4067 109.063 1481.85 92.5757 1498.45 793.098 48236.8 340.869 154.094 1389.28 1152.86 47895.9 559.952 470.376 47336 23810.3 23525.7
internal_count=17738 15833 94 1905 1191 811 380 114 266 233 71 180 127 43 53 783 43 714 380 15739 128 62 740 608 15611 196 167 15415 9221 6194
is_linear=0
shrinkage=0.04


Tree=146
num_leaves=31
num_cat=0
split_feature=10 6 19 9 23 20 12 12 9 9 2 0 17 17 14 20 11 8 12 22 9 13 14 5 5 19 22 2 5 16
split_gain=3.77312 3.45952 3.59502 3.55715 3.16606 5.67437 3.21326 2.91207 2.82129 3.03378 2.72769 3.9717 2.97226 2.73067 4.15591 4.0908 2.56176 2.93906 3.67139 3.1905 3.56197 2.70719 5.37449 4.56808 3.97087 3.00395 3.11204 2.60332 2.55266 3.90788
threshold=-116.82397332207471 0.50897441797776455 7.1833333333333345 1552.5296384203607 6.5000000000000009 -0.81666666666666665 0.91666666666666685 2.3666666666666671 1549.7501818660237 1548.1727437251777 0.37080658053456089 0.46274003539586411 1.6333333333333335 1.4500000000000002 12.450000000000001 1.2250000000000003 0.28239338422441856 1452.2203030261196 0.81666666666666676 3.5000000000000004 1731.3548560601018 1.6333333333333335 12.816666666666668 0.036810853221245672 0.032304765877003712 6.7750000000000012 8.5000000000000018 0.5881497381494144 0.028350097620251206 1.4500000000000002
decision_type=2 2 2 2 2 2 2 2 2 2 2 2 2 2 2 2 2 2 2 2 2 2 2 2 2 2 2 2 2 2
left_child=16 2 3 7 -5 6 -6 8 9 -2 11 13 -12 15 -15 -7 17 19 -19 20 -1 23 -23 24 25 26 -20 -27 -3 -30
right_child=1 28 -4 4 5 10 -8 -9 -10 -11 12 -13 -14 14 -16 -17 -18 18 21 -21 -22 22 -24 -25 -26 27 -28 -29 29 -31
leaf_value=0.0080327852974785337 -5.0528406744880325e-05 0.0010155301466455453 0.0072384119961750376 -0.0024361448906229303 0.0023677259015252609 0.0010116299676743419 0.012018671109395987 0.0047040860230481143 0.0045311342297188299 -0.0067608092715274294 -0.0023736582998707947 -0.0031995254028484282 -0.012745177081446247 0.00069281827611497539 0.014377160071960838 -0.0084318984905876644 -0.0024670569932980827 -0.0065851068510603319 0.00145732961771288 -0.0019288738415182939 -0.0063809296495666501 0.011397242685681572 -0.0016676314789105032 0.010812260784134496 -0.0077028615367417891 0.002483861825400697 0.012724786212652326 -0.010636607163959279 0.00067792349937803034 -0.00072713518399199109
leaf_weight=105.81969976425171 20713.796934247017 9031.060179233551 103.0469970703125 1957.9912096261978 188.81769585609436 1084.5002465248108 77.409663081169128 208.21395301818848 212.97665405273438 107.36498725414276 613.06601095199585 487.4732813835144 46.745458364486694 89.476870775222778 57.990352153778076 77.717782258987427 1494.7077615261078 75.8067467212677 159.40077030658722 1387.37493288517 36.075027346611023 130.15091264247894 81.429187536239624 63.541808843612671 96.02384877204895 46.426966071128845 51.161932229995728 48.839940667152405 8369.4324921369553 5094.0278179645538
leaf_count=54 7628 2670 41 818 88 427 34 64 84 45 304 155 22 35 21 30 714 43 81 737 20 63 39 31 52 20 25 26 1991 1376
internal_value=3.72071e-05 0.000132006 -0.000181993 -0.000211768 -0.00120977 -0.000327433 0.00520836 8.20947e-06 -3.84958e-05 -8.54532e-05 -0.000929144 -0.000121069 -0.00312662 0.00102632 0.00613467 0.000373433 -0.00118042 -0.000336977 0.00170763 -0.00134389 0.00434926 0.00264458 0.00638487 0.000934105 -0.00065081 0.00158127 0.00424227 -0.00428315 0.000495302 0.000146292
internal_weight=52297.9 48521.1 26026.6 25923.5 4681.19 2723.2 266.227 21242.4 21034.1 20821.2 2456.97 1797.16 659.811 1309.69 147.467 1162.22 3776.76 2282.05 752.782 1529.27 141.895 676.975 211.58 465.395 401.853 305.83 210.563 95.2669 22494.5 13463.5
internal_count=17738 15833 9796 9755 1934 1116 122 7821 7757 7673 994 668 326 513 56 457 1905 1191 380 811 74 337 102 235 204 152 106 46 6037 3367
is_linear=0
shrinkage=0.04


Tree=147
num_leaves=31
num_cat=0
split_feature=6 0 19 20 12 10 13 18 1 18 18 2 0 8 16 8 18 0 8 1 6 12 12 21 22 9 9 5 8 18
split_gain=3.36221 4.19558 3.23785 3.42549 5.35127 4.2609 4.09256 2.94733 2.91149 2.85449 2.98671 4.08817 5.50306 3.20545 4.82304 7.63082 3.8154 3.13918 2.98039 2.92052 3.3907 4.55032 2.89788 4.26544 2.98333 2.79704 4.66017 4.24899 4.2199 4.11451
threshold=0.54005274930724811 0.18146632070201171 3.2916666666666674 -1.6333333333333331 0.22500000000000003 16.61800403289465 2.0833333333333335 5.7500000000000009 0.31752127143929487 11.633333333333335 9.2666666666666675 0.28314634806673999 0.41373991594084075 1571.5679917409561 0.81666666666666676 1620.4262934794076 10.29166666666667 0.59456478695655357 1560.3974438543939 0.26599973499392654 0.4271242963991056 1.0833333333333337 0.91666666666666685 -1.708333333333333 3.5000000000000004 1379.5011770159313 1424.0383748765544 0.026612343425023836 1469.7463931576765 8.8166666666666682
decision_type=2 2 2 2 2 2 2 2 2 2 2 2 2 2 2 2 2 2 2 2 2 2 2 2 2 2 2 2 2 2
left_child=1 -1 3 5 -5 -3 7 -6 9 10 11 25 -13 22 -15 16 -16 -17 19 -11 21 -21 -12 -24 -25 27 -27 -9 -28 -30
right_child=-2 2 -4 4 6 -7 -8 8 -10 18 13 12 -14 14 15 17 -18 -19 -20 20 -22 -23 23 24 -26 26 28 -29 29 -31
leaf_value=-0.0036947520772189256 0.00050249720176819901 0.0094306869089881545 -0.00034664144822078592 0.010782170643210121 -0.0073611685963445236 -0.0009678720248298921 -0.0035392196210040196 0.011915474472872183 -0.0011605915666661156 0.011283915134534457 0.0010911813886962964 0.003255828879070651 0.016053992173040998 -0.0021375331850094566 0.0044747729679054625 -0.0082569062254660135 0.014710667363455641 0.0028191136293526449 -0.00047349735940658286 0.01246343036044616 0.000888900288332249 0.0012279077718627077 0.0070144090322037901 -0.006210760997160396 -0.0015380427415755812 -0.002582531515506345 -0.0034951904602070782 0.0016431189618668789 0.0011296082165784301 0.00668187413987741
leaf_weight=527.17384779453278 19772.232648849487 149.87896716594696 23309.201785206795 77.962877869606018 74.175579905509949 108.01320648193359 416.77646231651306 85.216469287872314 1266.1812394857407 85.680420398712158 788.31921756267548 340.70081031322479 63.032005310058594 248.34523296356201 118.14871168136597 66.191919326782227 116.42506146430969 103.92056465148926 282.64556884765625 120.87591207027435 346.90645360946655 109.93963849544525 81.590898990631104 261.21012723445892 1322.8403477668762 604.28532242774963 207.93310523033142 256.58981585502625 739.23952317237854 299.61319947242737
leaf_count=324 5496 62 8845 28 25 38 153 24 544 26 292 136 20 74 35 22 36 27 89 48 130 45 24 91 460 184 72 75 227 92
internal_value=9.10296e-05 -0.000158698 -0.000100425 0.000555989 0.00041764 0.00508853 0.00032025 0.000521986 0.000596776 0.000931526 0.00059373 0.00159472 0.00528865 -0.000243072 0.00224541 0.00493374 0.00959599 -0.00151371 0.00296528 0.00442889 0.0033945 0.00714023 -0.000905933 -0.00185122 -0.00231201 0.000912527 0.000297727 0.00423143 0.00169467 0.00273581
internal_weight=52351.2 32579 32051.8 8742.64 8484.75 257.892 8406.78 7990.01 7915.83 6649.65 5703.6 2596.61 403.733 3106.99 653.031 404.686 234.574 170.112 946.048 663.402 577.722 230.816 2453.96 1665.64 1584.05 2192.88 1851.07 341.806 1246.79 1038.85
internal_count=17744 12248 11924 3079 2979 100 2951 2798 2773 2229 1891 830 156 1061 194 120 71 49 338 249 223 93 867 575 551 674 575 99 391 319
is_linear=0
shrinkage=0.04


Tree=148
num_leaves=31
num_cat=0
split_feature=0 18 5 2 2 17 19 23 11 8 17 1 12 11 10 5 12 22 15 9 2 2 8 2 23 5 10 23 8 1
split_gain=2.92843 3.16685 3.15696 3.09691 3.56577 2.98709 2.88383 3.12378 2.5511 3.49854 2.68726 4.95273 2.72335 2.73054 5.24993 3.85705 3.02821 2.95256 3.31565 2.93344 2.66114 2.65918 4.32647 2.59948 2.67857 3.56335 4.70054 4.44463 6.00585 4.07222
threshold=0.40060894580793688 7.2083333333333348 0.026666094413297595 0.32315410333921962 0.32553333494407599 0.55000000000000016 7.7500000000000009 11.500000000000002 0.3896249556731271 1323.2408259068591 1.0833333333333337 0.33796931152173543 2.7083333333333335 0.58960238355583028 70.195121975486146 0.031282625919447089 1.6333333333333335 7.5000000000000009 3.5500000000000003 1504.2663246817808 0.26277746390666418 0.23860293835139565 1453.2549367410395 0.096536160266948223 8.5000000000000018 0.024242714995609375 153.85155978343656 15.500000000000002 1453.2549367410395 0.26507308518252154
decision_type=2 2 2 2 2 2 2 2 2 2 2 2 2 2 2 2 2 2 2 2 2 2 2 2 2 2 2 2 2 2
left_child=1 2 -1 8 -5 6 7 -3 -2 -10 11 12 13 17 15 16 -15 18 20 -20 21 22 -11 -12 -25 26 -26 28 -27 -28
right_child=3 5 -4 4 -6 -7 -8 -9 9 10 23 -13 -14 14 -16 -17 -18 -19 19 -21 -22 -23 -24 24 25 27 29 -29 -30 -31
leaf_value=-0.0025760402032303942 -0.0037246400836216825 -0.0015073207579748039 0.0099410427009399959 0.010785210371921539 0.0015466609865464049 -0.00018732793418156302 0.0048043235525917658 -0.0061196915327999995 0.010696676093610609 0.010476011139655059 0.0010532804727348096 -0.0079865952578021399 -0.0020469467370534274 0.00055442898549086332 0.0013730834786057843 0.015565249891920022 0.011007419472076528 0.0022431161321847483 -0.0060840999997389261 -0.0010526710976518376 0.0056793697826284005 -0.0056562284390228425 -0.0019105330882615986 -0.00032175974321467293 0.0010154252038177794 0.0061935122107825745 0.0040226623053725742 -0.0020790419370843682 0.00042140672978010948 0.014994504610659811
leaf_weight=48.739394426345825 253.03812527656555 1621.3422908782959 92.270064353942871 92.311319828033447 237.19925284385681 15927.975498557091 98.719870924949646 274.02475702762604 50.696951627731323 66.893954277038574 3694.6064124107361 98.341719388961792 444.64751005172729 123.39431738853455 5452.8124158382416 65.044363260269165 68.316674947738647 674.8122878074646 229.7708375453949 946.32383704185486 182.99966835975647 101.75529861450195 133.78971171379089 17032.352986335754 440.58893036842346 326.73873376846313 150.54702019691467 935.76993989944458 2405.7192184925079 84.485985994338989
leaf_count=20 89 781 38 27 65 6959 46 139 15 23 699 40 101 41 1557 19 18 224 79 311 66 38 45 5023 142 105 38 276 693 27
internal_value=8.92069e-05 -0.000322975 0.00562689 0.000306318 0.00415961 -0.000370099 -0.00182918 -0.00217703 0.000268812 0.000298898 0.000282919 0.000893501 0.000997283 0.00116575 0.00163705 0.007216 0.00431717 1.37782e-05 -0.000892446 -0.00203998 0.00188622 -0.000420084 0.00224975 7.37156e-05 -9.56312e-05 0.000790895 0.00345812 0.000298831 0.00111363 0.00801347
internal_weight=52356 18063.1 141.009 34293 329.511 17922.1 1994.09 1895.37 33963.4 33710.4 33659.7 8588.9 8490.56 8045.91 5709.57 256.755 191.711 2336.35 1661.53 1176.09 485.439 302.439 200.684 25070.8 21376.2 4343.85 675.622 3668.23 2732.46 235.033
internal_count=17744 7983 58 9761 92 7925 966 920 9669 9580 9565 2562 2522 2421 1635 78 59 786 562 390 172 106 68 7003 6304 1281 207 1074 798 65
is_linear=0
shrinkage=0.04


Tree=149
num_leaves=31
num_cat=0
split_feature=6 0 19 14 5 14 23 23 15 16 6 19 21 14 1 12 0 21 9 13 12 5 0 4 14 17 16 6 15 13
split_gain=3.18222 4.02086 3.0736 2.73033 3.0862 2.79288 4.91012 3.08595 3.24933 2.81588 4.33231 3.70262 3.04911 4.78532 5.40798 5.22276 3.98755 3.51245 2.99382 2.98518 4.22677 4.7275 3.76205 4.30732 3.54583 3.45577 2.9147 3.37248 3.1168 2.75408
threshold=0.54005274930724811 0.18146632070201171 3.2916666666666674 8.1833333333333353 0.036105442949968987 9.4500000000000011 8.5000000000000018 7.5000000000000009 2.9166666666666674 1.4500000000000002 0.54113137721385152 3.7750000000000004 -0.16666666666666655 13.083333333333334 0.24961814598609497 2.7916666666666674 0.41968426791867236 1.0000000180025095e-35 1339.5455837403247 1.2916666666666667 1.2916666666666667 0.025807780614349744 0.31892475115407709 -0.47433154475550315 13.583333333333334 1.8166666666666669 2.7083333333333335 0.61968345833579408 5.4500000000000011 0.91666666666666685
decision_type=2 2 2 2 2 2 2 2 2 2 2 2 2 2 2 2 2 2 2 2 2 2 2 2 2 2 2 2 2 2
left_child=1 -1 -3 4 -2 6 7 8 -5 10 -7 -11 29 14 -14 -15 17 -16 -13 20 21 -20 26 -24 25 -23 28 -28 -22 -12
right_child=3 2 -4 5 -6 9 -8 -9 -10 11 12 18 13 15 16 -17 -18 -19 19 -21 22 24 23 -25 -26 -27 27 -29 -30 -31
leaf_value=-0.0036248525033596431 -0.0042683870880209657 0.00054051928199320488 -0.00033872420706065811 0.0082943926321827552 0.0070484825641452331 0.0089048209737324583 -0.00405603786988215 0.011580909706567347 0.001068139727028786 -0.0029355152079106389 0.0016177539836109891 0.0093228994738649203 -0.0033796648707064415 0.0043600489727109474 0.0076905624610885161 -0.002137306906888584 0.0099746007444401798 -0.0042112840830291548 0.010020417786111624 -0.00060571700203696031 -0.0083744685050678586 -0.0022391584507794613 0.00052969552297686272 0.0087117110225430304 0.0065274901147053871 0.0085583938572986306 -0.0042054166766133843 0.010284390246454309 -0.00012819221538775224 -5.299466674250468e-05
leaf_weight=524.9002993106842 323.45368826389313 8749.2677659988403 23299.749524235725 146.02365601062775 42.841707706451416 106.75299882888794 124.24935328960419 87.405894756317139 309.52945697307587 659.44018602371216 2260.5095994472504 55.871297597885132 432.14564967155457 1309.2943164110184 60.692131280899048 232.54613590240479 102.88974022865295 110.15826535224915 150.91705417633057 4341.1532378196716 188.73575735092163 281.5574061870575 2671.4648470878601 106.08137226104736 178.60217380523682 55.993683338165283 53.915293574333191 47.423543572425842 119.58965873718262 5227.5553036928177
leaf_count=324 139 3079 8845 57 19 30 49 35 114 161 466 12 125 307 20 50 29 40 52 1487 85 117 631 33 57 18 23 19 48 1273
internal_value=8.7423e-05 -0.000155615 -9.86845e-05 0.000487511 -0.00292919 0.000552102 0.00309329 0.00473378 0.00339755 0.000461531 0.000927866 -5.36158e-05 0.000839493 0.0021312 -0.000595995 0.00337934 0.00379481 3.68236e-05 0.000177032 0.000113551 0.000923625 0.00381653 0.000317145 0.00084521 0.00198671 -0.000428049 -0.0032565 0.00260961 -0.00518675 0.000451522
internal_weight=52360.7 32573.9 32049 19786.8 366.295 19420.5 667.208 542.959 455.553 18753.3 9842.54 8910.75 9735.79 2247.73 705.886 1541.84 273.74 170.85 8251.31 8195.43 3854.28 667.07 3187.21 2777.55 516.153 337.551 409.664 101.339 308.325 7488.06
internal_count=17744 12248 11924 5496 158 5338 255 206 171 5083 2340 2743 2310 571 214 357 89 60 2582 2570 1083 244 839 664 192 135 175 42 133 1739
is_linear=0
shrinkage=0.04


Tree=150
num_leaves=31
num_cat=0
split_feature=0 13 20 6 21 18 18 23 20 1 8 6 0 19 12 1 15 23 19 6 6 18 6 20 8 13 15 12 20 14
split_gain=3.24848 2.95056 5.45481 2.79705 2.75243 2.28616 3.53802 2.24057 2.12078 4.58195 2.2101 1.83908 3.10194 3.00613 1.95062 2.55833 2.39344 2.99394 1.80971 2.2253 1.7913 3.0325 2.56009 2.34991 4.26778 2.31433 2.92149 3.48661 4.43505 2.90465
threshold=0.55749448390367606 2.9166666666666674 -2.4499999999999997 0.28738023480725122 3.0833333333333339 18.083333333333339 17.083333333333339 91.500000000000014 -1.1833333333333329 0.22801970677249353 1433.5046719315058 0.67428580384944936 0.11569507422138935 4.4500000000000011 2.6333333333333337 0.24556348524451513 5.6333333333333337 7.5000000000000009 6.7750000000000012 0.5980270520118719 0.4034870592322391 8.0833333333333339 0.37637085479621152 -0.16666666666666655 1427.6357652358713 1.7083333333333337 2.9166666666666674 0.70833333333333337 -0.91666666666666641 11.083333333333334
decision_type=2 2 2 2 2 2 2 2 2 2 2 2 2 2 2 2 2 2 2 2 2 2 2 2 2 2 2 2 2 2
left_child=1 3 -3 -1 7 6 8 11 9 -2 -10 12 18 -13 20 -16 -17 -18 -5 -20 21 22 23 24 -14 26 27 28 29 -22
right_child=5 2 -4 4 -6 -7 -8 -9 10 -11 -12 13 14 -15 15 16 17 -19 19 -21 25 -23 -24 -25 -26 -27 -28 -29 -30 -31
leaf_value=-0.0056397575650000186 -0.0012873386359876472 0.0026199763614075254 -0.0073963261715207767 -0.0055957157036305638 -0.0077500507491149832 -0.0057025335559596014 0.0065778123496594001 0.0052831647520659285 -0.0037466437049249917 0.011062146471902783 0.00038840580269531189 0.010281187510701765 -0.0053777268703299776 0.0010023208074369603 -0.0086455826042614124 -0.0069815925360429566 -0.0019147779887185574 0.0071769610998905784 -0.00609630996034874 0.0061418242131713501 -0.0020039275531758189 -0.0009640964562428148 0.0065516540912678922 -0.0033787753996213721 0.0086304757260111161 -0.00067505751720237995 7.9817625918064549e-06 0.00014884820485795691 0.0053098763267508389 0.0083014287862077964
leaf_weight=152.25621199607849 101.27475714683533 135.09440743923187 241.22688686847687 269.53164720535278 76.588983416557312 96.441934823989868 148.00457453727722 117.49976408481598 208.71098709106445 90.182294845581055 14981.35191988945 62.025000929832458 52.836832523345947 494.54278612136841 93.480257034301758 90.591362476348877 227.42202806472778 76.656598567962646 41.119497537612915 53.599135279655457 280.0754908323288 6709.2886452674866 155.72356724739075 145.79507005214691 97.963799834251404 6829.1772516965866 17951.432770133018 1243.2304327487946 633.79443407058716 50.832829594612122
leaf_count=69 24 57 100 169 38 22 32 42 57 22 3483 19 22 203 29 30 70 23 27 31 119 2846 57 58 38 2613 6533 503 255 19
internal_value=-7.67708e-05 -0.000284434 -0.00380319 -0.00024745 -0.000224329 0.000405388 0.000443685 -0.000207956 0.000384237 0.00455691 0.000331347 -0.000226249 -0.000262548 0.00205296 -0.000223875 -0.00273194 -0.00131294 0.000393213 -0.00392951 0.000820789 -0.000187945 -0.000750281 0.00241639 0.000230505 0.00371925 -3.87023e-05 0.000176892 0.00154958 0.0033527 -0.000400618
internal_weight=51907.8 36281.8 376.321 35905.5 35753.2 15626 15529.5 35676.6 15381.5 191.457 15190.1 35559.1 35002.6 556.568 34638.3 488.15 394.67 304.079 364.25 94.7186 34150.2 7161.61 452.319 296.596 150.801 26988.5 20159.4 2207.93 964.703 330.908
internal_count=17610 13970 157 13813 13744 3640 3618 13706 3586 46 3540 13664 13442 222 13215 152 123 93 227 58 13063 3021 175 118 60 10042 7429 896 393 138
is_linear=0
shrinkage=0.04


Tree=151
num_leaves=31
num_cat=0
split_feature=13 20 9 1 9 21 14 16 15 20 6 14 14 10 20 12 18 0 13 9 9 5 5 5 22 4 14 18 9 16
split_gain=3.13515 4.53324 3.61844 3.10275 3.65225 2.88199 2.67668 3.29844 2.81874 2.65484 2.48517 4.37592 3.30002 2.9056 2.64474 3.71807 3.19202 2.58391 2.50072 2.48502 2.55155 2.44417 3.66565 2.5352 3.13733 2.73044 3.07081 3.05276 2.86628 2.66272
threshold=2.9166666666666674 -2.4499999999999997 1501.7062980895601 0.3402139859084013 1475.9749646409202 1.7333333333333338 10.083333333333334 1.2916666666666667 2.9166666666666674 -0.16666666666666682 0.62922780711222626 10.450000000000001 20.750000000000004 -116.82397332207471 -1.8166666666666662 0.63333333333333341 11.083333333333334 0.32080786295250868 2.4500000000000006 1642.9562118743386 1626.6806583945793 0.022535207228443269 0.021670452496956098 0.024753849413218013 7.5000000000000009 -0.35596258401452124 9.2916666666666696 16.916666666666668 1678.3105703913784 1.8166666666666669
decision_type=2 2 2 2 2 2 2 2 2 2 2 2 2 2 2 2 2 2 2 2 2 2 2 2 2 2 2 2 2 2
left_child=3 2 -2 5 -5 10 8 9 -6 -8 12 -12 13 18 15 16 -15 -18 21 20 -13 22 -1 24 -23 -25 -27 -28 -29 -26
right_child=1 -3 -4 4 6 -7 7 -9 -10 -11 11 19 -14 14 -16 -17 17 -19 -20 -21 -22 23 -24 25 29 26 27 28 -30 -31
leaf_value=-0.0028184051281688206 0.0073925772078909527 -0.0066226712229152367 -0.0057392625996004823 -0.006653568047360693 0.00047037887264929693 -0.0018749361350472761 0.011015090870668433 -0.0043847115437669242 -0.0067533967978885383 0.0012218015295860569 0.0050536899095283243 0.00036918240311433864 -0.0071411766976641087 0.0044525435734583188 -1.1182508657010831e-06 0.0073916899891453862 0.00049160757739695774 -0.010319020437131676 -0.0056984863746397567 0.0029142635231818961 -0.0058644311740606537 -0.0077714529105109807 0.0073851545404043459 -0.0039650896433878185 -0.0059952697056346801 -0.0038451995999662092 0.0015953248196651385 -0.0098736768249393769 -0.00060070192727797438 0.0065560543161493623
leaf_weight=98.727938413619995 84.847677946090698 266.34632611274719 54.214893221855164 236.69117844104767 173.08772385120392 1287.5951788425446 73.48105251789093 82.977553963661194 171.37687051296234 109.97176706790924 359.38955855369568 5416.9834971427917 104.31666469573975 137.99776172637939 39554.343757987022 186.11591589450836 84.475888967514038 59.754360198974609 192.42589139938354 621.53337895870209 106.14089918136597 195.81371462345123 128.91007816791534 367.58375525474548 49.465548634529114 294.90463960170746 1082.9344085454941 73.062363028526306 191.07387566566467 57.285181403160095
leaf_count=45 33 106 25 108 81 561 33 38 80 49 131 1117 28 53 13414 71 40 22 95 212 30 104 58 155 27 165 563 37 100 29
internal_value=-7.52753e-05 -0.00357473 0.00226858 -4.76578e-05 -0.00244637 -7.47055e-06 -0.000808077 0.00219789 -0.00313272 0.0051829 4.12776e-05 0.000769776 -6.92902e-05 -5.1869e-05 3.43012e-05 0.0030193 0.000120005 -0.00402743 -0.00131369 0.000518436 0.000248348 -0.000979364 0.00296684 -0.001369 -0.00477646 -0.000853842 -0.000155347 0.000654699 -0.00319325 0.000738429
internal_weight=51903.8 405.409 139.063 51498.4 847.586 50650.8 610.895 266.43 344.465 183.453 49363.2 6504.05 42859.2 42754.9 40022.7 468.344 282.228 144.23 2732.19 6144.66 5523.12 2539.76 227.638 2312.12 302.564 2009.56 1641.98 1347.07 264.136 106.751
internal_count=17610 164 58 17446 389 17057 281 120 161 82 16496 1490 15006 14978 13600 186 115 62 1378 1359 1147 1283 103 1180 160 1020 865 700 137 56
is_linear=0
shrinkage=0.04


Tree=152
num_leaves=31
num_cat=0
split_feature=13 20 9 1 9 21 10 10 20 2 9 6 19 1 6 2 19 2 22 18 15 5 5 10 10 10 15 11 20 9
split_gain=3.02404 4.39019 3.46469 2.98919 3.5443 2.79852 2.61279 3.58671 3.31847 3.15919 2.21899 2.51826 2.78296 2.56547 3.09671 4.04582 3.45709 3.8278 2.85281 2.83663 2.81497 2.77577 2.68976 2.35717 2.44132 2.33407 2.32266 3.57538 7.05808 2.80003
threshold=2.9166666666666674 -2.4499999999999997 1501.7062980895601 0.3402139859084013 1475.9749646409202 3.0833333333333339 62.36333994210441 -60.070522439338099 -0.40000000000000002 0.28812866212073657 1554.0639190925406 0.51542426645519435 7.1833333333333345 0.28887275566546339 0.42078663959286494 0.31815480119517103 4.8166666666666673 0.26137162884861137 7.5000000000000009 15.550000000000002 4.0833333333333348 0.024753849413218013 0.022152994126501849 140.51391177261112 8.2392096724548782 34.453518759775655 2.183333333333334 0.4970897291448409 -0.91666666666666641 1441.3161860299153
decision_type=2 2 2 2 2 2 2 2 2 2 2 2 2 2 2 2 2 2 2 2 2 2 2 2 2 2 2 2 2 2
left_child=3 2 -2 5 -5 10 7 -6 9 -9 26 12 13 21 19 16 17 -16 25 -15 -17 23 -22 24 -12 -19 27 28 -1 -29
right_child=1 -3 -4 4 6 -7 -8 8 -10 -11 11 -13 -14 14 15 20 -18 18 -20 -21 22 -23 -24 -25 -26 -27 -28 29 -30 -31
leaf_value=0.0016747053026044704 0.0071941495684675841 -0.0065350224128221555 -0.00565944799047873 -0.0065657559091362415 0.0067297566671415078 -0.0076344212159851375 0.0043791984677469089 0.0085897189727364327 -0.0059111813933856562 -0.003509038293172674 -0.0051685385241508862 7.3337720833118949e-05 0.0066137412120999021 -0.0010993177563606918 -8.5269598566260437e-06 0.0011522031823669831 -1.0314289608147806e-05 0.0012661924449058524 0.015314605908303818 -0.0065771885448945404 0.0039825537198847254 -0.0013691943649194794 -0.004207939568022393 -0.012621419468190649 0.0011720262717042585 0.011873673403016663 0.00010770472571986627 0.0034157807216252142 0.014887093738259317 -0.0019372807034433945
leaf_weight=215.35425806045532 85.477246165275574 264.58822989463806 53.9046311378479 235.1215637922287 62.921054840087891 75.855352640151978 123.56840801239014 58.742578268051147 284.24925410747528 80.926915645599365 424.98960566520691 6781.4426846504211 73.776294469833374 1605.2519599199295 104.7605414390564 618.53281986713409 249.83558487892151 79.449372291564941 79.159815073013306 166.08008944988251 75.317453861236572 1810.3695741891861 406.51650321483612 51.452886581420898 125.4467785358429 56.341856479644775 36925.320556640625 276.49516236782074 91.656590223312378 357.12877035140991
leaf_count=100 33 106 25 108 30 38 55 25 132 39 209 2498 31 731 36 279 91 29 28 77 32 797 177 17 44 20 11540 99 39 145
internal_value=-7.38285e-05 -0.00351686 0.00221824 -4.67512e-05 -0.00240406 -7.35303e-06 -0.000792907 -0.00211196 -0.00343706 0.00160438 4.23729e-06 -0.000453088 -0.00105529 -0.00115306 -0.000451707 0.000783889 0.00351741 0.00626556 0.00930923 -0.00161634 -0.000632885 -0.00215298 -0.00292205 -0.00450427 -0.00372399 0.00572203 0.000157734 0.00211949 0.00565473 0.000400342
internal_weight=51900 403.97 139.382 51496.1 845.53 50650.5 610.408 486.84 423.919 139.669 50574.7 12708.7 5927.28 5853.5 3441.25 1669.91 569.547 319.712 214.951 1771.33 1100.37 2412.26 481.834 601.889 550.436 135.791 37866 940.635 307.011 633.624
internal_count=17610 164 58 17446 389 17057 281 226 196 64 17019 5096 2598 2567 1500 692 204 113 77 808 488 1067 209 270 253 49 11923 383 139 244
is_linear=0
shrinkage=0.04


Tree=153
num_leaves=31
num_cat=0
split_feature=6 11 0 1 11 21 13 15 13 20 13 17 18 14 4 9 9 2 0 20 9 21 18 23 23 18 15 9 9 19
split_gain=3.62402 3.20599 2.52033 2.4872 5.94646 4.23701 3.36804 3.10529 2.77956 2.30926 2.80555 2.69596 2.25437 2.32357 2.66342 4.47392 4.19413 3.64125 3.00056 2.90136 2.73548 2.35663 2.19445 2.11908 2.07342 2.00828 1.98894 2.12576 4.19364 2.38184
threshold=0.57088653027739333 0.10035026476366919 0.24493787352263166 0.26507308518252154 0.63480638994543759 0.29166666666666657 1.4500000000000002 5.6333333333333337 2.9166666666666674 0.49999999999999989 0.91666666666666685 0.91666666666666685 19.583333333333339 10.91666666666667 -0.018081497426243227 1596.2254448020408 1649.6515679366892 0.55805108326470743 0.21442071784045832 0.16666666666666663 1670.4028442350971 -0.36666666666666664 5.7500000000000009 7.5000000000000009 5.5000000000000009 15.083333333333334 2.4500000000000006 1637.131403980057 1539.5329604628093 4.291666666666667
decision_type=2 2 2 2 2 2 2 2 2 2 2 2 2 2 2 2 2 2 2 2 2 2 2 2 2 2 2 2 2 2
left_child=2 -2 9 8 5 6 -5 -7 -3 12 -11 -12 13 21 23 17 25 18 -16 20 -18 -1 -4 24 -15 -17 -23 28 -28 -29
right_child=1 3 22 4 -6 7 -8 -9 -10 10 11 -13 -14 14 15 16 19 -19 -20 -21 -22 26 -24 -25 -26 -27 27 29 -30 -31
leaf_value=-0.0089717582828394479 -0.0072579671134551773 0.00074455886750132022 -0.0057848815880282714 0.011739141351221411 -0.0092471786747905099 -0.0067190392998546216 0.00086751992048513579 0.0020957811687295691 -0.0047407567355723015 -0.0020456034464050761 0.013231599621569145 0.00066647566542348338 -0.010138520840044818 -0.0071513982577154876 0.019742533436894787 -0.0099932534737590863 0.012246838776025495 -0.0029152468897011251 0.0054808470497096371 -0.0057243065738802282 0.0016791689879154686 0.00090070739261199461 -0.00011026361304161552 -0.01252376387353581 0.0032508235365519183 -0.00032499975397836571 -0.0069740183770991447 0.001540520409270071 0.00095282493806535728 -0.0064497361202967476
leaf_weight=88.964610815048218 83.079809665679932 13685.93031847477 108.37671375274658 67.97744607925415 136.51236772537231 155.71066689491272 135.02202701568604 107.37663197517395 148.43562066555023 110.11711049079895 53.989055037498474 54.522145390510559 50.400410175323486 60.348534464836121 40.909450531005859 90.170103907585144 44.464092254638672 37.934209585189819 56.601344704627991 71.130688190460205 287.7241495847702 252.31502377986908 35119.470145702362 39.855283617973328 60.428093075752258 55.292363286018372 149.50074744224548 70.943013668060303 366.97541105747223 364.28863561153412
leaf_count=50 51 3562 36 22 44 55 46 34 56 61 27 27 28 33 20 48 24 21 28 38 164 146 12462 23 35 29 82 42 204 210
internal_value=-6.35821e-06 0.000530428 -0.000213467 0.000575747 -0.00193783 0.000218217 0.00454775 -0.00312704 0.000685366 -0.0014655 0.00244639 0.00698191 -0.00185728 -0.00165739 -2.57358e-05 0.00106378 -0.000546892 0.0075459 0.0116038 0.00155499 0.00312618 -0.0027227 -0.000127885 -0.00464449 -0.0019629 -0.00634552 -0.0022539 -0.00309031 -0.00135075 -0.00514677
internal_weight=52154.8 14520 37634.7 14437 602.599 466.087 202.999 263.087 13834.4 2406.87 218.628 108.511 2188.25 2137.85 844.858 684.226 548.781 135.445 97.5108 403.319 332.188 1292.99 35227.8 160.632 120.777 145.462 1204.02 951.708 516.476 435.232
internal_count=17708 3870 13838 3819 201 157 68 89 3618 1340 115 54 1225 1197 463 372 303 69 48 226 188 734 12498 91 68 77 684 538 286 252
is_linear=0
shrinkage=0.04


Tree=154
num_leaves=31
num_cat=0
split_feature=6 10 9 9 21 18 5 1 10 21 13 15 13 14 5 5 16 21 14 1 1 18 1 16 15 20 14 15 9 15
split_gain=3.48028 3.10045 2.42803 3.36961 2.68478 3.02009 3.71678 2.39189 5.77775 4.06531 3.18237 3.00733 2.67988 2.38308 3.88683 3.12324 3.68902 2.88011 2.73366 2.61148 3.53078 4.5 3.50869 2.95379 2.39661 2.37329 3.39217 2.51009 2.98078 2.35289
threshold=0.57088653027739333 -380.38850570219296 1565.951259958093 1575.1029472166731 -0.16666666666666666 11.29166666666667 0.028655792074263612 0.26507308518252154 95.420091924193358 0.29166666666666657 1.4500000000000002 5.6333333333333337 2.9166666666666674 10.29166666666667 0.029810446631616031 0.026463968616962989 2.4500000000000006 2.2500000000000004 13.583333333333334 0.31042087634361393 0.28931896195383799 12.633333333333335 0.29379085240966363 1.6333333333333335 3.9166666666666674 -1.1833333333333329 12.29166666666667 2.8166666666666669 1619.5892626209159 6.7083333333333348
decision_type=2 2 2 2 2 2 2 2 2 2 2 2 2 2 2 2 2 2 2 2 2 2 2 2 2 2 2 2 2 2
left_child=2 -2 -1 4 -4 -6 -7 12 9 10 -9 -11 -3 14 -5 16 19 25 -18 20 -15 -22 -23 -24 -16 26 -17 28 -27 -29
right_child=1 7 3 13 5 6 -8 8 -10 11 -12 -13 -14 15 24 17 18 -19 -20 -21 21 22 23 -25 -26 27 -28 29 -30 -31
leaf_value=-4.4815705523513062e-05 -0.0071672444529036188 0.00072922185303467908 -0.0085974587875709604 -0.00029977543539451678 -0.0066670618142020913 0.0019158718717823433 -0.0048057172065108372 0.011375609246957638 -0.0091492769251644984 -0.0066309936543768391 0.00084967532355802752 0.0020502310355160771 -0.0046693767683303111 -0.0015132213022195301 -0.0034629949291670532 -0.01029242400997527 -0.0025776176949308077 0.0080029021779769692 -0.011094252343593392 -0.0064984953537156791 0.0088700488226681126 0.0077823312523361355 0.0023066224170083072 -0.009244244866335443 -0.010971287762015515 -0.00051251149053076824 0.0031472738503472526 0.00051439990862576915 0.012973364886712984 -0.0052684402578377287
leaf_weight=29814.424375295639 82.479002237319946 13696.124081373215 125.03135848045349 903.73277795314789 185.40482795238495 328.66480326652527 218.14797830581665 68.780144453048706 135.25583267211914 154.66794776916504 135.13921284675598 107.60190463066101 147.73358941078186 963.56017923355103 519.71013212203979 76.302719354629517 148.24760508537292 78.661178231239319 101.61683452129364 117.20974588394165 134.725501537323 56.14671516418457 64.848495006561279 76.205998539924622 77.70598566532135 49.636579155921936 48.536264181137085 3368.3442279100418 54.421499252319336 115.46911203861237
leaf_count=10490 51 3562 49 443 72 132 86 22 44 55 46 34 56 384 276 39 63 33 38 54 57 22 28 32 36 23 24 1395 26 36
internal_value=-6.27079e-06 0.000519568 -0.000209307 -0.000836972 -0.00320174 -0.00226991 -0.000769547 0.00056395 -0.00190349 0.000213814 0.00443816 -0.00307507 0.000671278 -0.000545084 -0.00195582 -0.000156503 -0.00160147 0.000477386 -0.00607165 -0.000807087 -0.000287539 0.00326439 -0.000590758 -0.00395499 -0.0044563 0.000315831 -0.0050837 0.00050507 0.00659684 0.000321274
internal_weight=52154.5 14527.8 37626.8 7812.33 857.249 732.218 546.813 14445.3 601.445 466.189 203.919 262.27 13843.9 6955.08 1501.15 5453.93 1662.56 3791.37 249.864 1412.7 1295.49 331.927 197.201 141.054 597.416 3712.71 124.839 3587.87 104.058 3483.81
internal_count=17708 3870 13838 3348 339 290 218 3819 201 157 68 89 3618 3009 755 2254 678 1576 101 577 523 139 82 60 312 1543 63 1480 49 1431
is_linear=0
shrinkage=0.04


Tree=155
num_leaves=31
num_cat=0
split_feature=6 11 0 5 20 13 18 15 21 23 2 20 18 18 20 6 18 15 17 6 8 14 14 15 15 5 5 15 19 18
split_gain=3.34238 2.99819 2.38885 3.92389 3.45493 2.27172 2.17538 3.32674 2.14522 2.26444 2.45176 2.28233 2.50676 2.12381 2.06994 3.23639 2.91033 2.37174 2.35415 2.17856 2.03953 2.0388 2.112 2.83694 2.81877 3.17734 2.40755 2.54253 1.99357 2.74393
threshold=0.57088653027739333 0.10035026476366919 0.24493787352263166 0.036105442949968987 -0.91666666666666641 2.9166666666666674 15.816666666666668 3.4500000000000006 -0.36666666666666664 11.500000000000002 0.45029620082253269 -1.0000000180025095e-35 14.083333333333334 5.7500000000000009 0.49999999999999989 0.49358970144445397 19.583333333333339 4.6333333333333337 0.45000000000000007 0.5613814756671901 1438.9471174806706 14.450000000000001 10.91666666666667 3.9166666666666674 3.2916666666666674 0.027583520873166293 0.022727515212132902 3.0833333333333335 4.0833333333333348 12.816666666666668
decision_type=2 2 2 2 2 2 2 2 2 2 2 2 2 2 2 2 2 2 2 2 2 2 2 2 2 2 2 2 2 2
left_child=2 -2 3 8 -5 -3 7 -6 -1 10 -10 12 -11 -4 16 -16 18 -17 -12 21 -21 22 23 26 25 -24 -20 -28 -26 -30
right_child=1 5 13 4 6 -7 -8 -9 9 11 14 -13 -14 -15 15 17 -18 -19 19 20 -22 -23 24 -25 28 -27 27 -29 29 -31
leaf_value=-0.0070125572940794266 -0.0070770228042623022 0.00060570941301931575 -0.00570332530405803 -0.0039045572228886584 -0.0043470059603878571 -0.0041615550799584469 0.013973750115346895 0.009606133119150366 0.0077830151212352726 0.0019335834719495682 -0.0069795156354837528 -0.010229602886889056 -0.006913562545980848 -0.00010468966113206339 -0.0043003680536648379 0.0010388109445586592 -0.012857099027353519 0.01346405817701651 0.0080790307434234349 0.01103388723723334 -0.0010334374222012149 -0.0093016271901896607 -0.001118167861340987 -0.0088652090308184248 0.0054340394088101488 0.014700167997062212 -0.0040895245188041305 0.0010603780016794143 -0.0111413403754233 -0.00036536338889549063
leaf_weight=125.05102455615997 81.889968037605286 14292.718593597412 107.74674832820892 67.918692350387573 46.682652950286865 160.75560700893402 46.872318863868713 63.468704700469971 47.464251279830933 100.84263217449188 115.41380381584167 88.254768490791321 102.46555757522583 35109.562620043755 59.39071786403656 47.792102336883545 36.089892625808716 50.004873752593994 38.361748337745667 43.659677147865295 44.664608001708984 50.114789247512817 36.33551824092865 95.366961240768433 74.100980043411255 44.708904981613159 398.38558959960938 248.4702627658844 42.55197012424469 287.22696554660797
leaf_count=70 51 3758 36 37 25 61 25 33 28 58 70 51 59 12462 35 24 20 23 20 23 24 26 20 52 41 25 229 141 23 158
internal_value=-6.19346e-06 0.000508935 -0.000205239 -0.00142557 0.00359329 0.000552402 0.00684058 0.00370682 -0.00194563 -0.00163353 -0.00109117 -0.00489274 -0.00253732 -0.00012198 -0.00134151 0.00301993 -0.00178392 0.00746398 -0.00151261 -0.00105854 0.00498832 -0.00146798 -0.00115066 -0.00243745 0.000921436 0.00768098 -0.00153123 -0.00211276 -0.000450586 -0.00178529
internal_weight=52154.3 14535.4 37619 2401.66 224.942 14453.5 157.024 110.151 2176.72 2051.67 1760.1 291.563 203.308 35217.3 1712.64 157.188 1555.45 97.797 1519.36 1403.95 88.3243 1315.62 1265.51 780.585 484.924 81.0444 685.218 646.856 403.88 329.779
internal_count=17708 3870 13838 1340 120 3819 83 58 1220 1150 982 168 117 12498 954 82 872 47 852 782 47 735 709 442 267 45 390 370 222 181
is_linear=0
shrinkage=0.04


Tree=156
num_leaves=31
num_cat=0
split_feature=0 6 9 17 21 14 20 2 14 10 23 13 19 10 6 22 23 10 10 15 0 1 14 10 2 14 9 6 10 19
split_gain=2.90005 2.63506 4.13434 2.67171 3.26474 3.72618 2.74338 3.11795 2.59624 2.5601 3.48419 3.26783 3.1262 2.76022 2.64214 2.43191 3.43725 4.04826 4.69634 3.52425 3.45698 3.44314 3.56976 2.42568 2.23064 5.24694 3.20961 2.56764 2.32002 3.03348
threshold=0.24171652455833706 0.39826240086695242 1642.9562118743386 1.4500000000000002 -0.36666666666666664 7.7750000000000012 0.29166666666666657 0.23360150128793278 6.7083333333333348 -55.299399391378522 8.5000000000000018 1.7083333333333337 5.916666666666667 -124.0413549203631 0.36987876254180607 50.500000000000007 7.5000000000000009 112.41411553166178 19.102945549302607 3.4500000000000006 0.28285973158361316 0.33597792195038378 11.29166666666667 -42.779771887557892 0.22454329773572682 9.8166666666666682 1395.2547863822222 0.33679143872794237 19.102945549302607 2.8166666666666669
decision_type=2 2 2 2 2 2 2 2 2 2 2 2 2 2 2 2 2 2 2 2 2 2 2 2 2 2 2 2 2 2
left_child=-1 2 3 9 5 -5 7 -6 -3 10 13 12 15 -2 -12 16 20 18 19 -18 -11 22 -21 -4 25 -7 -27 -26 -29 -30
right_child=1 8 23 4 6 24 -8 -9 -10 11 14 -13 -14 -15 -16 -17 17 -19 -20 21 -22 -23 -24 -25 27 26 -28 28 29 -31
leaf_value=-0.0010329003414264316 -0.0064316217598365732 -0.0045842185324758075 -0.011130203309188161 0.0069728371896668117 0.0050274114159916785 -0.011975622919286588 -0.010345675454481592 -0.0047841178412280404 0.0002392858677459006 -0.0059050208315711309 0.015189324025530762 -0.0036863361999670404 0.0093514974910576861 0.0024653802926164368 0.0024506399700398537 0.0073871382877456907 -0.0040357052764101488 0.0018893167092735377 -0.0057504111923602679 0.016751660212996393 0.00083813614808956423 -0.0040410536162435 0.0019440771164843118 -0.00045692078690242119 -0.0058599785663012082 0.0043791322876491926 -0.0036459668598532603 -0.0038831003706830815 0.0080604189978975022 0.00054306545283230238
leaf_weight=3919.2260752916336 65.995045781135559 178.31989657878876 92.87882936000824 90.661967039108276 62.471720933914185 92.798577785491943 106.15398371219635 284.15017294883728 41256.141843080521 126.51207315921783 54.341283321380615 415.63050937652588 55.815626978874207 333.09166383743286 50.082761645317078 67.250489354133606 139.25173902511597 299.64565515518188 536.08374571800232 47.610129714012146 2645.1722811460495 48.288695216178894 56.772052049636841 53.613859891891479 100.39394783973694 108.71882224082947 291.26942324638367 122.89391660690308 110.01139414310455 380.2447988986969
leaf_count=2088 32 69 46 37 23 34 45 124 12693 65 26 177 23 153 22 26 62 111 222 20 1077 22 24 23 45 36 103 55 44 155
internal_value=1.33901e-05 9.83581e-05 -0.000629078 -0.000482987 -0.0018257 -0.00080332 -0.00474612 -0.00300641 0.000218417 -7.26758e-06 0.00269282 -0.00031414 3.51348e-05 0.000981728 0.00916093 -9.82839e-05 -0.000229243 -0.00209012 -0.00353077 0.00055107 0.00052833 0.00473372 0.00879289 -0.00725354 -0.00139303 -0.00345985 -0.00145922 3.7199e-05 0.00101074 0.0022429
internal_weight=52191.5 48272.3 6837.81 6691.31 1749.77 1296.99 452.776 346.622 41434.5 4941.54 503.511 4438.03 4022.4 399.087 104.424 3966.59 3899.34 1127.65 828.006 291.923 2771.68 152.671 104.382 146.493 1206.33 492.787 399.988 713.544 613.15 490.256
internal_count=17682 15594 2832 2763 701 509 192 147 12762 2062 233 1829 1652 185 48 1629 1603 461 350 128 1142 66 44 69 472 173 139 299 254 199
is_linear=0
shrinkage=0.04


Tree=157
num_leaves=31
num_cat=0
split_feature=0 6 9 17 9 19 14 10 23 20 19 10 6 10 10 14 22 17 6 8 17 14 15 19 13 8 15 8 0 22
split_gain=2.78847 2.53339 4.00728 2.57382 2.84431 3.14824 2.50514 2.45402 3.30713 3.16278 2.74128 2.66093 2.47284 2.37564 2.25833 2.75353 2.34554 2.2253 3.16744 2.60482 2.43243 5.15044 4.48215 3.338 2.98124 2.53643 2.21143 3.07911 2.21 2.49203
threshold=0.24171652455833706 0.39826240086695242 1642.9562118743386 1.4500000000000002 1395.2547863822222 2.9166666666666674 6.7083333333333348 -55.299399391378522 8.5000000000000018 -1.0833333333333328 5.916666666666667 -124.0413549203631 0.36987876254180607 -42.779771887557892 74.722865683465571 8.0833333333333339 4.5000000000000009 1.5500000000000003 0.60024813895781637 1459.5903747057532 1.1833333333333336 12.450000000000001 4.291666666666667 3.0833333333333335 0.91666666666666685 1311.1985674774985 3.0833333333333335 1364.4822006494289 0.28285973158361316 50.500000000000007
decision_type=2 2 2 2 2 2 2 2 2 2 2 2 2 2 2 2 2 2 2 2 2 2 2 2 2 2 2 2 2 2
left_child=17 2 3 7 5 -5 -3 8 11 -9 28 -2 -10 -4 -6 -16 -17 20 19 -19 23 24 -23 -1 -22 -25 27 -26 -11 -30
right_child=1 6 13 4 14 -7 -8 9 12 10 -12 -13 -14 -15 15 16 -18 18 -20 -21 21 22 -24 25 26 -27 -28 -29 29 -31
leaf_value=0.007691717043982256 -0.0063462571322012787 -0.0045144079190145821 -0.011033510851853563 0.0069793089367376016 -0.00093549509441764737 -0.0017176577750235207 0.00023447626634951702 -0.0046246931620662363 0.014670326838762198 -0.0045199408645672573 0.0084403666369930949 0.0024105632228876963 0.0023970895547433704 -0.00044821403002108496 0.0045779802841734146 -0.0097321542114040035 -0.0036342668741407413 -0.00926763480594818 0.00058632259482419697 -0.0010536800913543984 -0.010354060244109772 0.017673110785691559 0.0030892504110191198 0.0056467286744699861 -0.0053860846239755346 -0.0016203825801459875 -0.0017218825204841468 0.0064787925644833409 -0.00010480245179663231 0.0075473359787720145
leaf_weight=65.044451951980591 65.57195258140564 177.50430953502655 91.850800275802612 114.48245787620544 746.03747773170471 156.60509920120239 41266.01503777504 254.91806101799011 55.172991156578064 177.56867980957031 59.057825326919556 333.91387414932251 50.205647468566895 53.589369297027588 53.819438695907593 123.35409641265869 552.31708979606628 174.52873492240906 170.14468550682068 95.751160144805908 43.152683973312378 49.613729596138 102.68572247028351 78.178842067718506 44.579090356826782 2650.9643129110336 288.93494462966919 151.60163164138794 3876.7962915897369 68.310892343521118
leaf_count=36 32 69 46 40 321 58 12693 112 26 92 24 153 22 23 21 49 212 95 78 48 24 24 46 43 25 1443 146 80 1575 26
internal_value=1.30937e-05 9.63633e-05 -0.000617165 -0.000473771 -0.00179316 0.00196729 0.000214028 -7.15694e-06 0.00263246 -0.000308055 -4.38708e-05 0.000960954 0.00890048 -0.00716291 -0.0024849 -0.004066 -0.00476027 -0.00101345 -0.00368882 -0.00637232 -0.000673378 0.00146955 0.00792445 -0.00119566 -0.000402843 -0.00141022 0.00050183 0.00376904 -0.000167426 2.9576e-05
internal_weight=52192.3 48277.1 6833.57 6688.13 1746.62 271.088 41443.5 4941.52 504.864 4436.65 4181.73 399.486 105.379 145.44 1475.53 729.491 675.671 3915.18 440.425 270.28 3474.76 680.568 152.299 2794.19 528.268 2729.14 485.116 196.181 4122.68 3945.11
internal_count=17682 15594 2832 2763 701 98 12762 2062 233 1829 1717 185 48 69 603 282 261 2088 221 143 1867 345 70 1522 275 1486 251 105 1693 1601
is_linear=0
shrinkage=0.04


Tree=158
num_leaves=31
num_cat=0
split_feature=0 6 6 0 16 19 6 14 20 17 19 6 17 11 4 15 19 23 23 0 21 22 20 20 18 11 13 18 1 19
split_gain=2.68156 2.43955 2.24007 2.26648 2.22141 2.47145 3.0531 3.0312 2.75642 2.40132 3.91444 2.53073 2.48565 2.40424 3.47099 2.63888 3.83131 2.51763 3.01338 3.60254 6.86154 3.55332 3.21247 2.61418 2.39976 3.3785 2.42451 4.7455 4.2674 3.92902
threshold=0.24171652455833706 0.60594818372787251 0.60445010818145151 0.62905682942093144 2.3666666666666671 5.0833333333333348 0.55000032873325944 16.416666666666668 0.36666666666666681 1.0833333333333337 3.2250000000000005 0.28738023480725122 3.2916666666666674 0.58021081864952995 -0.24099696517670136 4.291666666666667 5.0833333333333348 75.500000000000014 7.5000000000000009 0.43097203369425602 -0.4499999999999999 3.5000000000000004 -0.91666666666666641 -0.16666666666666655 15.366666666666669 0.79643479918364324 0.70833333333333337 13.633333333333335 0.28282782102168863 5.6333333333333337
decision_type=2 2 2 2 2 2 2 2 2 2 2 2 2 2 2 2 2 2 2 2 2 2 2 2 2 2 2 2 2 2
left_child=-1 2 4 -4 9 8 7 -7 -6 11 -11 -2 24 14 -13 16 -16 18 19 20 -15 -21 -20 -22 26 -26 27 28 -12 -29
right_child=1 -3 3 -5 5 6 -8 -9 -10 10 12 13 -14 17 15 -17 -18 -19 22 21 23 -23 -24 -25 25 -27 -28 29 -30 -31
leaf_value=-0.0009944058832360768 -0.0059677855406195272 0.00070074987217989522 -0.0085045925109838057 3.6484274096676656e-05 -0.0017894568135073785 -0.00013946126831672811 -0.0037295302125223331 0.0089600930149471032 -0.011632722773799387 0.00061508915634791463 -0.0011440551102784473 -0.0002924384681091123 -0.0086845727810225277 0.013577283366581028 0.0022501312100787099 -0.00046179357845040888 0.011202081029023259 0.008133414625126744 0.0085407378165882238 -0.0021032479079856948 -0.00049055349183316937 0.0015292321605388981 -0.00068000209319391154 0.0039417831546296753 -0.0025069084346050646 0.0043104831000317766 -0.00013999277227975425 0.00014856733573916298 -0.0052950382314811625 0.0090447612194876278
leaf_weight=3911.2284590005875 95.423387765884399 8702.4844088554382 99.350516319274902 98.491141319274902 106.32921397686005 397.49335837364197 352.28530383110046 67.689196825027466 79.171097993850708 7061.0335561037064 1250.1040515899658 5829.0555336475372 58.02790093421936 98.874220848083496 240.47479736804962 220.62395250797272 111.66080272197723 79.718555450439453 61.662090063095093 520.3838837146759 307.67222452163696 2483.0250079631805 1716.1015639305115 688.75966036319733 1445.1359177827835 125.57717657089233 14924.396952748299 381.76390314102173 579.70059382915497 99.312924146652222
leaf_count=2088 44 1892 29 22 39 155 117 19 26 2292 347 2329 19 40 116 99 51 25 21 156 124 740 552 266 521 33 5131 128 229 32
internal_value=1.28119e-05 9.44239e-05 -3.89062e-05 -0.0042738 -1.75232e-05 -0.00187493 -0.000925755 0.001201 -0.00603039 3.10651e-05 -0.000188228 0.000487559 -0.000488936 0.000537883 -2.95434e-07 0.00296821 0.00511244 0.00111623 0.00101967 0.0016161 0.00357882 0.000899362 -0.000355557 0.00257407 -0.000463187 -0.00195947 -0.00032672 -0.00153208 -0.0024613 0.00200004
internal_weight=52193 48281.8 39579.3 197.842 39381.5 1002.97 817.468 465.183 185.5 38378.5 25925.1 12453.4 18864 12358 6401.82 572.76 352.136 5956.2 5876.48 4098.71 1095.31 3003.41 1777.76 996.432 18806 1570.71 17235.3 2310.88 1829.8 481.077
internal_count=17682 15594 13702 51 13651 356 291 174 65 13295 8732 4563 6440 4519 2595 266 167 1924 1899 1326 430 896 573 390 6421 554 5867 736 576 160
is_linear=0
shrinkage=0.04


Tree=159
num_leaves=31
num_cat=0
split_feature=13 22 8 22 14 13 16 12 17 5 20 12 20 14 20 8 8 8 5 9 18 16 17 8 21 18 14 16 11 1
split_gain=2.6662 2.42086 2.34194 2.57078 2.41134 3.2562 4.80406 3.42754 3.3104 3.23274 2.75764 2.28437 4.91065 2.64787 2.52749 3.10838 3.77152 3.28716 8.55528 3.27603 5.05493 3.1331 2.70408 3.15092 2.65395 2.46136 4.00518 4.35911 2.54193 4.03933
threshold=2.0833333333333335 27.500000000000004 1323.2408259068591 6.5000000000000009 14.633333333333335 1.9166666666666667 0.91666666666666685 1.4500000000000002 0.55000000000000016 0.033955092920875181 2.0833333333333339 1.7750000000000001 -0.18333333333333343 7.0833333333333348 -2.2916666666666661 1437.8091801094081 1410.9214135760992 1453.2549367410395 0.027271031709279695 1621.9965132752855 11.29166666666667 1.9166666666666667 1.8166666666666669 1409.5142388257123 0.29166666666666657 12.450000000000001 9.6333333333333346 1.7750000000000001 0.53225397051419387 0.27091769632850804
decision_type=2 2 2 2 2 2 2 2 2 2 2 2 2 2 2 2 2 2 2 2 2 2 2 2 2 2 2 2 2 2
left_child=2 11 3 -1 10 8 -7 -8 9 -6 -4 13 -13 -2 22 16 25 18 -17 20 -19 -21 23 -15 -22 28 27 -27 -16 -30
right_child=1 -3 4 -5 5 6 7 -9 -10 -11 -12 12 -14 14 15 17 -18 19 -20 21 24 -23 -24 -25 -26 26 -28 -29 29 -31
leaf_value=0.0091535354046217137 -0.0055434910626254424 -0.006806333263234 -4.1111525481659122e-05 0.00034307064449856596 -0.0036098900572203931 0.012410282095700312 -0.0049032971711534395 0.0046130370831529363 0.00065767255331545843 0.003179372208236904 -0.0045521670045830876 -0.0059685531981969464 0.00094171409690746151 0.0051330730887908993 0.0021681060729268837 0.014907981978653076 -0.0043709235576598008 0.0028680706293100996 0.00021804269763914732 0.011384235745657389 -0.0048545361893835119 -0.00035585519239821279 0.0090050148786416165 -0.0071727137725807752 0.00093871776194275655 -0.0020171344574185339 -0.0044879448051046182 0.011587773886584466 0.0042339678819961609 -0.0079073145332450752
leaf_weight=94.80137300491333 151.22593700885773 107.74280762672424 36098.738231897354 118.75678491592407 544.10421478748322 87.612831354141235 85.888597726821899 199.18685567378998 10159.274966239929 140.47002935409546 217.13140392303467 371.78992450237274 294.11300933361053 83.006347179412842 648.06391263008118 90.450557827949524 524.40709578990936 362.36667847633362 207.14544749259949 72.601169109344482 418.7425240278244 71.785301923751831 95.294245958328247 54.147746205329895 180.70559620857239 103.21576046943665 413.9378525018692 58.134921669960022 71.201351642608643 111.06527781486511
leaf_count=41 69 42 12940 53 174 22 29 50 2562 39 54 123 82 38 267 32 215 114 80 31 136 32 35 24 65 48 186 30 20 41
internal_value=2.13021e-05 -0.000910352 0.000108954 0.00427859 9.01304e-05 0.000602743 0.00427399 0.0017388 0.000476185 -0.00221417 -6.82076e-05 -0.000763911 -0.00291962 -0.000377085 -0.000156514 -0.000438137 -0.00147948 0.000993593 0.00471784 -1.16796e-05 -0.000856783 0.00558506 0.00386716 0.000258058 -0.00310949 -0.000398396 -0.00240712 0.00292592 0.000994553 -0.00316717
internal_weight=52237.1 4491.14 47746 213.558 47532.4 11216.5 372.688 285.075 10843.8 684.574 36315.9 4383.4 665.903 3717.5 3566.27 3333.82 1930.03 1403.8 297.596 1106.2 961.815 144.386 232.448 137.154 599.448 1405.62 575.289 161.351 830.331 182.267
internal_count=17674 1710 15964 94 15870 2876 101 79 2775 213 12994 1668 205 1463 1394 1297 807 490 112 378 315 63 97 62 201 592 264 78 328 61
is_linear=0
shrinkage=0.04


Tree=160
num_leaves=31
num_cat=0
split_feature=6 18 18 12 8 8 5 18 1 1 23 8 20 1 20 1 12 16 8 13 14 13 21 16 17 3 13 18 6 6
split_gain=2.56857 3.53814 5.32892 3.32949 3.24258 3.26856 5.37227 4.54203 3.70831 5.06522 3.40694 3.61403 3.62436 3.19651 3.99999 2.97115 2.70586 2.63304 2.72938 3.25913 2.992 3.31265 3.4148 2.62153 2.68145 2.60768 2.50592 2.42676 2.54275 2.99775
threshold=0.41478643216080407 8.0833333333333339 6.7083333333333348 2.2916666666666674 1437.8091801094081 1415.1688894738211 0.0223988912745311 13.29166666666667 0.15784735757636428 0.17311083563382071 7.5000000000000009 1434.6704300189733 -0.36666666666666664 0.30522824364752738 -0.54999999999999982 0.23415996529920899 0.29166666666666669 1.0000000180025095e-35 1456.7948949254758 2.9166666666666674 8.0833333333333339 0.91666666666666685 0.49999999999999989 1.9166666666666667 1.0000000180025095e-35 -0.017384054910673904 1.0833333333333337 7.916666666666667 0.58165880696703998 0.60594818372787251
decision_type=2 2 2 2 2 2 2 2 2 2 2 2 2 2 2 2 2 2 2 2 2 2 2 2 2 2 2 2 2 2
left_child=1 2 -1 16 5 6 -2 13 -8 -10 11 12 -9 25 -15 -12 26 -6 20 -20 -19 22 -22 24 -18 -7 -3 -23 -29 -30
right_child=4 3 -4 -5 17 7 8 10 9 -11 15 -13 -14 14 -16 -17 23 18 19 -21 21 27 -24 -25 -26 -27 -28 28 29 -31
leaf_value=-0.0048496174364262993 0.0035511795479518972 0.011362137936542683 0.0041834946306423086 0.0087877425607161969 0.0050835515078496898 -0.0045833280873364812 -0.0071136871469420328 0.0010333079336358516 0.011220741095300244 -0.00051347085257938765 0.0032460641359642571 -0.005162347344864998 0.0084100308295458129 -0.0043612908727555513 0.010655965465699689 -0.0063600227925755494 -0.0095084594817718675 -0.0046578365606086162 0.0002108205754556996 -0.006323318571565725 -0.0082401374021353838 0.0086088912343561235 0.0044762986540896844 -0.0043572932900111071 -0.00072580156750166511 -0.00055019721002126166 0.0005318805893558729 0.0014024172492644574 0.010773350015173567 0.0025521055397466296
leaf_weight=130.86961984634399 585.8077300786972 53.43822169303894 503.84095478057861 56.933560609817505 182.58400201797485 1091.9169877767563 132.32549488544464 285.16277539730072 58.8331698179245 3615.5413811206818 74.28787636756897 84.698785901069641 169.47316813468933 54.467468023300171 57.319125413894653 163.39305341243744 54.99865448474884 116.05333995819092 33164.893439531326 121.58876883983612 97.067322134971619 92.419327735900879 50.761642575263977 340.79174590110779 8423.2420303821564 335.55004692077637 92.15205454826355 1726.6478002071381 105.40365290641785 215.80799436569214
leaf_count=50 231 22 188 20 46 438 80 127 34 1508 42 38 73 23 23 70 26 51 9881 46 35 28 24 160 3484 97 40 670 37 82
internal_value=2.08596e-05 -0.000568112 0.00231628 -0.000771277 0.00015443 -0.00065266 -1.14242e-05 -0.00186815 -0.000560457 -0.000322584 0.000624432 0.00238181 0.00379553 -0.003126 0.00336509 -0.00335659 -0.000832959 0.000305381 0.000280795 0.000186763 0.00158208 0.00190047 -0.00387282 -0.000922454 -0.00078389 -0.00363632 0.00455747 0.00230085 0.00201211 0.00527492
internal_weight=52238.3 9656.27 634.711 9021.56 42582 6708.78 4392.51 2316.27 3806.7 3674.37 777.016 539.335 454.636 1539.25 111.787 237.681 8964.62 35873.2 35690.6 33286.5 2404.16 2288.11 147.829 8819.03 8478.24 1427.47 145.59 2140.28 2047.86 321.212
internal_count=17674 3990 238 3752 13684 2784 1853 931 1622 1542 350 238 200 581 46 112 3732 10900 10854 9927 927 876 59 3670 3510 535 62 817 789 119
is_linear=0
shrinkage=0.04


Tree=161
num_leaves=31
num_cat=0
split_feature=13 6 6 8 16 19 9 18 18 19 22 8 22 1 2 15 8 15 6 9 1 1 10 11 18 21 21 18 0 15
split_gain=2.53974 2.35593 3.22242 3.35942 2.76693 2.78221 3.07629 2.61695 4.5958 3.11673 2.34696 2.2601 2.32053 2.24908 2.21513 2.73136 2.3437 2.19409 2.18198 4.94038 3.88985 4.05807 2.95164 4.29042 2.87868 2.84339 4.09978 2.72074 2.30037 3.15475
threshold=2.0833333333333335 0.41478643216080407 0.41624627120500485 1500.7674075422631 1.9166666666666667 5.916666666666667 1543.4379333218226 6.0833333333333348 8.0833333333333339 3.0833333333333335 27.500000000000004 1323.2408259068591 6.5000000000000009 0.2835731475899555 0.11901006370249195 5.0833333333333348 1435.8253275884078 3.2916666666666674 0.45886862278614854 1634.641856015917 0.27729961874743064 0.2713134624064078 30.699445832270957 0.59073676196581626 12.083333333333334 -1.5499999999999996 -0.33333333333333331 13.29166666666667 0.28538846923780181 4.0833333333333348
decision_type=2 2 2 2 2 2 2 2 2 2 2 2 2 2 2 2 2 2 2 2 2 2 2 2 2 2 2 2 2 2
left_child=1 4 3 -3 7 6 -6 -1 9 -9 18 12 -4 14 -10 16 -16 -14 19 -2 21 25 24 -24 -22 -20 28 -23 -27 -30
right_child=10 2 11 -5 5 -7 -8 8 13 -11 -12 -13 17 -15 15 -17 -18 -19 20 -21 22 27 23 -25 -26 26 -28 -29 29 -31
leaf_value=-0.0083683093105214757 -0.0031656079536677866 0.011337132467782464 0.0095747125116253367 -0.00024754740500274622 -0.0085089033118127683 -0.011492736166773777 0.00059858555328407654 0.0021199033155340215 0.0051094906651940834 0.011096714639072577 -0.0067153172944073997 0.00019943579562675551 0.0061186184778062183 -0.00030684783447686999 0.0034800410951848831 0.0038017130264313454 -0.0051924281732423595 -0.0063095042091093779 -0.0047082530262486915 0.010838418213996868 0.0069871244964202928 -0.0075706890557812323 -0.0065790118420072331 0.0032192109057097929 0.00078655704940049727 -0.0037284452932948514 -0.001235770746716155 0.001259235528079285 0.006638086304851935 0.00092604894716476725
leaf_weight=63.363355994224548 852.99632275104523 84.25054395198822 82.560466289520264 75.461753010749817 85.297297835350037 63.494600772857666 189.59055030345917 458.43312978744507 52.652689695358276 70.700721144676208 106.99005031585693 38150.107229709625 47.489798307418823 7659.8478326797485 54.68428111076355 74.210395097732544 499.29796302318573 41.78200900554657 227.29608082771301 41.338303685188293 258.95247340202332 225.13894498348236 123.94831204414368 166.2194447517395 222.72253227233887 84.520064949989319 1462.4092885255814 73.794762015342712 260.86682987213135 378.99366140365601
leaf_count=24 370 34 35 29 37 32 90 170 14 28 42 12004 22 3210 24 23 170 18 61 21 101 85 48 58 92 39 587 28 76 102
internal_value=2.04255e-05 0.000105918 0.000243826 0.00589606 -0.000466437 -0.00401149 -0.00224805 -0.000331719 -0.000273371 0.00333802 -0.000889418 0.000220117 0.00478397 -0.000502851 -0.0027043 -0.0033663 -0.00433163 0.000296408 -0.000745582 -0.00250693 -0.000292971 -0.00100582 0.00221076 -0.000974427 0.0041276 -0.000460432 -1.69614e-05 -0.005394 0.00244193 0.00326153
internal_weight=52239.4 47753.2 38481.7 159.712 9271.57 338.382 274.888 8933.19 8869.83 529.134 4486.19 38321.9 171.832 8340.69 680.845 628.193 553.982 89.2718 4379.2 894.335 3484.86 2713.02 771.843 290.168 481.675 2414.09 2186.79 298.934 724.381 639.86
internal_count=17674 15964 12142 63 3822 159 127 3663 3639 198 1710 12079 75 3441 231 217 194 40 1668 391 1277 978 299 106 193 865 804 113 217 178
is_linear=0
shrinkage=0.04


Tree=162
num_leaves=31
num_cat=0
split_feature=14 17 19 15 13 18 19 22 10 18 19 9 9 19 19 2 2 1 15 10 1 2 12 16 19 9 22 19 8 0
split_gain=2.15836 2.70834 5.21749 2.36852 2.39778 4.42932 3.19251 2.88225 3.07354 4.21214 3.24313 2.99962 3.74878 4.96651 4.71466 4.26043 4.14159 3.06421 3.05145 2.69435 3.08785 2.52029 2.40552 2.58446 3.18015 2.58811 2.56954 2.24914 2.20336 2.73645
threshold=14.633333333333335 3.2916666666666674 3.2250000000000005 7.0833333333333348 0.91666666666666685 9.7083333333333339 3.8166666666666669 42.500000000000007 37.208538860343886 12.91666666666667 3.0833333333333335 1516.3105028090326 1562.7185366747897 4.6333333333333337 3.2916666666666674 0.31522706505655074 0.19420154331740888 0.28677347104068179 3.2916666666666674 87.172099083611343 0.264252428072904 0.2210160177296977 1.2916666666666667 1.8166666666666669 4.6333333333333337 1659.3399980395163 12.500000000000002 5.0833333333333348 1579.9714187044622 0.30954563692469605
decision_type=2 2 2 2 2 2 2 2 2 2 2 2 2 2 2 2 2 2 2 2 2 2 2 2 2 2 2 2 2 2
left_child=1 3 -3 4 5 6 -1 8 9 10 -7 -10 13 14 -13 17 -16 -15 -14 -8 -21 -18 23 24 -11 27 -25 -26 -6 -30
right_child=-2 2 -4 -5 28 7 19 -9 11 22 -12 12 18 15 16 -17 21 -19 -20 20 -22 -23 -24 26 25 -27 -28 -29 29 -31
leaf_value=0.00049318853101357912 0.0005188795531576052 0.0027394170936186606 -0.012277392655119464 -0.0054362944716055085 -3.5205930479861515e-05 0.0034000657268964452 0.011940080365986802 0.0050360392363557752 -0.0013100897753335159 -0.0018302828295463265 -0.005671973382715397 0.0090562959372682394 0.0066632641088522227 0.0055256613917787868 0.004334694337212913 -0.001516794680111791 -0.011658176495672993 0.014496273440779667 -0.0023208934796868255 0.0067317506304615327 -0.0050512655100437434 -0.0024918311493951567 -0.0034860764602552569 -0.00029390378141345611 0.016099879887183862 -0.0020740497724695459 -0.010347046013095875 0.0053534462375101769 -0.0032061569109719766 0.0011509744795635379
leaf_weight=1626.966472029686 11576.690414786339 67.127020597457886 80.711287498474121 130.68697023391724 26552.075830101967 68.631179451942444 71.31480610370636 120.2823269367218 3876.4652767181396 113.22661888599396 699.41266167163849 74.376397848129272 66.097113609313965 195.14198899269104 122.14448738098145 91.652688503265381 59.920055627822876 89.218037605285645 615.7793595790863 99.013053178787231 54.350749969482422 230.40458118915558 351.91841697692871 257.55853569507599 49.603360414505005 40.590215086936951 47.323424935340881 85.4446861743927 242.72943651676178 4303.6635196208954
leaf_count=513 3012 19 25 32 10177 30 26 40 1204 53 309 27 25 55 34 37 20 32 202 24 20 87 151 118 22 22 24 38 106 1165
internal_value=3.72716e-05 -0.000100458 -0.00548631 -8.05821e-05 -6.30386e-05 -0.000633833 0.00111193 -0.00107947 -0.00118326 -0.00265941 -0.00485794 -0.000716228 0.000773935 0.00252436 -0.000144335 0.0059709 -0.00182128 0.00838113 -0.00144154 0.00557038 0.00255028 -0.0044172 -0.00087057 0.000682915 0.00338833 0.00674387 -0.00188307 0.00938995 0.000104127 0.000917696
internal_weight=52060.5 40483.8 147.838 40336 40205.3 9106.84 1851.65 7255.19 7134.91 1713.71 768.044 5421.2 1544.73 862.858 486.846 376.013 412.469 284.36 681.876 224.679 153.364 290.325 945.665 593.747 288.865 175.638 304.882 135.048 31098.5 4546.39
internal_count=17649 14637 44 14593 14561 3113 583 2530 2490 767 339 1723 519 292 168 124 141 87 227 70 44 107 428 277 135 82 142 60 11448 1271
is_linear=0
shrinkage=0.04


Tree=163
num_leaves=31
num_cat=0
split_feature=21 5 17 17 1 11 18 19 9 1 20 21 1 21 22 11 14 14 17 12 22 18 17 13 18 14 20 1 21 18
split_gain=2.57313 3.24615 4.01692 3.206 2.29363 2.75488 4.29329 3.09685 2.0941 3.92018 2.90874 2.41012 1.89457 3.79098 2.18633 3.90469 1.82976 1.80674 2.86088 3.72668 3.57237 2.96902 3.00243 3.74158 4.16579 3.70762 2.94258 3.20018 2.82548 3.91777
threshold=1.6333333333333337 0.029152802586085217 1.0000000180025095e-35 0.81666666666666676 0.33597792195038378 0.45032928918207699 9.4500000000000011 3.6333333333333337 1789.6886658046781 0.26191154057948712 0.91666666666666696 1.8166666666666671 0.2380591788828634 2.0833333333333339 6.5000000000000009 0.45032928918207699 15.29166666666667 14.633333333333335 2.8166666666666669 0.81666666666666676 5.5000000000000009 9.6333333333333346 1.0833333333333337 0.91666666666666685 9.9166666666666696 11.29166666666667 0.50000000000000011 0.21895478086985107 -1.0000000180025095e-35 12.633333333333335
decision_type=2 2 2 2 2 2 2 2 2 2 2 2 2 2 2 2 2 2 2 2 2 2 2 2 2 2 2 2 2 2
left_child=4 2 -2 -4 17 6 -6 -8 9 11 -11 -5 16 14 -14 -16 -3 18 21 -20 -21 -1 -23 25 -25 28 27 -26 29 -24
right_child=1 12 3 8 5 -7 7 -9 -10 10 -12 -13 13 -15 15 -17 -18 -19 19 20 -22 22 23 24 26 -27 -28 -29 -30 -31
leaf_value=0.00083003032598984259 0.0060125080825112562 9.0928619882433843e-05 -0.0059182127252020954 0.0090790232237257292 -0.0074086521576346639 -0.0025050653714759358 0.013473387285210461 0.0014393538339592038 -0.0082633805469756721 -0.00083744069578163647 -0.011288449961936699 0.00039277064776365659 -0.0065025966620587084 0.0099688086984776707 0.0093578943787602162 -0.0053670697449724305 -0.0064904557443445149 0.00058115485950537406 -0.0088372231828116026 0.0050466047339703434 -0.0025988271242763112 0.00046629527262788151 -0.0033341882764513497 -0.0027745833903198673 0.0020986937131814831 -0.00052576299420232326 -0.0015305655564490611 4.1832057418908585e-05 -0.0052842946594647555 0.0017676091435296405
leaf_weight=6465.7763024568558 73.967900276184082 459.04343271255493 479.44228315353394 72.935153126716614 48.769197583198547 986.41335332393646 55.98997688293457 86.306193470954895 59.332887649536133 115.67543137073517 66.622855067253113 165.85588991641998 57.369446396827698 88.160757541656494 65.385239243507385 50.037936210632324 78.254233360290527 11093.383328676224 120.51645720005035 118.62510585784912 535.35018539428711 9764.9970849752426 779.42764961719513 882.6101998090744 1338.5738854408264 2846.2883671522141 1682.3099658489227 12539.406977415085 538.11791169643402 347.56714820861816
leaf_count=2086 27 237 203 28 23 451 26 40 25 46 24 65 26 33 28 18 27 2849 40 34 149 3880 274 295 412 846 489 4630 214 124
internal_value=3.65102e-05 -0.00143552 -0.00291394 -0.00360736 9.0228e-05 -0.00165361 0.00273235 0.00623543 -0.00129372 -0.000294418 -0.00469762 0.00307265 0.000480463 0.00326995 -0.000185572 0.0029831 -0.000877888 0.00013212 8.81724e-07 -0.0024037 -0.00120643 5.10277e-05 -0.000112958 -0.000382907 -0.000102903 -0.0014032 4.88089e-05 0.00024036 -0.00290186 -0.00176061
internal_weight=52062.5 1832.08 1033.83 959.865 50230.4 1177.48 191.065 142.296 480.422 421.089 182.298 238.791 798.251 260.953 172.793 115.423 537.298 49053 37959.6 774.492 653.975 37185.1 30719.3 20954.3 16442.9 4511.4 15560.3 13878 1665.11 1126.99
internal_count=17649 787 418 391 16862 540 89 66 188 163 70 93 369 105 72 46 264 16322 13473 223 183 13250 11164 7284 5826 1458 5531 5042 612 398
is_linear=0
shrinkage=0.04


Tree=164
num_leaves=31
num_cat=0
split_feature=21 18 6 9 18 22 23 15 1 2 0 0 6 21 19 19 19 8 12 0 22 10 12 15 11 9 14 6 9 9
split_gain=2.47647 2.88705 2.49113 2.4919 2.67228 2.46484 2.59189 2.2977 2.22492 2.36656 2.94887 2.15904 1.99701 1.90802 2.99127 2.41267 2.4315 3.90852 2.86809 3.8597 2.39274 4.00431 2.31769 1.90491 3.95153 2.83888 3.56863 2.27788 3.20276 8.08683
threshold=1.6333333333333337 10.91666666666667 0.61968345833579408 1687.8925666734606 15.183333333333335 5.5000000000000009 3.5000000000000004 8.4166666666666696 0.13091848254571339 0.12518807825740258 0.65689666356642351 0.11569507422138935 0.28738023480725122 -1.0833333333333328 5.291666666666667 2.0833333333333335 4.8166666666666673 1480.66977971752 0.81666666666666676 0.40814801024657466 7.5000000000000009 109.74198136877068 2.9166666666666674 5.2250000000000005 0.54507600687576507 1586.5024879585433 10.450000000000001 0.63505528460908778 1465.6363913200355 1420.5144157715213
decision_type=2 2 2 2 2 2 2 2 2 2 2 2 2 2 2 2 2 2 2 2 2 2 2 2 2 2 2 2 2 2
left_child=2 -2 7 4 5 6 -4 11 -6 -10 -11 -1 -13 14 15 20 18 -18 19 -17 21 -14 -15 25 -25 26 -7 28 29 -26
right_child=1 -3 3 -5 8 23 -8 -9 9 10 -12 12 13 22 -16 16 17 -19 -20 -21 -22 -23 -24 24 27 -27 -28 -29 -30 -31
leaf_value=-0.0048065393272687237 0.0064291520918036841 -0.0017305884043334156 0.0017380539549793259 0.0037438775864427872 0.0049960642383081681 0.0061972155932611692 -0.0019227735199719056 -0.007091624384970973 -0.0063705327329334994 -0.0021948053198036326 0.0054564227907869731 -0.0044023043557977273 0.010268516585277773 0.0001362977612011306 -0.0068064204913761781 0.0015522339853266088 0.0095701564973943477 -0.0016919689449878164 -0.00066597105772933955 -0.0059436623422996528 -0.0016986911666854176 0.0004371581748542836 -0.0035890117881627955 0.0087440545108871375 0.00093888621429927353 -0.0047827436842391305 3.2047245184789687e-05 0.0011293221608086042 0.00057403129185595327 0.015967451281113446
leaf_weight=149.08849728107452 71.258582472801208 1758.2330812215805 475.81316542625427 421.74498748779297 75.424111723899841 168.59926903247833 880.78930950164795 72.589024782180786 166.48563003540039 514.03004622459412 94.571847438812256 163.27434968948364 112.49633288383484 37518.537382125854 126.12449109554291 153.08656811714172 89.368361711502075 107.95466065406799 3269.2203915119171 385.49138832092285 154.23846578598022 159.57989263534546 268.12594830989838 126.93385231494904 132.63251352310181 164.76608777046204 1314.8712675571442 2665.6303932666779 203.51987600326538 100.02640724182129
leaf_count=97 25 762 99 175 15 51 183 20 33 160 19 75 36 13470 40 64 30 32 982 122 43 43 72 37 28 64 298 505 48 21
internal_value=3.57483e-05 -0.00140943 8.84067e-05 0.000760431 0.000582311 0.000869311 -0.000638445 -2.96565e-05 -0.00151972 -0.0021594 -0.000998865 -1.74732e-05 -5.63574e-07 1.65126e-05 -0.000756533 -0.000582849 -0.000887486 0.00343123 -0.00111213 -0.00381408 0.00227452 0.00452488 0.000109769 0.00128876 0.00185344 0.000182143 0.000736433 0.00156874 0.0042454 0.00744076
internal_weight=52064.5 1829.49 50235 7505.84 7084.09 6233.58 1356.6 42729.2 850.512 775.088 608.602 42656.6 42507.5 42344.2 4557.56 4431.44 4005.12 197.323 3807.8 538.578 426.315 272.076 37786.7 4876.98 3228.74 1648.24 1483.47 3101.81 436.179 232.659
internal_count=17649 787 16862 1736 1561 1334 282 15126 227 212 179 15106 15009 14934 1392 1352 1230 62 1168 186 122 79 13542 1052 639 413 349 602 97 49
is_linear=0
shrinkage=0.04


Tree=165
num_leaves=31
num_cat=0
split_feature=10 6 9 9 9 19 5 6 14 14 10 2 0 23 20 20 9 5 20 20 0 20 19 5 6 18 19 21 17 0
split_gain=3.83555 4.06771 3.19283 2.84838 4.23328 3.28969 3.03193 2.80055 2.76834 2.6879 2.50403 3.45896 3.1876 2.93459 3.57322 3.6368 3.40291 4.29747 3.26518 2.91467 2.70705 2.70656 2.66055 2.59597 2.98287 2.54325 2.49916 3.21654 4.35719 3.06583
threshold=-380.38850570219296 0.50897441797776455 1884.8241932699805 1552.5296384203607 1492.2171382532408 7.1833333333333345 0.027271031709279695 0.5064102985555462 9.9166666666666696 9.6333333333333346 -196.24600930734127 0.45431492599717532 0.26415626478492721 4.5000000000000009 -0.81666666666666665 -1.0833333333333328 1568.7917747175475 0.033898637186899234 -0.16666666666666666 -0.54999999999999982 0.30078846593082559 -0.91666666666666641 3.9166666666666674 0.036105442949968987 0.50064599483204153 17.916666666666668 3.2250000000000005 -1.0833333333333328 2.3666666666666671 0.41086915371912619
decision_type=2 2 2 2 2 2 2 2 2 2 2 2 2 2 2 2 2 2 2 2 2 2 2 2 2 2 2 2 2 2
left_child=2 3 -1 4 6 8 -2 -6 9 -5 11 -10 23 16 15 -15 22 18 20 -16 -18 -17 -14 24 -12 -21 29 -28 -29 -8
right_child=1 -3 -4 5 7 -7 26 -9 10 -11 12 -13 13 14 19 21 17 -19 -20 25 -22 -23 -24 -25 -26 -27 27 28 -30 -31
leaf_value=-0.012448182634532861 0.00032197955871982736 0.00031919870276064094 0.0012139225696168304 -0.0019870631785783672 0.00071356132477901708 0.0068934876553290256 -0.0024301062539510174 -0.0063717794685892865 0.013246126051559582 -0.0065936929867330841 -0.0051879541253022346 0.00086745118051741307 -0.013503842007131837 -0.0012392928053236506 -0.0071348660305049242 0.013795488796511339 0.010872272149113587 0.0094779165140148492 -0.0043850518528142732 -6.0019888265330995e-05 -0.0006960089648363764 0.0037167585665730698 -0.0036879352177243024 0.0056333862552121377 0.0055671956548972133 -0.0087099830448413053 -0.0043273847134544284 -0.0012973593276525209 0.0097927685376900473 0.00034613701157126624
leaf_weight=71.804678797721863 4230.766450047493 24728.202124118805 43.591188788414001 917.52443945407867 7007.7986235618591 78.974265217781067 789.43317794799805 89.416291952133179 43.09192943572998 259.73373436927795 545.4813027381897 200.62514925003052 71.310453772544861 122.48843860626221 101.12190771102905 69.705321311950684 42.593088865280151 52.844303727149963 385.33700776100159 2538.961976647377 125.2488911151886 110.10451412200928 116.45331573486328 43.706138849258423 43.822499513626099 54.576038837432861 574.42788553237915 5200.9599604606628 56.319026470184326 3265.7657704353333
leaf_count=46 1538 7110 27 470 2738 32 339 31 19 124 308 117 28 53 43 30 20 20 153 978 52 47 46 24 22 22 201 1892 20 1070
internal_value=-6.81694e-05 -5.18917e-05 -0.00732119 -0.000390022 -0.000173457 -0.00116546 -0.000574073 0.00062341 -0.00127551 -0.00300814 -0.000837946 0.00310133 -0.00105562 -0.000616375 -4.33014e-05 0.00407297 -0.00277725 -0.0013141 -0.00236029 -0.000506422 0.00228667 0.00767858 -0.00746769 -0.00368092 -0.00438009 -0.000245329 -0.000957502 -0.00148775 -0.00117672 -0.000194785
internal_weight=51982.2 51866.8 115.396 27138.6 21214.9 5923.7 14117.7 7097.21 5844.73 1177.26 4667.47 243.717 4423.76 3790.75 2996.96 302.298 793.787 606.023 553.179 2694.66 167.842 179.81 187.764 633.01 589.304 2593.54 9886.91 5831.71 5257.28 4055.2
internal_count=17620 17547 73 10437 7829 2608 5060 2769 2576 594 1982 136 1846 1492 1173 130 319 245 225 1043 72 77 74 354 330 1000 3522 2113 1912 1409
is_linear=0
shrinkage=0.04


Tree=166
num_leaves=31
num_cat=0
split_feature=10 6 19 9 9 14 16 21 13 1 9 16 5 5 6 21 9 6 11 0 21 18 21 18 1 1 5 14 0 18
split_gain=3.71473 3.90952 3.28283 3.35484 3.12633 2.95152 3.76431 3.11517 3.2457 3.06515 2.74794 2.88967 2.87471 2.86154 3.23932 3.3989 3.28398 2.95734 2.57191 2.83334 2.46863 4.23127 3.88641 2.9402 2.85016 2.75771 5.17835 2.93719 3.19851 2.68095
threshold=-380.38850570219296 0.51856042716204886 7.1833333333333345 1559.8724482774749 1884.8241932699805 9.9166666666666696 2.4500000000000006 1.6333333333333337 0.91666666666666685 0.28708283627623377 1492.9805704184321 0.45000000000000007 0.026876938642286134 0.025484862659661881 0.37637085479621152 -0.22500000000000006 1506.818471060215 0.37530565270678279 0.4197243460394014 0.52234983987094463 -0.16666666666666666 8.6333333333333346 -1.0000000180025095e-35 10.450000000000001 0.23415996529920899 0.27958548276455947 0.029490716077901772 8.2916666666666696 0.25927880839514023 12.91666666666667
decision_type=2 2 2 2 2 2 2 2 2 2 2 2 2 2 2 2 2 2 2 2 2 2 2 2 2 2 2 2 2 2
left_child=4 2 3 10 -1 6 -5 -7 -9 -10 12 -12 -2 17 15 16 -15 -13 -17 -20 21 -16 23 -22 -24 26 -26 -27 -29 -28
right_child=1 -3 -4 5 -6 7 -8 8 9 -11 11 13 -14 14 20 18 -18 -19 19 -21 22 -23 24 -25 25 27 29 28 -30 -31
leaf_value=-0.012356590943984723 0.00043992759730910317 0.00033516575845985054 0.0061819381384700381 -0.003691268450560834 0.001188924657822538 -0.00055425105612025229 0.0062265014656946996 -0.011047902314508052 -0.0066813245440410845 0.0040306333881791577 -0.0057828949186532986 0.0046253878531273655 -0.00082005359236224579 0.010781616500623408 0.0080831582395299827 0.004490498501028518 0.00034591341763399558 -0.0017636196577683252 -0.0029301297233206721 0.0065120400411061621 0.01322968585067315 -0.00072308505034500762 0.01060591013116801 0.0037679573473268367 -0.0050390087636396378 -0.00324771520132091 -0.00025183749548608357 0.010190574335149933 0.002080058408704739 0.0060065457638797826
leaf_weight=70.916381478309631 3918.5454739332199 23197.656147122383 121.08948421478271 1043.9983468055725 43.644136905670166 4317.1504870653152 64.154045581817627 92.002381086349487 91.539470314979553 78.512002825737 116.88369572162628 127.21630251407623 11109.427965641022 68.827423930168152 92.745436191558838 93.435077548027039 156.34633886814117 1211.1610441207886 937.97113561630249 52.83276104927063 75.749036550521851 1268.5636481046677 53.476545214653015 170.79975068569183 280.95828902721405 159.08136188983917 346.74685668945312 79.517219066619873 2378.7449581623077 159.02590501308441
leaf_count=46 1393 6586 49 530 27 1831 35 40 45 36 46 55 3953 29 31 43 69 468 408 17 27 478 14 65 102 68 114 43 917 55
internal_value=-6.68476e-05 -5.0885e-05 -0.000363288 -0.000391268 -0.00723052 -0.00126052 -0.003112 -0.00081189 -0.00503807 -0.00174101 -0.000174941 0.000432614 -0.000491506 0.00052754 0.000880559 -0.000892394 0.00356929 -0.00115333 -0.00182143 -0.00242059 0.00133895 -0.000117626 0.00187416 0.00671665 0.00152701 0.00138131 -0.000694606 0.00200532 0.00234645 0.0017239
internal_weight=51978.7 51864.2 28666.5 28545.4 114.561 5687.36 1108.15 4579.2 262.054 170.051 22858.1 7830.08 15028 7713.2 6374.82 1309.41 225.174 1338.38 1084.24 990.804 5065.41 1361.31 3704.1 246.549 3457.55 3404.07 786.731 2617.34 2458.26 505.773
internal_count=17620 17547 10961 10912 73 2517 565 1952 121 81 8395 3049 5346 3003 2480 566 98 523 468 425 1914 509 1405 92 1313 1299 271 1028 960 169
is_linear=0
shrinkage=0.04


Tree=167
num_leaves=31
num_cat=0
split_feature=10 6 9 9 18 6 14 8 20 14 9 5 15 14 15 12 9 19 16 9 18 16 16 6 23 2 5 10 20 23
split_gain=3.59742 3.77946 3.14585 3.06074 3.02053 2.84902 3.50918 5.72957 2.98311 3.16725 2.5199 4.49185 3.73873 3.63133 3.33273 3.01908 2.71661 4.16949 2.94005 3.07778 3.71177 3.09694 5.35521 4.64853 3.86474 3.85293 2.80521 2.72514 2.58537 4.88647
threshold=-380.38850570219296 0.47051262664448817 1765.3007754613936 1884.8241932699805 5.7500000000000009 0.46538438780005137 10.450000000000001 1548.0057933813728 -1.0833333333333328 14.083333333333334 1393.5494605684701 0.027300655534715505 3.6333333333333337 12.083333333333334 3.0833333333333335 1.6333333333333335 1476.6989704217619 4.6333333333333337 0.45000000000000007 1544.5654865779929 16.450000000000003 1.9166666666666667 1.6333333333333335 0.41478643216080407 7.5000000000000009 0.33530795218098858 0.027087451002925204 -196.24600930734127 -0.91666666666666641 5.5000000000000009
decision_type=2 2 2 2 2 2 2 2 2 2 2 2 2 2 2 2 2 2 2 2 2 2 2 2 2 2 2 2 2 2
left_child=3 2 4 -1 -2 8 -7 -8 9 -6 11 12 14 -14 -10 -13 17 -12 -18 20 21 22 -20 -24 25 -23 -25 -21 29 -29
right_child=1 -3 -4 -5 5 6 7 -9 10 -11 16 15 13 -15 -16 -17 18 -19 19 27 -22 24 23 26 -26 -27 -28 28 -30 -31
leaf_value=-0.012264570550834748 -0.0090707110723192604 0.00021933640811964004 -0.0085907488439989597 0.0011644694577277325 -0.0015832261234233565 0.0016251397796970776 -0.0070594983526991104 0.0012663053028357022 0.0054903524731384559 -0.010329392851936497 -0.0006249542338699598 0.00080723619074261313 0.013859941917770045 0.002981694631309388 -0.0046832533168347243 -0.006268402570859523 -0.0048988473195929732 -0.0040897784494900542 0.00038958385142987814 0.0058370961215388007 0.0079403529227573873 0.0023354075290417248 4.5160811912882332e-05 0.0012476813896379942 -0.012124514172244298 -0.010545171972797871 0.0093329936652526719 -0.0066835608964333519 -0.0010348501632702839 0.0093513544408921501
leaf_weight=70.045488119125366 63.845993995666504 31981.667183995247 75.278640389442444 43.696057558059692 1573.3747559785843 215.85330140590668 400.42908751964569 196.81918060779572 122.8420991897583 68.211461424827576 5181.3209502696991 768.20003604888916 107.52608036994934 90.917426347732544 87.264123916625977 109.32455801963806 184.76306533813477 621.54922294616699 4996.7723512649536 99.381805062294006 111.92943274974823 149.45229697227478 237.08152496814728 92.783081293106079 63.591033697128296 48.350886344909668 266.83650934696198 42.996203184127808 3804.9127119779587 98.260194540023804
leaf_count=46 23 9667 40 27 690 87 152 63 44 29 1933 261 35 29 31 36 73 240 1949 56 48 55 99 35 26 23 100 21 1656 46
internal_value=-6.55365e-05 -4.98828e-05 -0.000482977 -0.00714035 -0.000451727 -0.000423393 -0.00274041 -0.00431825 -0.000323718 -0.00195272 -0.000168915 0.00153385 0.00499282 0.00891598 0.00126275 -8.03992e-05 -0.00030587 -0.000996715 8.73279e-05 0.00017982 0.000757239 0.000618585 0.000817688 0.00439598 -0.00362882 -0.000850319 0.0072562 -0.000671793 -0.000837153 0.00445791
internal_weight=51975.3 51861.5 19879.9 113.742 19804.6 19740.7 813.102 597.248 18927.6 1641.59 17286.1 1286.07 408.55 198.444 210.106 877.525 16000 5802.87 10197.1 10012.3 5966.8 5854.87 5593.47 596.701 261.394 197.803 359.62 4045.55 3946.17 141.256
internal_count=17620 17547 7880 73 7840 7817 302 215 7515 719 6796 436 139 64 75 297 6360 2173 4187 4114 2335 2287 2183 234 104 78 135 1779 1723 67
is_linear=0
shrinkage=0.04


Tree=168
num_leaves=31
num_cat=0
split_feature=6 18 9 18 5 20 18 19 10 6 2 2 9 2 9 10 10 21 0 5 22 15 10 21 10 15 9 15 1 11
split_gain=4.25502 3.54438 3.24344 2.84865 3.83513 3.91984 3.45503 3.34532 3.03817 3.00223 2.92219 2.58365 3.46142 3.17821 2.55377 3.27039 2.66948 3.9038 2.53683 3.90903 3.31048 2.50675 3.21973 2.80853 5.72844 3.30402 4.01862 3.59172 3.93951 3.03244
threshold=0.39826240086695242 15.183333333333335 1631.5273595722524 8.0833333333333339 0.029703468319859264 0.16666666666666663 12.083333333333334 2.9166666666666674 -57.408200872217428 0.37880694091675177 0.19554720589891494 0.34667421421714389 1535.1392878038828 0.37510434761311101 1479.5845436867692 100.34971682405059 82.176556144962333 -0.70833333333333337 0.28285973158361316 0.032699404054646448 7.5000000000000009 2.2916666666666674 -167.05891524385387 -0.16666666666666655 81.100267070093778 5.0833333333333348 1594.4790949304686 4.6333333333333337 0.26956037805735894 0.58175106008564859
decision_type=2 2 2 2 2 2 2 2 2 2 2 2 2 2 2 2 2 2 2 2 2 2 2 2 2 2 2 2 2 2
left_child=2 -2 3 4 5 -1 8 -8 11 10 -6 -5 -13 -14 15 16 17 -9 19 20 -16 22 -3 24 29 26 -25 -28 -29 -23
right_child=1 21 -4 6 9 -7 7 14 -10 -11 -12 12 13 -15 18 -17 -18 -19 -20 -21 -22 23 -24 25 -26 -27 27 28 -30 -31
leaf_value=0.0015872592517588912 0.00024626288945248418 -0.01554777066778896 -0.005235671784634661 -0.0019045836572977579 0.0092367668022128886 -0.0097251807956543253 0.0084940130073689751 0.0075443981847303386 -0.0019714428910216865 0.012343777120167505 -0.0016958789241619215 0.012468644834996295 0.0098000949039025037 -0.0029932161731898495 0.0063413302508922862 0.00073763495478995427 -0.011316459363024636 -0.0057179699949793383 0.001819455189959047 -0.010185682016814603 -0.0083409099224500526 -0.0048580767268239771 -0.0013701810521126673 0.0022453481976471572 -0.00026256649624050051 -0.0017294870998237671 -0.0015763372848737129 0.0048783885876165526 -0.0038214678773676848 -0.01474262637730776
leaf_weight=197.58881449699402 39169.193536162376 40.67709743976593 271.07643103599548 162.7001781463623 64.287000894546509 64.086638689041138 77.281558394432068 44.967313408851624 3916.9512484073639 75.376221179962158 96.969459295272827 63.946793437004089 45.517204165458679 92.648195743560791 74.553630709648132 306.74471890926361 80.884552597999573 155.93135583400726 1069.8852763175964 75.4500972032547 35.438561677932739 344.20144057273865 67.125651478767395 1248.272368311882 665.29081344604492 1647.8357267379761 1513.7235724925995 313.44208550453186 112.44406735897064 57.558085203170776
leaf_count=78 12452 25 141 71 21 24 32 20 1607 25 40 31 21 50 41 122 35 68 453 42 20 137 30 473 183 526 736 127 46 22
internal_value=-3.44689e-05 0.000107473 -0.000954124 -0.000780172 0.00212674 -0.00120973 -0.001014 0.000395218 -0.00164624 0.00580588 0.00269263 0.00184133 0.00485132 0.00126155 5.13526e-05 -0.00212063 -0.00522371 -0.00272678 0.00107051 -0.00323702 0.00157831 -0.000796871 -0.00681353 -0.000685853 -0.00254226 -0.000275777 0.000475961 -0.000663331 0.00257785 -0.00630727
internal_weight=52152 45179.8 6972.29 6701.21 498.308 261.675 6202.9 1921.14 4281.76 236.633 161.256 364.812 202.112 138.165 1843.86 588.528 281.783 200.899 1255.33 185.442 109.992 6010.57 107.803 5902.77 1067.05 4835.72 3187.88 1939.61 425.886 401.76
internal_count=17699 14757 2942 2801 188 102 2613 833 1780 86 61 173 102 71 801 245 123 88 556 103 61 2305 55 2250 342 1908 1382 909 173 159
is_linear=0
shrinkage=0.04


Tree=169
num_leaves=31
num_cat=0
split_feature=6 18 9 17 21 6 17 10 18 11 9 5 1 18 13 13 15 10 5 21 9 15 5 22 10 13 5 16 1 15
split_gain=4.09192 3.40786 3.13838 3.56105 4.7316 3.31899 3.12896 3.04761 3.26523 4.7988 3.78174 3.709 3.38923 3.31617 3.07226 5.05352 3.12439 2.8936 4.22444 4.13362 5.03499 3.87732 3.68874 3.48738 4.70531 3.23007 2.797 2.73731 2.93892 3.29965
threshold=0.39826240086695242 15.183333333333335 1631.5273595722524 1.4500000000000002 -0.33333333333333331 0.28738023480725122 2.6333333333333337 -55.299399391378522 12.083333333333334 0.63651986233351288 1479.5845436867692 0.033535563492899663 0.30840790970091231 9.1833333333333353 1.3666666666666669 1.8166666666666669 3.0833333333333335 -102.38870991766008 0.032975515203272139 1.916666666666667 1687.8925666734606 5.0833333333333348 0.02885847368609085 6.5000000000000009 -275.12527708662725 1.9166666666666667 0.037885752179031236 1.3666666666666669 0.30991909906280629 4.8166666666666673
decision_type=2 2 2 2 2 2 2 2 2 2 2 2 2 2 2 2 2 2 2 2 2 2 2 2 2 2 2 2 2 2
left_child=2 -2 3 5 -5 -1 17 -7 13 10 -10 -11 -12 14 -9 16 -16 19 21 20 -3 27 -22 24 -24 -20 -15 28 29 -19
right_child=1 6 -4 4 -6 7 -8 8 9 11 12 -13 -14 26 15 -17 -18 18 25 -21 22 -23 23 -25 -26 -27 -28 -29 -30 -31
leaf_value=-0.006084632216909064 0.00024131136141861877 -0.0042256794005315779 -0.0051591684968296204 -0.0011784007979405953 -0.0061173476643059414 0.0028525581321788463 -0.008506329692358516 -0.00050590881297144603 -0.0059862936080715395 0.0079282852459180899 -0.0057984886874920269 -0.0032790813826825498 0.0020597091946941808 -0.0021816429417756693 0.0018262590796159748 -0.002474010997178938 0.013524400776982732 -0.0035384959627479135 0.0016196834097822689 -0.0062386775660475818 -0.0027003061969321507 -0.0024395758206478299 -0.0017509271195808264 0.00040697686222585899 0.011710337718194169 0.010039534327593566 0.0064769070507689234 0.0013476571197467738 0.0057991909635069809 0.005465356750593028
leaf_weight=148.49533975124359 39178.840640544891 514.41125071048737 269.66087293624878 1353.0191626548767 402.01450824737549 521.09363162517548 81.755709171295166 646.80375814437866 144.5535181760788 241.51355719566345 99.950667977333069 58.08368706703186 674.99240255355835 2092.6741683483124 58.930065274238586 96.752845287322998 96.636327028274536 580.92417562007904 742.83430206775665 311.65661573410034 300.80221748352051 1322.4664795398712 61.932469844818115 333.47130227088928 123.78287899494171 79.923912167549133 60.497485876083374 1404.8632771968842 74.591061353683472 72.428890705108643
leaf_count=69 12452 252 141 533 176 248 23 249 63 96 44 22 297 879 25 41 37 218 220 172 148 401 36 175 60 26 22 519 31 24
internal_value=-3.38254e-05 0.000105298 -0.000936173 -0.000765361 -0.00231257 -0.000215434 -0.000781869 -3.23454e-05 -0.000384878 0.00136435 -6.98967e-05 0.0057518 0.00104001 -0.00108374 0.000955813 0.00469005 0.009133 -0.00067385 -0.000125336 -0.00209847 -0.00112756 -0.00073881 0.000818797 0.00285894 0.00723593 0.00244879 -0.00193547 0.000316414 -0.0016729 -0.00253353
internal_weight=52150.4 45184.7 6965.67 6696.01 1755.03 4940.98 6005.84 4792.48 4271.39 1219.09 919.497 299.597 774.943 3052.29 899.123 252.319 155.566 5924.09 4278.03 1646.06 1334.4 3455.27 819.989 519.187 185.715 822.758 2153.17 2132.81 727.944 653.353
internal_count=17699 14757 2942 2801 709 2092 2305 2023 1775 522 404 118 341 1253 352 103 62 2282 1439 843 671 1193 419 271 96 246 901 792 273 242
is_linear=0
shrinkage=0.04


Tree=170
num_leaves=31
num_cat=0
split_feature=6 18 18 5 17 21 17 9 18 11 9 5 10 5 23 6 5 9 10 2 12 0 10 10 5 21 9 5 12 22
split_gain=3.93534 3.27594 3.08999 3.6192 3.43586 4.62543 3.03772 2.95 4.00146 3.90534 4.84791 3.31102 3.27838 3.26849 2.9354 2.8066 2.80074 3.4449 4.59147 3.28336 3.02374 2.85065 3.26992 2.78864 4.05237 4.00965 4.85946 3.54063 3.32909 3.31546
threshold=0.39826240086695242 15.183333333333335 8.0833333333333339 0.029703468319859264 1.4500000000000002 -0.33333333333333331 2.6333333333333337 1631.5273595722524 12.083333333333334 0.63651986233351288 1478.8367311368736 0.033535563492899663 -57.408200872217428 0.037885752179031236 9.5000000000000018 0.37880694091675177 0.028692874859161169 1516.3105028090326 -79.080357127531769 0.29968634457456822 1.4500000000000002 0.28285973158361316 31.91126797577363 -102.38870991766008 0.032975515203272139 1.916666666666667 1687.8925666734606 0.02885847368609085 0.77500000000000013 6.5000000000000009
decision_type=2 2 2 2 2 2 2 2 2 2 2 2 2 2 2 2 2 2 2 2 2 2 2 2 2 2 2 2 2 2
left_child=2 -2 3 -1 7 -6 23 8 12 10 -10 -11 14 -14 -4 -5 17 19 -19 -12 -20 -18 -23 25 28 26 -3 -28 -25 -29
right_child=1 6 4 15 5 -7 -8 -9 9 11 16 -13 13 -15 -16 -17 21 18 20 -21 -22 22 -24 24 -26 -27 27 29 -30 -31
leaf_value=-0.0011301758673201213 0.00023646057320537959 -0.0041595885730034733 0.0010543667094476889 0.0026508175092808711 -0.0015426274890710451 -0.0065743325389328519 -0.0084104925993810156 -0.0048646391753154987 -0.0063615293696269708 0.0073425433638215389 0.016237401600016323 -0.0032255356678293286 -0.0018519615792589215 0.0059296996575335572 0.011839827199910816 0.011940257223047396 -0.0077141331509235937 0.011320892370115923 -0.0026608785481352748 0.0041918699840896943 0.0079981519800010076 0.0039441514344617078 -0.003897052824121245 0.0037749092977140408 0.0023944688892266605 -0.0061536860160929865 -0.0026540521446517923 0.0070414435744421281 -0.001067191091246247 0.00039875362366989937
leaf_weight=262.69514286518097 39188.296099662781 512.24210071563721 277.22568774223328 161.55778920650482 1200.906131029129 385.77346646785736 81.063218116760254 248.34462368488312 151.56120002269745 249.67538714408875 51.626609325408936 57.893537759780884 2789.4395179748535 88.165799021720886 46.309468746185303 76.345270395278931 82.944356918334961 57.358313202857971 258.2561959028244 119.54996514320374 49.96136736869812 193.05023884773254 150.56012427806854 243.5124294757843 824.76878452301025 309.71834373474121 299.99105381965637 187.06506407260895 3209.2124807834625 333.60704433917999
leaf_count=103 12452 252 132 61 479 172 23 131 67 99 20 22 1166 32 21 25 47 27 118 54 22 84 60 98 246 172 148 96 1095 175
internal_value=-3.31864e-05 0.000103181 -0.000918574 0.00210609 -0.0011533 -0.00276937 -0.000767042 -0.000626524 -0.000397881 0.00136679 0.000264288 0.00534931 -0.0011822 -0.00161157 0.00262988 0.00566939 0.00131227 0.00323246 0.0010323 0.00789799 -0.000912796 -0.0011059 0.000507024 -0.000660978 -0.000122852 -0.00206137 -0.00110656 0.000801824 -0.000724695 0.00279424
internal_weight=52148.7 45189.5 6959.2 500.598 6458.6 1586.68 6001.18 4871.92 4623.58 1422.44 1114.87 307.569 3201.14 2877.61 323.535 237.903 963.307 536.752 365.576 171.177 308.218 426.555 343.61 5920.12 4277.49 1642.62 1332.91 820.663 3452.72 520.672
internal_count=17699 14757 2942 189 2753 651 2305 2102 1971 620 499 121 1351 1198 153 86 432 241 167 74 140 191 144 2282 1439 843 671 419 1193 271
is_linear=0
shrinkage=0.04


Tree=171
num_leaves=31
num_cat=0
split_feature=6 0 6 19 17 17 11 11 11 11 12 18 18 19 2 23 0 0 16 11 19 13 9 0 2 2 23 8 2 5
split_gain=3.24478 3.07331 2.30421 3.14372 2.06851 3.03022 1.98867 4.10153 1.92569 4.40236 1.96053 2.45581 3.83793 2.36241 1.92067 2.8708 3.71658 3.26389 2.55801 2.40233 2.21234 1.89337 1.98881 1.75474 1.74596 2.97484 2.81986 2.88661 2.51618 7.12168
threshold=0.36320059839210678 0.26945168798171942 0.36570666175929339 3.2916666666666674 1.7083333333333337 2.2916666666666674 0.39653887162177287 0.36751954826965466 0.63651986233351288 0.66866605694229608 1.2250000000000003 13.816666666666668 14.816666666666668 2.8166666666666669 0.28944887752207027 7.5000000000000009 0.48344651891271345 0.4484619984467319 0.91666666666666685 0.45794680065310128 3.7750000000000004 1.0833333333333337 1480.1936285296476 0.36707198521679568 0.2917420996778714 0.28314634806673999 3.5000000000000004 1571.5679917409561 0.27812975473162432 0.033657716791072774
decision_type=2 2 2 2 2 2 2 2 2 2 2 2 2 2 2 2 2 2 2 2 2 2 2 2 2 2 2 2 2 2
left_child=1 -1 3 -2 6 -6 7 -3 10 21 11 14 -13 -12 15 16 19 -17 -16 -8 -21 22 -10 -5 25 28 -27 -28 -4 -30
right_child=2 4 24 23 5 -7 8 -9 9 -11 13 12 -14 -15 18 17 -18 -19 -20 20 -22 -23 -24 -25 -26 26 27 -29 29 -31
leaf_value=-0.0059336501987864434 0.011266629397251982 -0.0021038895375752454 0.00026769332147794659 0.006636953033167128 -0.0068872669464934812 0.0040124127468927611 -0.0053157506703881028 0.01080816442446803 0.004197676065534557 -0.001283724158465853 0.0035382597351312252 0.010163253350584376 -0.0035284395779407885 -0.0054184537191270003 -0.0062522572608844978 -0.0068888953798189748 -0.0073464339326619688 0.0030562119426860669 -0.00093076221142727111 0.0024596049757113197 0.0096605736724681389 0.00037885045461609978 0.013368718854718646 -0.0037531316122242815 -0.00020730791676421123 0.0073561753322763995 0.00050547977487166995 0.0058777840457402411 -0.0035606066874087866 0.0089203367460252009
leaf_weight=204.30597865581512 69.024429559707642 85.706352114677429 28703.825160741806 42.013120889663696 182.4029575586319 51.767325401306152 47.108310222625732 71.37526261806488 97.909217715263367 488.77482342720032 54.545750379562378 75.594033479690552 56.53688371181488 318.82531750202179 238.49939846992493 157.7622457742691 61.304447889328003 78.401973962783813 365.5553115606308 286.58941245079041 89.091609835624695 82.975958347320557 62.187744617462158 64.788017749786377 17999.508103728294 149.62180542945862 862.07411813735962 195.56675505638123 635.69185400009155 81.680800914764404
leaf_count=120 27 40 7871 20 77 20 20 32 40 186 23 34 26 140 113 68 22 29 173 118 37 34 25 25 7637 52 308 62 218 28
internal_value=4.15102e-05 -0.00120105 0.000121917 0.00467978 -0.000871709 -0.00447089 -0.000560175 0.00379439 -0.000828575 0.000904699 -0.00152193 -0.000857625 0.00432228 -0.00410401 -0.00137731 1.83269e-05 0.00178161 -0.00358835 -0.00303871 0.00311938 0.00418841 0.00529244 0.00782093 0.000357742 0.000105341 0.000289077 0.00223432 0.00150348 0.000209183 -0.00212907
internal_weight=51961 3157.22 48803.8 175.826 2952.91 234.17 2718.74 157.082 2561.66 731.848 1829.81 1456.44 132.131 373.371 1324.31 720.258 484.094 236.164 604.055 422.789 375.681 243.073 160.097 106.801 48628 30628.5 1207.26 1057.64 29421.2 717.373
internal_count=17625 1377 16248 72 1257 97 1160 72 1088 285 803 640 60 163 580 294 197 97 286 175 155 99 65 45 16176 8539 422 370 8117 246
is_linear=0
shrinkage=0.04


Tree=172
num_leaves=31
num_cat=0
split_feature=1 12 18 18 15 15 9 1 1 2 14 8 3 5 5 16 2 9 9 22 16 9 1 17 13 2 5 10 14 5
split_gain=2.88186 2.47631 2.48109 2.40857 2.32317 2.95319 2.95243 4.11744 4.07867 3.19048 2.94117 3.78838 2.4067 2.32304 3.46704 3.1984 2.28248 2.26654 2.34651 2.25526 2.88536 5.41309 3.45443 2.8622 3.62907 2.75867 2.67449 2.66212 2.62657 2.7192
threshold=0.32760073525496952 0.55000000000000016 13.91666666666667 15.183333333333335 3.0833333333333335 4.5500000000000007 1330.672932070421 0.18120516365020781 0.13091848254571339 0.17802205509942856 13.29166666666667 1455.1252072570421 -2.0338438875521088 0.026379375764515215 0.022216532294106809 1.8166666666666669 0.28944887752207027 1415.5593084840898 1429.3405046050682 4.5000000000000009 1.2250000000000003 1545.6495589286658 0.24898241696460935 1.0833333333333337 1.2916666666666667 0.18717412493893892 0.02804997616779659 139.05147752995222 10.450000000000001 0.029291725213352774
decision_type=2 2 2 2 2 2 2 2 2 2 2 2 2 2 2 2 2 2 2 2 2 2 2 2 2 2 2 2 2 2
left_child=4 16 13 -4 10 12 7 8 -7 -9 -1 -12 -6 14 -3 17 -2 -15 -19 20 21 22 25 24 27 -14 -26 -24 29 -25
right_child=1 2 3 -5 5 6 -8 9 -10 -11 11 -13 19 15 -16 -17 -18 18 -20 -21 -22 -23 23 28 26 -27 -28 -29 -30 -31
leaf_value=0.00065373110028707872 0.00020147376295836768 -0.0019304187453706224 0.005543773973656344 -0.0023629308247506125 -0.0040391789499729701 0.0047531872518538206 0.00025562385199847336 0.012741224434162358 -0.0041565745298893326 0.0026065833694411847 -0.0012675549922344792 0.010851016347649511 0.00027446450960326901 0.0061437202041107943 0.010138063692829711 -0.010088222981002884 -0.0062802798207439361 -0.010980396282861175 -0.00144921440198862 -7.0367790330439818e-05 4.4203747522543319e-05 -0.0075080437891252762 -0.00064381195221612354 -0.0083020426605971923 0.0081856338201771392 0.0085620894909413103 -0.00016450274102447501 -0.010128504574083217 -0.0019738937690922625 -0.0014518122149972921
leaf_weight=6722.1515462398529 127.57603144645691 87.098142027854919 176.10986936092377 93.846728444099426 275.78203153610229 172.04841089248657 20573.537629723549 101.4352285861969 155.61099123954773 97.792338848114014 68.900699019432068 101.22763574123383 494.57674670219421 59.747313022613525 66.325468420982361 70.595895171165466 271.38661563396454 41.762888193130493 1262.1483452320099 16826.116500735283 2061.5203716754913 253.12948513031006 185.26107501983643 263.66271138191223 115.22011733055115 72.872519016265869 129.96478295326233 62.674298524856567 829.64636468887329 143.46671831607819
leaf_count=2750 54 41 80 43 170 29 5833 24 32 27 28 33 123 25 29 33 131 19 571 6002 780 108 71 101 44 22 50 21 298 53
internal_value=4.06748e-05 -0.00135707 -0.000741922 0.00279654 0.000104156 -5.56929e-06 0.000331426 0.00328522 0.000522018 0.00780442 0.000785664 0.00596436 -0.000333044 -0.00134496 0.00331869 -0.0018458 -0.00421229 -0.00141201 -0.00176267 -0.000285182 -0.00106871 -0.00196793 -0.0013545 -0.00224256 0.000333823 0.00135196 0.0037768 -0.00307245 -0.00326924 -0.00589759
internal_weight=51963.2 2256.6 1857.63 269.957 49706.6 42814.3 21100.4 526.887 327.659 199.228 6892.28 170.128 21713.9 1587.68 153.424 1434.25 398.963 1363.66 1303.91 21438.1 4612 2550.47 2297.35 1729.9 493.12 567.449 245.185 247.935 1236.78 407.129
internal_count=17625 1026 841 123 16599 13788 5945 112 61 51 2811 61 7843 718 70 648 185 615 590 7673 1671 891 783 638 186 145 94 92 452 154
is_linear=0
shrinkage=0.04


Tree=173
num_leaves=31
num_cat=0
split_feature=1 12 18 23 16 21 14 0 18 15 21 14 8 15 9 1 1 0 0 0 21 1 22 18 18 8 20 11 14 1
split_gain=2.77284 2.3944 2.38212 2.53196 2.5269 4.56277 2.57346 2.31583 2.30068 2.22999 2.95714 2.95121 3.89169 2.83746 2.82567 3.91109 3.91485 2.6603 2.37725 2.32331 2.46256 4.61726 3.16944 2.9505 2.79746 2.82817 3.11672 2.72236 2.66656 3.01831
threshold=0.32760073525496952 0.55000000000000016 13.91666666666667 5.5000000000000009 1.2916666666666667 0.49999999999999989 9.4500000000000011 0.44195628352006905 15.183333333333335 3.0833333333333335 1.916666666666667 13.29166666666667 1455.1252072570421 4.5500000000000007 1330.672932070421 0.18120516365020781 0.13091848254571339 0.08585856108839085 0.58796013083201504 0.11569507422138935 0.80000000000000027 0.31199331228008209 4.5000000000000009 10.816666666666668 15.550000000000002 1418.004606053961 -0.91666666666666641 0.23588935621103255 10.450000000000001 0.23024088099281292
decision_type=2 2 2 2 2 2 2 2 2 2 2 2 2 2 2 2 2 2 2 2 2 2 2 2 2 2 2 2 2 2
left_child=9 -2 3 4 5 6 -3 -5 -4 10 11 -1 -13 19 15 16 -15 -16 -17 -11 22 23 28 -22 27 -26 -27 -24 29 -21
right_child=1 2 8 7 -6 -7 -8 -9 -10 13 -12 12 -14 14 17 18 -18 -19 -20 20 21 -23 24 -25 25 26 -28 -29 -30 -31
leaf_value=0.0007496745296791575 -0.0041465368044563402 -0.0041827244283062356 0.0054041005252017296 -0.0027612877434401808 -0.0035283414426780309 0.01386230255161008 0.0039164768929341575 0.005121353370099265 -0.0023219670770245264 -0.0039753650864128168 -0.0052140856695155327 -0.0012443067044345636 0.011060376831224737 0.0046371288488845858 0.010342332662780207 0.0031939925012312177 -0.0040915715023844045 0.00022997581427854535 0.011920892130195213 0.0039440303639202232 0.0051662312370255384 -0.0041897568374477234 -0.0072308224896596145 0.00080491242418709048 -0.0087114469818888596 0.0070004461289872224 -0.0024208496426542658 -3.0527090783475255e-06 -0.00084486526365294343 -0.0038710004598472691
leaf_weight=6599.6544966697693 397.28930926322937 97.201266407966614 177.08889400959015 1073.7122923135757 127.5493928194046 51.774668097496033 173.09094786643982 62.23306941986084 93.625237107276917 274.67034590244293 128.68947267532349 68.813419699668884 100.53553307056427 172.86813735961914 40.709397554397583 100.47991347312927 154.96552562713623 20538.08799302578 100.30356788635254 85.521827101707458 273.06956136226654 275.88904130458832 82.899140000343323 2635.8786317110062 101.21188974380493 60.787974834442139 621.60711109638214 13449.907784223557 2904.577584862709 940.68807876110077
leaf_count=2684 185 44 80 492 58 23 77 24 43 170 67 28 32 29 23 28 32 5810 23 26 100 124 43 1110 44 23 243 4597 997 366
internal_value=3.98375e-05 -0.00133218 -0.000727932 -0.00132025 0.00121852 0.00310355 0.000999197 -0.00232531 0.00273336 0.00010206 0.000769462 0.000883972 0.00608253 -5.47892e-06 0.000324739 0.0032096 0.000511215 0.000250482 0.00759108 -0.00032658 -0.000279634 0.000746512 -0.000458767 0.00121595 -0.000182493 -0.00250458 -0.00157258 -4.78595e-05 -0.00146469 -0.00321651
internal_weight=51965.4 2253.57 1856.28 1585.56 449.616 322.067 270.292 1135.95 270.714 49711.8 6897.69 6769 169.349 42814.1 21107.4 528.617 327.834 20578.8 200.783 21706.7 21432 3184.84 18247.2 2908.95 14316.4 783.607 682.395 13532.8 3930.79 1026.21
internal_count=17625 1026 841 718 202 144 121 516 123 16599 2811 2744 60 13788 5945 112 61 5833 51 7843 7673 1334 6339 1210 4950 310 266 4640 1389 392
is_linear=0
shrinkage=0.04


Tree=174
num_leaves=31
num_cat=0
split_feature=13 15 23 4 23 11 6 6 14 13 4 18 21 18 17 15 6 9 21 21 12 9 19 16 23 17 22 6 14 17
split_gain=1.75517 2.59495 1.80417 3.53467 3.00241 2.11315 1.5533 1.54119 2.70721 2.04602 1.79648 1.70992 3.30359 2.53148 2.71326 2.76873 2.21568 2.28866 2.81673 2.52724 2.45563 2.00219 3.56959 4.73422 4.78831 4.11798 3.42108 3.40345 5.17454 3.1359
threshold=2.9166666666666674 3.9166666666666674 7.5000000000000009 -0.24099696517670136 13.500000000000002 0.56900406622025324 0.58259860050890599 0.67763863121005985 10.083333333333334 1.8166666666666669 1.1607381881262264 9.6333333333333346 1.291666666666667 9.9166666666666696 1.0833333333333337 6.0833333333333348 0.37880694091675177 1440.1653966954282 0.16666666666666663 0.49999999999999989 1.2916666666666667 1435.9966245307899 5.291666666666667 0.81666666666666676 8.5000000000000018 1.9166666666666667 12.500000000000002 0.47429288924134289 10.450000000000001 2.2916666666666674
decision_type=2 2 2 2 2 2 2 2 2 2 2 2 2 2 2 2 2 2 2 2 2 2 2 2 2 2 2 2 2 2
left_child=7 2 3 5 -4 -2 -3 10 9 -9 11 12 -1 14 16 -16 -13 -18 -19 -20 -21 22 23 29 -25 27 -27 28 -26 -15
right_child=1 6 4 -5 -6 -7 -8 8 -10 -11 -12 13 -14 21 15 -17 17 18 19 20 -22 -23 -24 24 25 26 -28 -29 -30 -31
leaf_value=0.00034090615706721105 -0.0077672941263033646 -0.0095815777342687525 -0.011906817223823521 0.0082331384599807784 0.0024764487521282477 0.0027650813263092561 -0.0015036774974707492 0.001429651044959099 0.00053104333133344173 0.011357073354766717 -0.0054483427423896369 -0.0039230354987424207 0.0090822630864044514 -0.0014007966183717823 -0.003111656040449971 0.0035526049328943035 -0.003959018493746135 0.0092475307231219793 -0.0034778507129602939 0.010258563811273349 -0.00051245953721062239 -0.00029294821459372833 -0.0033578250067438395 0.00076713986752803586 0.0094521681415076324 0.0066458345420649812 -0.0019089171044147958 0.0090349688249943653 -0.0032354023023875205 0.0028495934604737356
leaf_weight=7990.3541725873947 60.165359735488892 102.08116030693054 46.741957545280457 80.855721354484558 44.652182579040527 59.97902238368988 61.0849609375 67.560516238212585 3175.3467992544174 64.977941989898682 100.2734227180481 123.20430493354797 68.781181335449219 2045.2898845672607 1263.3368999958038 107.46692728996277 78.214802980422974 98.614204168319702 102.74154222011566 66.056139349937439 68.24017858505249 30932.34247803688 375.83381831645966 3881.584593296051 91.096536636352539 106.88173031806946 242.94244360923767 304.20268440246582 115.66239285469055 320.39574754238129
leaf_count=2548 23 42 22 39 18 20 24 20 661 30 62 54 28 631 413 25 24 33 37 26 21 11308 110 1161 34 31 68 80 42 88
internal_value=-9.11602e-05 -0.00256041 -0.000299758 0.00181907 -0.00492888 -0.00252985 -0.00658501 -6.93915e-05 0.000765851 0.00634524 -0.000126392 -0.00011525 0.000416627 -0.000221558 -0.00164333 -0.00258699 0.000765575 0.00216742 0.00360255 0.0012251 0.00482213 -0.000150908 0.000436134 0.000637181 0.00136619 0.00406349 0.000716308 0.00634922 0.00237324 -0.000824186
internal_weight=52247 455.56 292.394 201 91.3941 120.144 163.166 51791.4 3307.89 132.538 48483.5 48383.2 8059.14 40324.1 1907.87 1370.8 537.071 413.867 335.652 237.038 134.296 38416.2 7483.89 7108.06 4742.37 860.786 349.824 510.962 206.759 2365.69
internal_count=17723 188 122 82 40 43 66 17535 711 50 16824 16762 2576 14186 633 438 195 141 117 84 47 13553 2245 2135 1416 255 99 156 76 719
is_linear=0
shrinkage=0.04


Tree=175
num_leaves=31
num_cat=0
split_feature=2 10 23 6 19 11 19 2 10 14 2 19 19 6 5 14 14 17 9 10 5 0 5 6 6 5 6 23 22 5
split_gain=1.70592 3.34342 3.19668 3.39088 5.569 3.11491 3.04042 2.94253 2.82508 2.87321 2.72345 4.74232 2.5536 3.36916 2.50413 2.77851 3.82381 2.90511 4.2898 2.49388 3.83194 3.82621 3.52045 2.4793 3.46367 2.60918 2.89158 2.31245 2.23256 3.39662
threshold=0.36269924373543122 54.046018797906193 12.500000000000002 0.42802984408379302 3.6333333333333337 0.55630343966125595 4.4500000000000011 0.3669537526288662 28.018126953170285 7.7750000000000012 0.35215926959244825 2.8166666666666669 5.0833333333333348 0.41478643216080407 0.028095524784266582 12.816666666666668 13.91666666666667 1.2916666666666667 1505.1179579016969 -11.088437688887096 0.028024246076158724 0.31704752578669393 0.025484862659661881 0.39629566404916361 0.36320059839210678 0.027779321581874575 0.37880694091675177 4.5000000000000009 12.500000000000002 0.028257820409357651
decision_type=2 2 2 2 2 2 2 2 2 2 2 2 2 2 2 2 2 2 2 2 2 2 2 2 2 2 2 2 2 2
left_child=10 2 3 4 -2 28 -7 -3 9 -6 -1 -12 23 -14 15 17 -17 18 -13 -4 21 22 -21 24 -11 26 -26 -25 -5 -30
right_child=1 7 19 5 8 6 -8 -9 -10 12 11 14 13 -15 -16 16 -18 -19 -20 20 -22 -23 -24 27 25 -27 -28 -29 29 -31
leaf_value=-2.3829040574485969e-05 0.0021683160111004565 -0.0098266258664956307 -0.0011849931566906169 0.00010792886674840867 -0.010805604622934744 -0.001349360144450372 0.0082925931628405822 -0.002069223588188839 0.0047541812517632913 -0.0044836355469853066 0.013700267542019419 0.016011396685201299 -0.010345471219600872 0.0012744355414654818 -0.0019368369774967907 -0.0079582219045074218 0.0028584684280837554 0.0013785204982506214 0.004085995162046995 -0.0040185762706460553 -0.010178733110995215 -0.009162988239541597 0.010264874039232342 -0.0093060032905557359 0.013862929867113063 -0.00091625783992132159 0.00089113927334821873 -0.0022576367792496339 -0.00068757754169046351 0.014021074276252182
leaf_weight=40214.555873632431 415.66560685634613 84.671188831329346 1154.3367251157761 6711.6119973659515 85.098475694656372 80.012163400650024 148.8743644952774 917.26965713500977 64.801046848297119 145.9373368024826 52.029448270797729 66.452997922897339 143.97499239444733 54.817575335502625 261.17296743392944 81.305567145347595 142.46802806854248 267.33073592185974 173.52888774871826 53.267738342285156 137.34876799583435 60.667035102844238 55.420846939086914 106.9681042432785 57.703769564628601 109.82737720012665 51.993841767311096 243.23027801513672 54.270784020423889 45.624977231025696
leaf_count=12190 210 34 563 3091 47 34 56 393 32 80 21 27 78 27 108 32 50 104 72 25 62 25 26 53 30 58 26 123 23 23
internal_value=-8.93729e-05 -0.000532364 -0.000311119 -1.46066e-05 -0.00175434 0.000351315 0.00493084 -0.00273392 -0.00328687 -0.0038124 2.85645e-05 0.00204428 -0.00315053 -0.00715091 0.00141992 0.00262009 -0.00108957 0.00425533 0.00744098 -0.00203911 -0.00523943 -0.00119738 0.00329181 -0.0020309 0.000274711 0.00344398 0.00777823 -0.00443093 0.000196728 0.00610263
internal_weight=52242.2 10983.4 9981.45 8520.41 1480.02 7040.39 228.887 1001.94 1064.35 999.552 41258.8 1044.29 914.453 198.793 992.259 731.086 223.774 507.313 239.982 1461.04 306.704 169.356 108.689 715.661 365.462 219.525 109.698 350.198 6811.51 99.8958
internal_count=17723 5119 4692 3991 764 3227 90 427 554 522 12604 414 475 105 393 285 82 203 99 701 138 76 51 370 194 114 56 176 3137 46
is_linear=0
shrinkage=0.04


Tree=176
num_leaves=31
num_cat=0
split_feature=13 20 17 8 21 6 12 8 17 5 8 8 20 5 23 12 6 6 8 1 5 11 15 13 12 1 18 6 5 18
split_gain=1.6956 4.1432 1.72692 1.48497 1.86351 1.48135 2.07666 2.38981 2.00333 1.81288 2.8386 3.53651 3.51414 2.96958 2.62348 2.18885 2.1761 2.20819 2.30871 2.00099 3.16651 2.09556 1.98718 2.28748 2.70103 1.91567 2.90723 2.8982 2.72396 2.25494
threshold=2.9166666666666674 -2.2916666666666661 2.2916666666666674 1397.9472541118669 -1.0000000180025095e-35 0.64810509706148267 2.9166666666666674 1713.672142065758 1.0833333333333337 0.028124503845487373 1494.7660710642078 1420.5251731056128 -0.70833333333333337 0.03868581914834935 6.5000000000000009 1.2916666666666667 0.69747008249099585 0.66898957523957547 1837.5472972393511 0.16996551696369974 0.035193854254659492 0.85612432645188241 7.5833333333333348 2.0833333333333335 2.4500000000000006 0.11849207201976575 12.91666666666667 0.70887549843266073 0.033091238038663547 10.083333333333334
decision_type=2 2 2 2 2 2 2 2 2 2 2 2 2 2 2 2 2 2 2 2 2 2 2 2 2 2 2 2 2 2
left_child=5 3 -3 4 -2 6 -1 -8 -9 22 11 12 14 15 -11 -12 17 19 -19 20 21 -17 23 24 -7 29 27 -27 -28 -18
right_child=1 2 -4 -5 -6 9 7 8 -10 10 13 -13 -14 -15 -16 16 25 18 -20 -21 -22 -23 -24 -25 -26 26 28 -29 -30 -31
leaf_value=-0.00011142053522428341 -0.00055716435347198624 -0.0075118241885445171 0.0007324934354853281 -0.0015453926628173301 0.010507780415700725 0.0034657133951077252 -0.00510997091753393 -0.0035448479278099888 0.0044419551124675553 -0.0042726018817536718 -0.0051871434611190275 0.0062169110315236286 -0.0087012906320642781 0.0022111171127617976 0.0071383577358032583 0.0087915937333481291 -0.0044416289836878391 -0.0036668084539775974 0.0026720590335762595 -0.0018846675068777815 -0.0034397410755555979 0.001650135694625717 0.0076455423595789499 -0.0048765923825538965 -0.0018302321636238562 0.010303580849335548 -0.0043526290682636597 0.0024290007020310498 0.0030385442675982298 0.00063686280731169306
leaf_weight=45957.902813911438 45.609958529472351 204.63051605224609 50.459908485412598 102.71554708480835 51.018484354019165 620.53480124473572 282.3144725561142 95.813873291015625 103.4980480670929 51.586325287818909 161.15725290775299 262.02831363677979 61.699856400489807 702.97258567810059 82.693158149719238 107.17877459526062 189.63057565689087 721.36523187160492 104.60522127151489 402.80257678031921 114.67836570739746 169.11900854110718 92.78267765045166 80.395747661590576 204.16977167129517 103.08274412155151 155.01168715953827 269.04090881347656 162.29886162281036 524.83994293212891
leaf_count=16193 18 88 16 43 23 155 77 25 24 24 38 103 32 130 39 23 32 153 19 100 22 32 18 25 45 19 37 51 35 84
internal_value=-8.76312e-05 -0.00251764 -0.00588451 0.00179865 0.00533276 -6.6258e-05 -0.000138834 -0.00274901 0.000603984 0.000564374 0.000211134 0.00318601 -0.000877343 -0.000140057 0.00275542 -0.000659555 -0.000416604 -0.00141524 -0.00286176 9.16558e-05 0.00212737 0.0044421 0.00210099 0.0015248 0.00215398 0.000735752 0.00223842 0.00463212 -0.000574502 -0.000715365
internal_weight=52237.6 454.434 255.09 199.344 96.6284 51783.2 46439.5 481.626 199.312 5343.67 4345.79 458.008 195.979 3887.78 134.279 3184.81 3023.65 1619.75 825.97 793.779 390.976 276.298 997.883 905.1 824.705 1403.9 689.434 372.124 317.311 714.471
internal_count=17723 188 104 84 41 17535 16319 126 49 1216 973 198 95 775 63 645 607 349 172 177 77 55 243 225 200 258 142 70 72 116
is_linear=0
shrinkage=0.04


Tree=177
num_leaves=31
num_cat=0
split_feature=13 6 20 23 0 2 18 20 23 12 12 22 9 1 8 10 21 18 9 1 18 20 10 11 1 9 2 8 20 2
split_gain=3.66822 3.0471 2.93542 2.47723 2.1872 3.55677 6.24119 11.0856 2.6373 5.96883 4.35003 4.11033 3.7676 3.01353 2.16491 2.11986 1.99384 4.70513 2.80504 5.88124 2.72564 2.95008 3.08175 4.29378 3.57731 2.67206 2.63115 2.47944 4.65024 4.47134
threshold=2.9166666666666674 0.64810509706148267 -2.2916666666666661 7.5000000000000009 0.35866626650730726 0.35215926959244825 13.633333333333335 -0.16666666666666682 68.500000000000014 2.4500000000000006 1.0833333333333337 52.500000000000007 1422.8899555136318 0.29032797417101425 1323.2408259068591 62.36333994210441 -0.16666666666666666 15.183333333333335 1511.777359377558 0.25461846564838636 7.2083333333333348 -0.33333333333333331 -127.96738849408017 0.35977843521834518 0.27501556471847566 1411.5381999062913 0.46531765613834081 1492.9666026277644 -1.0000000180025095e-35 0.34667421421714389
decision_type=2 2 2 2 2 2 2 2 2 2 2 2 2 2 2 2 2 2 2 2 2 2 2 2 2 2 2 2 2 2
left_child=1 4 3 -2 16 8 7 -7 11 10 13 14 -12 -10 -6 -4 17 20 19 -18 -1 22 -22 24 -24 -25 -23 29 -29 -21
right_child=2 -3 15 -5 5 6 -8 -9 9 -11 12 -13 -14 -15 -16 -17 18 -19 -20 27 21 26 23 25 -26 -27 -28 28 -30 -31
leaf_value=0.008200259469679087 0.0033006922788154452 0.0009958447248487423 -0.0086387424313987358 -0.0064910510715211625 0.0058093154955392813 -0.00031610157030534299 -0.00055755165449582569 0.017554330325206466 0.012984151607982965 0.014184982253371722 -0.0080842351431348065 -0.0097023486047476924 0.0013157506042224367 0.0013858631840473153 6.0982711940318331e-05 0.00042057145790808619 0.013225375666067723 -0.0064158661752824033 -0.0004805208591297353 -0.002903102802571886 -0.0063151360077743678 -0.0035241839524454816 2.6390181603212316e-05 -0.0047334721804161706 0.015676455409996709 0.00052081951700632897 0.0035654156786070514 -0.0093307219078927525 0.0010775992871661481 0.0032151588404706033
leaf_weight=51.019686698913574 125.91461598873138 5386.5295834541321 182.51216185092926 60.310296177864075 104.16464924812317 112.56362247467041 269.37714266777039 108.57003712654114 71.451747894287109 64.19730019569397 88.977712631225586 67.876984357833862 281.34654307365417 71.466632127761841 32735.746472597122 53.223244547843933 63.670348048210144 268.18393778800964 7800.7185937166214 247.80816388130188 115.60992181301117 854.60120940208435 42.231370329856873 174.80131959915161 51.331748723983765 1299.0177743434906 92.041931986808777 99.626086950302124 215.79293859004974 824.86844253540039
leaf_count=21 52 1213 80 27 34 37 86 34 21 15 25 21 85 27 10173 17 28 125 3704 112 58 379 20 76 24 579 46 44 95 368
internal_value=6.52005e-05 9.563e-05 -0.00364472 0.000111832 -9.39885e-06 0.000155574 0.00353356 0.00849728 0.000105987 0.00278347 0.00133254 5.89217e-05 -0.000958471 0.00723433 7.93921e-05 -0.00660024 -0.000468756 -0.00137431 -0.000180031 0.0014338 -0.000867731 -0.00104672 -4.15479e-05 0.000424923 0.0086875 -0.000105149 -0.00283183 0.000883801 -0.002229 0.00180034
internal_weight=51985.6 51563.6 421.96 186.225 46177.1 33975.7 490.511 221.134 33485.2 577.44 513.243 32907.8 370.324 142.918 32839.9 235.735 12201.3 2948.84 9252.48 1451.77 2680.65 2629.64 1682.99 1567.38 93.5631 1473.82 946.643 1388.1 315.419 1072.68
internal_count=17626 17450 176 79 16237 10558 157 71 10401 173 158 10228 110 48 10207 97 5679 1328 4351 647 1203 1182 757 699 44 655 425 619 139 480
is_linear=0
shrinkage=0.04


Tree=178
num_leaves=31
num_cat=0
split_feature=6 0 11 19 15 8 8 8 5 10 10 8 8 11 10 16 14 18 5 9 19 18 19 19 10 19 17 20 6 0
split_gain=2.8034 2.42193 2.63054 2.44324 3.09349 2.1513 3.0034 3.06423 3.0241 3.24938 3.99364 3.13948 3.03906 2.75733 2.72729 2.58112 3.07698 2.39066 2.36252 2.29854 1.99157 2.2299 2.27887 2.06157 2.01354 1.97634 2.18752 4.25217 2.8059 4.92283
threshold=0.64810509706148267 0.32241267934010726 0.31764306541934689 7.916666666666667 8.4166666666666696 1311.1985674774985 1416.5963408998618 1494.7660710642078 0.028124503845487373 48.959776540568107 117.06983161621783 1579.9714187044622 1594.806856523511 0.47312591727837622 77.272550139316778 1.4500000000000002 12.450000000000001 9.2666666666666675 0.027729297792613131 1389.4842240605758 6.6333333333333337 13.450000000000001 5.916666666666667 3.8166666666666669 432.81338785464953 2.0833333333333335 1.5500000000000003 1.0000000180025095e-35 0.60024813895781637 0.26163482688702033
decision_type=2 2 2 2 2 2 2 2 2 2 2 2 2 2 2 2 2 2 2 2 2 2 2 2 2 2 2 2 2 2
left_child=1 25 -3 4 -4 -2 -7 14 9 13 -11 19 -13 -9 18 16 -14 -18 -8 -10 21 23 -23 -17 -25 -1 -27 28 29 -28
right_child=5 2 3 -5 -6 6 7 8 11 10 -12 12 15 -15 -16 20 17 -19 -20 -21 -22 22 -24 24 -26 26 27 -29 -30 -31
leaf_value=-0.0082900573073178118 0.010083004875357944 -0.0042874045761128951 0.00013242309737386662 0.0058948582601835321 -0.0061883174062481129 -0.0041589637583797382 -0.0040877904936503237 0.0034645240206630156 -0.0084617403809581441 -0.0046676609161524244 0.0030407879402705048 0.0069644165686159488 -0.0047504548166227324 0.013896516662761609 0.010879020318430979 -0.0045609761496275989 -0.0017395255103269719 0.0024410658811764309 0.0045896220768627156 -0.0013777650248509893 0.0039193358681472411 -0.0059592787915459314 2.4825565788528347e-05 0.0021255129627836883 -0.0036746802857654738 -0.00031694340393263845 -0.0058719173357059664 -0.0070655232859480931 0.0039332917266610415 0.00017490513483512309
leaf_weight=52.559526801109314 39.734870314598083 215.99163937568665 37187.73729300499 116.23859405517578 123.30359220504761 183.65235567092896 63.648064494132996 97.588378667831421 84.940328121185303 129.29059028625488 616.3480544090271 120.51051926612854 119.41742610931396 69.493733167648315 82.918649673461914 130.9962010383606 253.90467166900635 1556.5286452770233 225.55116677284241 502.08562636375427 124.2951672077179 265.09809494018555 164.92035126686096 476.50689625740051 118.82800388336182 7522.602614402771 323.47307848930359 225.58920359611511 154.47797799110413 640.76363897323608
leaf_count=26 19 85 11916 31 33 90 23 35 17 32 116 25 24 19 18 25 45 277 103 131 31 55 34 91 20 3690 171 101 63 280
internal_value=6.38809e-05 -3.63982e-05 0.000104032 0.000129488 0.000111369 0.000924225 0.000854804 0.00103255 0.000762615 0.00283484 0.00169971 0.000279282 0.000754757 0.00786032 0.0045253 0.000519573 0.00144319 0.00185412 0.00267236 -0.00241544 -0.000872296 -0.00139029 -0.00366953 -3.76913e-05 0.000963582 -0.000629006 -0.000582665 -0.00206828 -0.00105517 -0.00185761
internal_weight=51989 46562.7 37643.3 37427.3 37311 5426.26 5386.52 5202.87 4830.75 912.721 745.639 3918.03 3331.01 167.082 372.118 3210.5 1929.85 1810.43 289.199 587.026 1280.64 1156.35 430.018 726.331 595.335 8919.47 8866.91 1344.3 1118.71 964.237
internal_count=17626 16396 12065 11980 11949 1230 1211 1121 977 202 148 775 627 54 144 602 346 322 126 148 256 225 89 136 111 4331 4305 615 514 451
is_linear=0
shrinkage=0.04


Tree=179
num_leaves=31
num_cat=0
split_feature=13 20 6 23 10 0 2 18 20 23 12 12 22 9 1 5 5 8 5 5 8 12 5 6 2 1 19 6 8 0
split_gain=3.53484 2.85234 2.80957 2.38569 2.06156 2.02754 3.4082 5.92702 10.3736 2.5234 5.62133 4.14883 3.98891 3.64866 2.83421 2.3788 2.29967 2.07966 2.03869 2.45647 3.32845 3.00965 2.58116 3.3217 3.85332 3.14895 3.86729 3.62985 3.5899 2.90942
threshold=2.9166666666666674 -2.2916666666666661 0.64810509706148267 7.5000000000000009 62.36333994210441 0.35866626650730726 0.35215926959244825 13.633333333333335 -0.16666666666666682 68.500000000000014 2.4500000000000006 1.0833333333333337 52.500000000000007 1422.8899555136318 0.29032797417101425 0.026967259407845948 0.031550424122996364 1323.2408259068591 0.020266287447519574 0.021670452496956098 1484.235146021651 0.63333333333333341 0.027370414018237036 0.32534403669724771 0.42642615646699661 0.29656368651992276 3.7750000000000004 0.35468591691995949 1496.7820381860997 0.34530939656457155
decision_type=2 2 2 2 2 2 2 2 2 2 2 2 2 2 2 2 2 2 2 2 2 2 2 2 2 2 2 2 2 2
left_child=2 3 5 -2 -3 18 9 8 -8 12 11 14 17 -13 -11 -15 -17 -7 -1 20 21 -20 23 -21 25 28 27 -27 -25 -24
right_child=1 4 -4 -5 -6 6 7 -9 -10 10 -12 13 -14 15 -16 16 -18 -19 19 22 -22 -23 29 24 -26 26 -28 -29 -30 -31
leaf_value=0.0047896617453616862 0.0032255538072185888 -0.0085407690790523256 0.00095589247057221202 -0.0064004359793991697 0.00039829291647574351 0.005676984562602694 -0.00030821317280727245 -0.00054682630000809761 0.016904232868386111 0.012561949141980586 0.013692954719248395 -0.0079912491369032584 -0.0096060731928850392 0.0059670735758067485 0.0013540695207672677 -0.0053153924277973023 0.0039816512302183636 5.746829010606308e-05 -0.008033617341192097 -0.0058861805400084247 -0.0063467001863898769 0.0011850915223962678 -0.00057622825786786478 0.0055546939576304943 -0.00068896749213029189 0.010628222172762799 -0.001277239811593732 0.001648629218401956 0.00046846098846344513 -0.0033676531017376166
leaf_weight=116.62684905529022 126.32763397693634 180.92425644397736 5396.8682467937469 59.897634625434875 53.28286600112915 104.7095320224762 112.51781225204468 269.22701907157898 110.50736999511719 72.395123720169067 65.153270483016968 88.272984743118286 67.230505704879761 106.61947917938232 71.575220584869385 104.84694242477417 70.287854671478271 32741.521849274635 68.304955244064331 129.2019921541214 263.8472056388855 309.70443367958069 6464.426168680191 555.2909882068634 1963.0654048919678 86.23256254196167 789.90321481227875 416.43427538871765 369.8395859003067 657.34275043010712
leaf_count=51 52 80 1213 27 17 34 37 86 34 21 15 25 21 30 27 34 21 10173 31 64 110 133 3099 220 974 40 357 185 140 275
internal_value=6.25812e-05 -0.00358592 9.2394e-05 0.000111794 -0.00651406 -8.54884e-06 0.000150198 0.00345096 0.00825782 0.000101584 0.00271669 0.00130147 5.54875e-05 -0.000943338 0.0070377 0.00128521 -0.00158273 7.55549e-05 -0.000451093 -0.000502109 -0.00290805 -0.000497498 -0.00036678 0.000405786 0.000601593 0.00174377 0.000467813 0.00320712 0.00352407 -0.000834315
internal_weight=51992.4 420.432 51572 186.225 234.207 46175.1 33984.9 492.252 223.025 33492.6 579.151 513.998 32913.5 370.027 143.97 281.754 175.135 32846.2 12190.2 12073.6 641.857 378.009 11431.7 4309.97 4180.77 2217.7 1292.57 502.667 925.131 7121.77
internal_count=17626 176 17450 79 97 16237 10558 157 71 10401 173 158 10228 110 48 85 55 10207 5679 5628 274 164 5354 1980 1916 942 582 225 360 3374
is_linear=0
shrinkage=0.04


Tree=180
num_leaves=31
num_cat=0
split_feature=14 16 5 1 1 21 19 5 22 1 17 5 5 5 2 21 16 19 20 10 18 9 17 13 10 5 20 20 10 14
split_gain=2.09019 2.07012 3.75017 4.39936 3.81664 3.40034 4.03834 7.31844 3.87674 3.40752 3.4511 4.0727 3.21165 3.03762 3.73426 4.30707 3.11871 3.4274 3.31852 3.07503 4.17527 3.92374 3.53615 3.71357 3.12897 2.89724 4.14346 4.60808 4.15184 3.38038
threshold=15.083333333333334 1.9166666666666667 0.026967259407845948 0.21895478086985107 0.23977703948455145 1.0000000180025095e-35 5.0833333333333348 0.034907013538054039 15.500000000000002 0.32600131897045043 1.4500000000000002 0.033381744729085068 0.027348673672392357 0.032812637297795939 0.34315964944396476 -0.36666666666666664 1.2250000000000003 1.8166666666666669 -1.9166666666666663 7.0516960411343925 13.083333333333334 1386.9582024886747 1.6333333333333335 1.9166666666666667 13.768035088034368 0.0310037369479691 -0.63333333333333308 -0.36666666666666664 13.768035088034368 14.083333333333334
decision_type=2 2 2 2 2 2 2 2 2 2 2 2 2 2 2 2 2 2 2 2 2 2 2 2 2 2 2 2 2 2
left_child=1 5 3 -3 -5 6 13 8 -8 10 -7 -12 -4 16 -15 -16 17 -1 -18 20 22 -21 23 -20 -23 -19 28 -28 -27 -29
right_child=-2 2 12 4 -6 9 7 -9 -10 -11 11 -13 -14 14 15 -17 18 25 19 21 -22 24 -24 -25 -26 26 27 29 -30 -31
leaf_value=0.0041508874169742058 0.00055580701479021057 -0.0066402146090571226 0.0040820533836462636 0.0033360373232286583 -0.0022112363485180505 0.00057592633173394428 -0.0031939052769519873 0.005263312710306476 0.0045295644915648919 -0.0015829976540697819 0.0021328818512307869 0.010301801958856813 -0.00040712317126391062 -0.00058279971365831598 0.00047764500800037652 -0.0069770804759640894 0.0088456516513440806 -0.00043352757011781587 -0.0028592753413954433 -0.0031490920435269156 0.0034109132697527668 0.0098641456700685193 -0.0055723236096251842 0.0085822515070527444 0.0018267291615975758 0.0051067056619471599 0.010947995422923058 0.0026738503514934803 -0.0055140438810985029 -0.0028535488681233328
leaf_weight=292.98581671714783 9393.0841635465622 306.02584612369537 272.11489915847778 230.89616823196411 1377.8591126203537 10192.082493782043 1751.8930933475494 201.96570444107056 109.68199813365936 1078.8367501497269 663.65120899677277 113.69712769985199 3840.4244104623795 5045.5131108760834 200.55606293678284 323.36410307884216 87.469043970108032 11755.11014521122 129.54843258857727 251.46994209289551 218.11970853805542 79.055799961090088 344.66040349006653 68.601589918136597 2491.3702689409256 78.289310216903687 91.818329453468323 1000.8902419805527 228.96576368808746 214.16124725341797
leaf_count=90 2342 126 103 93 535 3892 617 59 39 493 235 38 1574 1510 91 154 36 4034 56 72 89 29 142 26 785 34 32 308 74 53
internal_value=1.52307e-05 -0.000102752 -0.000790129 -0.00225187 -0.00141349 9.19837e-06 -0.000257137 -0.0019515 -0.00273666 0.000561054 0.000772046 0.00333939 -0.000109167 -0.000104391 -0.000916975 -0.00412795 0.000156754 -0.000121371 0.00119179 0.00100252 -0.00125296 0.00161094 -0.00312989 0.0011251 0.00207767 -0.000215301 0.00137325 0.00235582 -0.00280006 0.00169806
internal_weight=52434.2 43041.1 6027.32 1914.78 1608.76 37013.8 24965.5 2063.54 1861.58 12048.3 10969.4 777.348 4112.54 22901.9 5569.43 523.92 17332.5 13662.2 3670.3 3582.83 760.93 2821.9 542.81 198.15 2570.43 13369.2 1614.12 1306.87 307.255 1215.05
internal_count=17761 15419 2431 754 628 12988 8330 715 656 4658 4165 273 1677 7615 1755 245 5860 4625 1235 1199 313 886 224 82 814 4535 501 393 108 361
is_linear=0
shrinkage=0.04


Tree=181
num_leaves=31
num_cat=0
split_feature=6 21 18 18 14 6 19 18 10 0 0 12 22 23 18 6 6 14 8 2 14 16 14 14 23 2 18 13 18 5
split_gain=2.83974 1.96177 3.17189 3.32661 3.09499 2.35631 2.1675 1.96847 1.91613 2.58488 3.82738 3.19348 2.87523 2.08613 2.79729 1.90978 2.92118 2.2929 4.03209 3.50725 3.19738 2.16025 2.93006 3.56179 4.52881 3.44104 3.01906 3.42472 3.32246 2.89169
threshold=0.76122463873887047 1.6333333333333337 10.083333333333334 16.225000000000005 15.708333333333334 0.71565335753176051 4.916666666666667 15.91666666666667 54.046018797906193 0.20051720793945912 0.26663068244629012 1.8166666666666669 6.5000000000000009 9.5000000000000018 18.083333333333339 0.47051262664448817 0.46538438780005137 10.225000000000001 1560.3974438543939 0.2060977233622053 14.91666666666667 0.81666666666666676 11.708333333333334 12.550000000000002 8.5000000000000018 0.36269924373543122 15.91666666666667 2.0833333333333335 16.225000000000005 0.034701557013543279
decision_type=2 2 2 2 2 2 2 2 2 2 2 2 2 2 2 2 2 2 2 2 2 2 2 2 2 2 2 2 2 2
left_child=1 15 -3 6 5 8 -4 -8 9 11 -11 12 -5 14 -14 16 21 -18 20 -20 -19 -1 29 24 -24 -26 27 -25 -28 -23
right_child=-2 2 3 4 -6 -7 7 -9 -10 10 -12 -13 13 -15 -16 -17 17 18 19 -21 -22 22 23 26 25 -27 28 -29 -30 -31
leaf_value=-0.00097191273819862171 0.0033027233813947405 0.0079833472467272567 -0.007717884237762495 -0.0074187447510517292 -0.0049955487479935775 -0.0076383574246262987 -0.0016993560650054198 -0.0079929260621986742 -0.0051491592099749467 0.012702181531843042 0.0014129360575543199 0.0095814630032536961 0.0099146046569652691 -0.0052503962422169991 -0.0015063269450031644 0.00023174482141259897 0.0011953027270700132 -0.007322677479893948 -0.0030762471694822757 0.0083013947420559706 0.0013423498375885277 -0.00017157125559861877 0.0032093700600668313 0.00053697919775318778 -0.0001760520004614886 -0.011215189295610738 -0.012482258140620026 -0.006404417018086658 -0.00086229596836862521 -0.0027086349701847218
leaf_weight=4183.9438080787659 415.98208284378052 55.734192728996277 142.25136184692383 77.737614631652832 137.54468262195587 39.888439178466797 737.81424736976624 88.285593867301941 49.282090902328491 89.275136113166809 103.33479380607605 54.013424754142761 68.173962593078613 49.630439519882202 67.630907297134399 30652.15012383461 195.58670794963837 373.76779139041901 112.17357110977173 69.295650482177734 82.933009028434753 8052.0745849609375 1461.3231415748596 3648.9232888221741 300.70949149131775 52.174325585365295 61.302373051643372 116.38346016407013 107.4074946641922 788.27655291557312
leaf_count=1582 75 18 56 46 48 22 310 45 17 39 36 23 38 30 37 9146 76 146 32 24 28 3382 568 1356 114 27 27 49 45 319
internal_value=1.49115e-05 -1.14433e-05 -0.00132349 -0.00163225 0.000393714 0.00163755 -0.00317198 -0.0023808 0.00231181 0.00304173 0.00668411 0.000815864 -0.00101264 0.00169829 0.00425754 3.45444e-05 -0.000273752 -0.00258908 -0.00374898 0.00129009 -0.00574969 -0.000170787 5.90235e-05 0.000761958 0.00222766 -0.00183528 8.5643e-05 0.000320781 -0.00513319 -0.000398077
internal_weight=52435 52019 1760.6 1704.86 736.511 598.967 968.351 826.1 559.078 509.796 192.61 317.186 263.173 185.435 135.805 50258.4 19606.3 833.757 638.17 181.469 456.701 18772.5 14588.6 5748.22 1814.21 352.884 3934.02 3765.31 168.71 8840.35
internal_count=17761 17686 765 747 336 288 411 355 266 249 75 174 151 105 75 16921 7775 306 230 56 174 7469 5887 2186 709 141 1477 1405 72 3701
is_linear=0
shrinkage=0.04


Tree=182
num_leaves=31
num_cat=0
split_feature=6 10 11 11 15 9 12 0 5 14 15 9 0 15 1 1 14 12 16 6 23 11 10 10 5 5 13 9 16 0
split_gain=2.71921 1.88648 1.79569 3.60626 2.5545 5.17873 3.1152 3.46668 2.73603 2.41968 2.17284 2.52699 2.13139 2.09018 4.70169 4.28265 3.60763 2.79867 3.36211 2.61828 2.39512 2.3417 2.35375 2.19443 2.18747 3.94442 5.14295 4.34815 3.69807 3.61759
threshold=0.76122463873887047 393.10890807846266 0.44825617642622301 0.46022541339418227 4.6333333333333337 1674.4051343778719 1.2916666666666667 0.26945168798171942 0.024624598853734695 10.083333333333334 3.6333333333333337 1519.6923322261489 0.34715614067482198 4.916666666666667 0.26288747976208487 0.25841332254422628 14.733333333333336 1.6333333333333335 2.6333333333333337 0.46930926216640506 8.5000000000000018 0.34067207151425427 -275.12527708662725 -90.238659403274468 0.032812637297795939 0.035029908145064244 1.2916666666666667 1670.4028442350971 0.81666666666666676 0.30767784560646216
decision_type=2 2 2 2 2 2 2 2 2 2 2 2 2 2 2 2 2 2 2 2 2 2 2 2 2 2 2 2 2 2
left_child=2 -2 13 4 6 -6 7 -4 -9 -10 -11 -12 -8 17 15 16 21 24 19 -19 -16 22 -15 -18 -1 28 27 -27 -26 -30
right_child=1 -3 3 -5 5 -7 12 8 9 10 11 -13 -14 14 20 -17 23 18 -20 -21 -22 -23 -24 -25 25 26 -28 -29 29 -31
leaf_value=-0.00012858559595551241 0.005919351276030882 0.00054439486392371102 -0.0055279402422188954 4.3233807357622994e-05 0.00946186635900172 -0.0032486792021494335 0.00081411325103718148 0.011629278019573992 -0.0024820804220470759 0.0083669911483581581 0.0065972624639061162 -0.0058950541127206612 -0.0090502981025466483 -0.0093552176053251588 -0.003411864387151678 0.0092417641186318331 7.0687500339069027e-05 -0.0018573937742965285 -0.0046037254738768071 0.0048438544576715056 -0.0099508047800578956 -0.0067485592577198666 0.0013272455813333835 0.0081516197729087289 -0.014367325969576902 0.013477121312841936 -0.0014170650221414624 -4.7636335730453457e-05 -0.0050229331120803028 0.00012543809700555952
leaf_weight=5377.3023210763931 207.66123998165131 209.69698715209961 67.352365016937256 42273.317091226578 186.54684364795685 70.013083934783936 71.535924196243286 65.677803874015808 99.099546194076538 130.05953073501587 52.659380435943604 49.103484869003296 67.422788381576538 38.955809354782104 479.18967771530151 73.896073579788208 142.46589338779449 117.84156572818756 97.289266109466553 438.54127264022827 109.95601427555084 168.26331007480621 188.69979453086853 85.377321720123291 46.281542658805847 78.778669953346252 472.79914140701294 72.6717768907547 523.23263418674469 374.20234096050262
leaf_count=2522 45 30 36 13227 68 24 33 27 42 50 20 20 25 22 202 26 63 57 43 183 47 67 87 27 21 37 246 38 283 143
internal_value=1.45755e-05 0.00322652 -1.12563e-05 9.54161e-05 0.00265898 0.00599412 0.00123219 0.0028053 0.00423083 0.00273185 0.00496179 0.000570656 -0.00400257 -0.000529013 -0.00201919 0.000203429 -0.000880406 -0.000276435 0.00222377 0.00342375 -0.00464706 -0.00318529 -0.000533628 0.00312116 -0.000512035 -0.00182614 0.000640181 0.00702968 -0.00345652 -0.00287847
internal_weight=52435.9 417.358 52018.5 43132.8 859.471 256.56 602.911 463.952 396.6 330.922 231.822 101.763 138.959 8885.74 1286.8 697.658 623.762 7598.94 653.672 556.383 589.146 395.919 227.656 227.843 6945.27 1567.97 624.25 151.45 943.717 897.435
internal_count=17761 75 17686 13572 345 92 253 195 159 132 90 40 58 4114 541 292 266 3573 283 240 249 176 109 90 3290 768 321 75 447 426
is_linear=0
shrinkage=0.04


Tree=183
num_leaves=31
num_cat=0
split_feature=6 5 22 5 8 22 16 16 12 5 0 9 5 6 0 14 21 14 2 14 6 8 17 8 5 1 5 21 9 1
split_gain=2.84279 2.59464 3.07912 2.65151 3.01543 2.67502 3.08975 2.61203 2.88062 3.93096 2.712 2.85988 2.4001 3.11174 2.26534 4.21901 2.41649 2.38696 4.52887 2.37958 2.25872 2.84564 2.47748 5.28149 3.69872 2.79859 3.16514 2.53406 2.60867 2.47205
threshold=0.36320059839210678 0.034907013538054039 6.5000000000000009 0.028384544208894361 1596.7696336609763 10.500000000000002 1.0833333333333337 1.2916666666666667 1.0833333333333337 0.03382649507346381 0.2740096987442156 1573.3888203760926 0.027583520873166293 0.31977385548814125 0.37525382924263606 11.816666666666668 -0.16666666666666666 10.083333333333334 0.33682217570160455 10.91666666666667 0.36570666175929339 1485.9567561804818 0.45000000000000007 1818.1384594653148 0.03371558898290939 0.28991177839652277 0.032385203570775463 0.63333333333333353 1542.047808776354 0.28545616010957381
decision_type=2 2 2 2 2 2 2 2 2 2 2 2 2 2 2 2 2 2 2 2 2 2 2 2 2 2 2 2 2 2
left_child=1 3 -3 5 7 12 -7 8 -5 -10 -9 -12 13 -1 17 16 -16 18 -15 -19 21 -2 23 24 25 -22 27 -27 -29 -26
right_child=20 2 -4 4 -6 6 -8 10 9 -11 11 -13 -14 14 15 -17 -18 19 -20 -21 22 -23 -24 -25 29 26 -28 28 -30 -31
leaf_value=-0.00570111194125317 0.0096224397795881163 0.00021365723833857052 -0.0084883294466775294 0.0034271826825219578 -0.007775412654889258 -0.001459211154350163 0.0088674003774184967 -0.012604993562363692 -0.0034320752794897427 0.0082857053637024457 -0.0029220630650823903 0.0069438985063615365 -0.0050072421888419805 0.012281046030815557 -0.0027672570470027602 0.0042453933124014633 -0.012426517754202315 -0.0080236558835864186 9.0544880675444712e-05 0.0017430199804890762 -0.0052649881078658438 -0.00017667436642372677 7.489225351484837e-05 0.010569392860349349 0.0052306285001040972 -0.0063573119458147235 -0.0092400569607154343 0.0086514625707661951 -0.00018345787039299427 -0.0028832344050679615
leaf_weight=203.75935244560242 87.851542353630066 109.56710314750671 158.98682820796967 652.47680020332336 66.824573278427124 126.13746130466461 72.08750593662262 34.801657199859619 248.51490378379822 55.124793410301208 231.55901145935059 57.934051394462585 452.67436003684998 79.258419275283813 110.12810969352722 87.758583307266235 66.213999390602112 58.111302971839905 124.28158783912659 122.10516571998596 556.58507776260376 101.60020899772644 47590.80338716507 52.227541923522949 149.62793123722076 59.703193068504333 57.349116921424866 79.654866337776184 158.54627549648285 99.108694076538086
leaf_count=96 37 43 65 278 26 53 32 21 106 22 100 26 206 36 44 35 28 28 62 58 241 40 15707 12 59 26 26 32 71 41
internal_value=-2.81985e-05 -0.00119905 -0.00495039 -0.000843915 0.000444507 -0.00199871 0.00232188 0.000879237 0.00193108 -0.00128454 -0.0022183 -0.000930556 -0.00265662 -0.00140275 -4.41606e-05 -0.00288925 -0.00644379 0.00191624 0.00487436 -0.00143317 4.63464e-05 0.00439398 2.93796e-05 -0.00175515 -0.00231839 -0.00349703 -0.000720121 0.000945464 0.00279477 0.00199907
internal_weight=52111.4 3118.31 268.554 2849.75 1347.24 1502.52 198.225 1280.41 956.116 303.64 324.295 289.493 1304.29 851.617 647.857 264.101 176.342 383.756 203.54 180.216 48993.1 189.452 48803.6 1212.8 1160.58 911.839 355.253 297.904 238.201 248.737
internal_count=17657 1365 108 1257 579 678 85 553 406 128 147 126 593 387 291 107 72 184 98 86 16292 77 16215 508 496 396 155 129 103 100
is_linear=0
shrinkage=0.04


Tree=184
num_leaves=31
num_cat=0
split_feature=9 20 20 1 21 22 15 15 9 11 1 7 18 18 17 5 22 8 20 1 18 9 5 8 23 18 22 18 18 5
split_gain=2.0442 2.97968 5.77208 3.67743 3.08323 3.88017 2.91161 3.04857 2.8017 2.57682 2.85219 2.38695 2.25239 2.98358 3.14488 4.31006 3.57453 2.77513 2.48659 4.79235 3.42939 2.895 2.50662 2.45791 2.3985 3.29415 3.17665 3.24932 4.33463 5.00641
threshold=1436.9035580144305 -0.91666666666666641 -1.3666666666666663 0.28282782102168863 -0.54999999999999982 8.5000000000000018 2.2916666666666674 1.9166666666666667 1426.6978204103107 0.60048609950446485 0.30941546345143095 -2.1249999999999996 8.9166666666666696 9.9166666666666696 1.2916666666666667 0.02848733829551842 3.5000000000000004 1545.2988937967791 -0.49999999999999989 0.22709641924230792 10.29166666666667 1312.6135176184587 0.032385203570775463 1744.6774480119673 7.5000000000000009 15.816666666666668 18.500000000000004 15.083333333333334 11.91666666666667 0.028692874859161169
decision_type=2 2 2 2 2 2 2 2 2 2 2 2 2 2 2 2 2 2 2 2 2 2 2 2 2 2 2 2 2 2
left_child=1 2 3 8 -4 -6 7 -3 -1 10 -5 -2 -8 23 15 -15 17 -17 19 -16 -21 22 -20 -14 25 -23 27 28 29 -26
right_child=11 6 4 9 5 -7 12 -9 -10 -11 -12 -13 13 14 18 16 -18 -19 21 20 -22 24 -24 -25 26 -27 -28 -29 -30 -31
leaf_value=0.0027717621043860646 0.0023707627153843895 -0.0010915264085961714 -0.004641139124773052 -0.0070584068215451936 -0.0018915020764169609 0.0090960265487553676 0.0018142746088543606 0.010342254185269895 0.011718879829025254 0.0051071604245125513 0.0041798512179067335 -0.00021019613253876165 -0.00071773715239948689 -0.0041741597566362634 0.0090800468862291348 0.0013895904159490662 0.0017039574486358705 -0.0096370004493735346 -0.0082877425141345499 0.01076077585443245 0.0010312042339615821 3.2047184931841704e-05 0.00055023777117259418 -0.0062415227373870839 0.0059384050337236566 0.0078458349193936266 -0.0024853014034231496 -0.0054641698738297885 0.0059874181436861242 -0.001164785266254485
leaf_weight=280.85616517066956 580.98082304000854 59.721838355064392 659.8647346496582 137.99747598171234 313.92831671237946 60.460563659667969 1904.1785278320312 97.652463555335999 69.288230776786804 63.870895624160767 48.072515606880188 38566.726666212082 1704.8611651659012 469.37699866294861 162.76285314559937 62.043487787246704 738.07313048839569 86.994051933288574 104.38167190551758 61.038000583648682 888.21772885322571 3130.3608995676041 99.906179189682007 138.47135663032532 240.0629985332489 87.77409815788269 202.69667720794678 69.827574849128723 555.26311492919922 464.26750135421753
leaf_count=86 92 23 219 55 112 22 519 34 21 24 20 13853 492 154 35 21 202 22 26 21 300 831 20 26 71 21 52 21 142 120
internal_value=-2.76714e-05 0.000407695 -0.00118847 0.00193027 -0.00299811 -9.76072e-05 0.000638066 0.00602376 0.00457059 -0.00177205 -0.0041481 -0.000171833 0.000561659 0.000304087 0.000661763 -0.00107881 0.000561816 -0.00506803 0.00105107 0.00275963 0.00166749 0.000667115 -0.00398394 -0.00113584 0.000867933 0.000247538 0.00217003 0.00288116 0.00334777 0.00126124
internal_weight=52110 12962.3 1634.34 600.085 1034.25 374.389 11327.9 157.374 350.144 249.941 186.07 39147.7 11170.6 9266.38 7423.05 1356.49 887.111 149.038 6066.56 1112.02 949.256 4954.54 204.288 1843.33 4750.25 3218.13 1532.12 1329.42 1259.59 704.33
internal_count=17657 3712 559 206 353 134 3153 57 107 99 75 13945 3096 2577 2059 399 245 43 1660 356 321 1304 46 518 1258 852 406 354 333 191
is_linear=0
shrinkage=0.04


Tree=185
num_leaves=31
num_cat=0
split_feature=6 5 5 10 16 2 6 19 17 5 9 18 18 1 5 6 6 16 18 1 9 18 21 10 18 17 23 13 14 10
split_gain=2.72401 2.51119 2.5507 2.83714 3.57626 2.85179 2.16363 3.15165 2.3762 3.8774 2.86349 4.11822 4.56314 4.18219 2.75827 2.74554 2.61608 3.26208 2.27042 2.17309 1.97758 1.92566 1.86311 4.09639 1.84336 2.40346 3.22309 2.41354 2.89122 3.62547
threshold=0.36320059839210678 0.034907013538054039 0.028384544208894361 124.48857747163505 1.0833333333333337 0.39262469145957862 0.36570666175929339 3.2916666666666674 0.45000000000000007 0.033381744729085068 1515.4109458271221 10.91666666666667 12.708333333333334 0.28991177839652277 0.028898256765581557 0.42439742695497168 0.59022613065326646 1.4500000000000002 13.633333333333335 0.30232425782023914 1443.1176933616232 17.083333333333339 0.49999999999999989 9.5408525020374118 15.183333333333335 2.6333333333333337 78.500000000000014 1.6333333333333335 9.0833333333333339 -109.43317758188685
decision_type=2 2 2 2 2 2 2 2 2 2 2 2 2 2 2 2 2 2 2 2 2 2 2 2 2 2 2 2 2 2
left_child=1 2 -1 4 -4 22 7 -2 9 10 -8 -12 14 18 19 -11 17 -17 -14 -13 -3 -20 -6 -24 -10 26 27 28 29 -26
right_child=6 20 3 -5 5 -7 8 -9 24 15 11 12 13 -15 -16 16 -18 -19 21 -21 -22 -23 23 -25 25 -27 -28 -29 -30 -31
leaf_value=-0.0019597996043712452 0.010551413365835363 0.0013607491582084033 0.0032717765606712339 -0.0034363887422148181 -0.0027498959152915526 -0.010772409920483048 -0.0091697603302055338 7.9081508223428576e-05 0.00016624677317951471 -0.0046812900907171693 0.0041230553460254076 -0.0085825708776848166 0.0032226700070759891 0.0055813933609953357 -0.014949508756420538 0.0005736373472190146 -0.0014925446385503768 0.012596352064723671 -0.0071057362534531791 0.0020215977747229338 -0.0067612251197602252 -0.00014000414613850204 0.0081090728016000868 -0.0034029155440842276 -0.0029723189872906536 -0.0075106964012957803 0.006796459669063476 0.00061355956300814354 -0.0014380096982220705 0.0078342090278811539
leaf_weight=1499.2482497692108 75.931673526763916 62.129157066345215 630.93188512325287 246.14540815353394 229.21939778327942 45.184501051902771 105.59253227710724 114.32476568222046 41811.98675262928 68.809966564178467 136.57187879085541 92.95251452922821 67.433586597442627 108.25072300434113 68.163634300231934 62.603281736373901 78.466220498085022 84.640283584594727 198.08511829376221 45.601002931594849 205.06204271316528 93.297263503074646 101.23844623565674 94.979085087776184 83.059888362884521 78.323723316192627 94.269153594970703 1740.4617714881897 3664.5841615200043 121.02720880508423
leaf_count=678 29 23 272 95 99 27 37 48 13489 30 53 40 29 48 31 23 29 33 96 20 85 39 45 41 47 22 37 729 1327 56
internal_value=-2.71372e-05 -0.00117408 -0.000825184 0.000437536 0.00130551 -0.00133189 4.57859e-05 0.00429192 2.91454e-05 -0.00172025 -0.00300329 -0.00218946 -0.00347318 -0.00127661 -0.00840618 0.00226663 0.00439608 0.00752303 -0.00335535 -0.00510303 -0.00487462 -0.0048835 -0.000306327 0.0025477 7.36735e-05 -0.000595706 -0.000499444 -0.000623251 -0.00117969 0.00344309
internal_weight=52108.6 3114.14 2846.95 1347.7 1101.55 470.621 48994.4 190.256 48804.2 1210.47 915.948 810.356 673.784 467.067 206.717 294.52 225.71 147.244 358.816 138.554 267.191 291.382 425.437 196.218 47593.7 5781.73 5703.4 5609.13 3868.67 204.087
internal_count=17657 1365 1257 579 484 212 16292 77 16215 508 393 356 303 212 91 115 85 56 164 60 108 135 185 86 15707 2218 2196 2159 1430 103
is_linear=0
shrinkage=0.04


Tree=186
num_leaves=31
num_cat=0
split_feature=2 0 14 19 13 17 14 13 22 19 8 0 16 9 21 23 9 19 0 17 20 23 8 13 20 12 17 14 23 11
split_gain=2.14268 2.9456 3.86696 3.11334 2.48289 2.08575 1.91442 2.00571 2.65268 1.77163 3.62177 2.04794 1.7682 4.18843 4.07496 2.96842 2.85922 2.43968 2.4297 2.60231 3.91655 3.30627 4.53844 5.13261 3.68265 3.72607 4.17688 3.53944 3.16869 3.164
threshold=0.1000076896644178 0.71151536138663951 12.91666666666667 2.0833333333333335 0.36666666666666675 3.2916666666666674 18.416666666666668 1.8166666666666669 11.500000000000002 3.2916666666666674 1616.1071841878099 0.79268117751427336 0.77500000000000013 1345.4904933343121 -0.91666666666666641 24.500000000000004 1350.8200985311905 2.0833333333333335 0.29516110568426757 1.3666666666666669 -1.708333333333333 8.5000000000000018 1528.8747648576164 0.77500000000000013 -0.91666666666666641 1.7083333333333337 2.183333333333334 10.816666666666668 84.500000000000014 0.74811508386721237
decision_type=2 2 2 2 2 2 2 2 2 2 2 2 2 2 2 2 2 2 2 2 2 2 2 2 2 2 2 2 2 2
left_child=1 -1 9 -4 -5 6 12 8 -8 -3 -11 -12 13 14 -2 16 -15 -14 -19 28 -21 24 29 -24 -22 26 -26 -27 -20 -23
right_child=5 2 3 4 -6 -7 7 -9 -10 10 11 -13 17 15 -16 -17 -18 18 19 20 21 22 23 -25 25 27 -28 -29 -30 -31
leaf_value=0.0068027228206176274 0.0013640043130165058 -0.004899399891604983 0.0074901617651186485 -0.0020384791771008125 0.0012718461191893579 -0.005014224772351401 -0.00015193860356270728 -0.0074730581655784159 -0.0060146121664164586 0.0056527541741640723 -0.0058534935287666437 0.00087268119627561278 -0.0037733838694972545 -0.0072324135240761211 0.011188112259359348 -0.0060374310170585622 -0.00061241430481443924 -0.00056958511761497923 0.00054710903106688306 0.0045175687271397456 -0.0026620392259398564 -0.001002392209981335 -0.0030314537999683267 0.0037039772037687664 -0.00021867068560715408 -0.0062459328905383358 0.0025671019770256687 -0.0011342294223992209 0.0076517023082849798 0.0068297354696205672
leaf_weight=127.24743461608887 461.60285449028015 243.57767796516418 118.17504549026489 404.04294729232788 3459.5616085529327 135.02518248558044 665.6098974943161 90.99603271484375 150.62782311439514 107.94518280029297 163.15965485572815 129.20116090774536 258.77974247932434 105.077392578125 78.218765020370483 171.12980270385742 6601.2480784654617 6808.4247572422028 17488.992547273636 282.00187814235687 1179.1304180622101 1410.3692419528961 214.05895853042603 1148.8882186412811 6289.7350417375565 238.3881676197052 996.74188208580017 2300.21431183815 100.03041410446167 86.657830238342285
leaf_count=29 128 54 21 75 640 41 170 25 37 22 37 25 88 32 23 57 2273 3441 5972 94 406 490 62 308 2068 75 301 616 32 24
internal_value=1.32152e-05 0.000822686 0.000656746 0.0011219 0.000925225 -6.82052e-05 -5.3928e-05 -0.0018726 -0.00123987 -0.00221703 -0.000576725 -0.0028882 -1.81901e-05 -0.000584021 0.00280555 -0.000850442 -0.000717202 8.99836e-05 0.000116019 0.000263121 -0.000140772 -0.000235843 0.000975595 0.00264469 -0.000550753 -0.000297128 0.000162705 -0.00161652 0.000587946 -0.00054476
internal_weight=52014.9 4752.91 4625.66 3981.78 3863.6 47261.9 47126.9 907.234 816.238 643.884 400.306 292.361 46219.7 7417.28 539.822 6877.46 6706.33 38802.4 38543.6 31735.2 14146.2 13864.2 2859.97 1362.95 11004.2 9825.08 7286.48 2538.6 17589 1497.03
internal_count=17666 903 874 736 715 16763 16722 232 207 138 84 62 16490 2513 151 2362 2305 13977 13889 10448 4444 4350 884 370 3466 3060 2369 691 6004 514
is_linear=0
shrinkage=0.04


Tree=187
num_leaves=31
num_cat=0
split_feature=2 20 14 14 17 1 9 23 5 20 14 14 22 14 13 14 22 13 23 10 8 21 9 13 13 12 5 22 17 5
split_gain=2.0568 2.8394 4.32368 2.1903 2.01474 1.88406 3.21388 1.93649 2.5026 3.55692 1.97492 3.80544 3.11115 2.04396 1.82993 1.8288 1.81732 2.45114 2.08181 1.78768 3.10878 3.41776 2.29902 3.45934 5.06175 1.80072 1.6772 1.71843 2.11449 1.64383
threshold=0.1000076896644178 -0.16666666666666682 12.550000000000002 10.816666666666668 3.2916666666666674 0.33597792195038378 1614.957532394151 13.500000000000002 0.028350097620251206 -0.7749999999999998 8.6333333333333346 9.6333333333333346 6.5000000000000009 10.366666666666669 0.36666666666666675 18.416666666666668 11.500000000000002 1.6333333333333335 5.5000000000000009 278.93085483601459 1713.672142065758 -0.36666666666666664 1483.3038144172381 1.2916666666666667 0.63333333333333341 2.4500000000000006 0.03165179935174945 6.5000000000000009 1.4500000000000002 0.033218540881797883
decision_type=2 2 2 2 2 2 2 2 2 2 2 2 2 2 2 2 2 2 2 2 2 2 2 2 2 2 2 2 2 2
left_child=1 -1 3 -3 5 15 7 8 10 -10 -7 12 -12 -13 -4 -2 17 18 -17 -16 21 25 29 24 -24 -21 -11 -28 -29 -22
right_child=4 2 14 -5 -6 6 -8 -9 9 26 11 13 -14 -15 19 16 -18 -19 -20 20 22 -23 23 -25 -26 -27 27 28 -30 -31
leaf_value=0.006700966392547243 2.3465714073614535e-05 0.00092357741525167264 -0.0014149337391257128 -0.0047143069033473055 -0.0049401321075117676 -0.0079848057198338949 0.0084299431998790843 -0.0071437349231254421 0.0080002413209792188 0.0059772580335990715 -0.001934646861167901 -0.0101168977046746 0.010750978152692983 -0.0025242074886375433 -0.00022313342027871743 -0.0039749251389923643 -0.0054714510923918516 -0.0066815227088317473 0.0013344197770904331 0.003927325609177584 -0.0012206689308023109 0.0093872980971533501 0.0081354976099939167 0.0095552073273807853 -0.00084105595216309474 -0.0014409510762967465 0.0013229279481521753 -0.0021372512460307359 -0.011729406318621674 0.0014236674540419937
leaf_weight=126.23291778564453 45038.74278318882 163.51941609382629 425.04399394989014 335.64452648162842 134.34983134269714 118.5311427116394 47.769875168800354 107.482581615448 82.975470542907715 47.755059599876404 69.270505666732788 79.014593839645386 54.524980068206787 198.53991341590881 877.79931306838989 156.33804094791412 172.6985936164856 100.64426064491272 473.57039260864258 421.84789562225342 675.93167471885681 154.20523643493652 139.71488571166992 109.80953073501587 351.20996522903442 130.35397100448608 154.75429356098175 176.13161015510559 45.700657725334167 845.51646518707275
leaf_count=26 15939 35 79 75 41 58 23 50 38 21 33 38 25 91 168 41 43 28 119 81 124 29 25 19 65 25 71 82 22 152
internal_value=1.29231e-05 0.000805647 0.000643524 -0.00286926 -6.68838e-05 -5.28858e-05 -0.00162872 -0.00205923 -0.00152078 0.000477953 -0.00346838 -0.00211801 0.00369404 -0.00471426 0.00106853 -1.22927e-05 -0.00179337 -0.000917595 1.24728e-05 0.00135364 0.00184287 0.00413955 0.00107679 0.00316978 0.00172497 0.00265976 -0.0010083 -0.00190763 -0.00415714 0.000248842
internal_weight=52015.6 4756.83 4630.6 499.164 47258.8 47124.4 1182.45 1134.68 1027.2 507.317 519.881 401.35 123.795 277.555 4131.43 45942 903.251 730.553 629.908 3706.39 2828.59 706.407 2122.18 600.734 490.925 552.202 424.342 376.587 221.832 1521.45
internal_count=17666 903 877 110 16763 16722 552 529 479 234 245 187 58 129 767 16170 231 188 160 688 520 135 385 109 90 106 196 175 104 276
is_linear=0
shrinkage=0.04


Tree=188
num_leaves=31
num_cat=0
split_feature=6 3 1 12 18 16 23 1 9 17 15 2 1 16 1 1 23 15 10 15 10 23 1 12 3 1 20 20 13 5
split_gain=2.06289 2.03707 3.60853 2.35169 3.26496 2.26219 2.60612 1.91939 3.07525 2.27007 3.35752 5.03396 4.14618 5.05477 3.97689 3.44929 3.17525 3.10058 2.9011 2.71586 2.69911 3.48321 5.10191 3.14473 3.90477 4.50748 3.37108 3.00467 3.4029 2.81417
threshold=0.67763863121005985 -1.5415379815136625 0.2323630714726353 1.8166666666666669 17.183333333333337 2.183333333333334 9.5000000000000018 0.33597792195038378 1614.957532394151 1.0833333333333337 2.183333333333334 0.18399719464958325 0.263287944291622 1.7083333333333337 0.27568401820658117 0.29222534517817517 75.500000000000014 7.0833333333333348 -275.12527708662725 7.5833333333333348 62.36333994210441 7.5000000000000009 0.32957497543658204 1.9166666666666667 1.1023339109012762 0.19726782738403636 1.791666666666667 0.16666666666666663 1.9166666666666667 0.035618287787346777
decision_type=2 2 2 2 2 2 2 2 2 2 2 2 2 2 2 2 2 2 2 2 2 2 2 2 2 2 2 2 2 2
left_child=1 2 3 5 -5 -1 -7 9 -9 16 11 -11 -13 14 -14 -16 17 18 -3 -19 29 22 23 -22 25 -25 -27 28 -23 -20
right_child=-2 7 -4 4 -6 6 -8 8 -10 10 -12 12 13 -15 15 -17 -18 19 20 -21 21 27 -24 24 -26 26 -28 -29 -30 -31
leaf_value=0.00038681141764894227 0.00097381996767027031 0.0092738727277681763 -0.0054863538761192937 6.7309425358148622e-05 0.013419408068172241 -0.0018786463711496287 -0.0098207674684550311 -0.0020231118962865773 0.0081972641303023029 -0.0092430684465272927 -0.00022410829509905678 0.01214211524088462 -0.006491652406495769 -0.0068269203984670981 0.010422662221110742 0.0028185861899161606 0.0052813438616770413 -0.0065735261729440277 -0.00026173692109825511 -0.0002001388808604445 0.00084728321580837518 -0.0040388175792748695 0.01205607708433124 -0.0035749723244051152 0.0098323788875931042 0.0047111472539370968 -0.0023725508306500407 0.00065658661212226934 0.0050527724457342851 0.0028878952450687918
leaf_weight=620.22096252441406 3342.0478221178055 58.712612748146057 292.51368749141693 88.302508234977722 42.862371206283569 351.51298093795776 80.638198018074036 1132.381342291832 48.174275279045105 53.599308013916016 30593.763835191727 75.857456088066101 54.330295205116272 83.368050575256348 129.08828389644623 363.15942454338074 212.95568132400513 187.10269784927368 7213.6825032234192 248.18859624862671 3138.4341114759445 488.10342478752136 73.55831778049469 164.75334668159485 128.98015117645264 712.74070620536804 125.91561532020569 1352.7945958375931 75.250173687934875 483.36176538467407
leaf_count=347 718 29 187 41 19 203 50 529 23 16 9919 29 23 36 49 154 74 49 2997 62 998 168 31 36 25 204 37 395 23 195
internal_value=1.26439e-05 -5.33705e-05 -0.00151613 -0.00053108 0.00449906 -0.0011617 -0.00337988 -7.59383e-06 -0.00159947 3.32786e-05 -0.000158858 0.00246668 0.00336775 0.00229357 0.00369463 0.00482979 0.000444056 0.000372414 0.000475749 -0.00294842 0.000438078 0.00105477 0.00168127 0.0014998 0.0033059 0.00245802 0.00364604 -0.000365773 -0.0028176 -6.35957e-05
internal_weight=52016.4 48674.3 1476.05 1183.54 131.165 1052.37 432.151 47198.3 1180.56 46017.7 31353.2 759.403 705.804 629.946 546.578 492.248 14664.5 14451.6 14016.3 435.291 13957.6 6260.53 4344.38 4270.82 1132.39 1003.41 838.656 1916.15 563.354 7697.04
internal_count=17666 16948 847 660 60 600 253 16101 552 15549 10226 307 291 262 226 203 5323 5249 5138 111 5109 1917 1331 1300 302 277 241 586 191 3192
is_linear=0
shrinkage=0.04


end of trees

feature_importances:
market_total_over_2_5=655
market_p_home=467
market_p_draw=415
market_overround=372
form_home_shots_n=337
form_away_shots_n=332
elo_away=331
elo_diff=270
elo_home=257
market_p_away=240
form_away_shots_on_target_n=228
form_home_goals_for_n=190
form_home_shots_on_target_n=187
form_home_goal_diff_n=183
form_away_goals_against_n=173
form_home_rest_days=159
form_away_goal_diff_n=158
form_home_goals_against_n=150
form_away_rest_days=130
form_away_goals_for_n=128
elo_p_home=120
market_logit_home=94
market_logit_away=47
market_handicap_line=47

parameters:
[boosting: gbdt]
[objective: poisson]
[metric: poisson]
[tree_learner: serial]
[device_type: cpu]
[data_sample_strategy: bagging]
[data: ]
[valid: ]
[num_iterations: 500]
[learning_rate: 0.04]
[num_leaves: 31]
[num_threads: 0]
[seed: 42]
[deterministic: 0]
[force_col_wise: 0]
[force_row_wise: 0]
[histogram_pool_size: -1]
[max_depth: -1]
[min_data_in_leaf: 20]
[min_sum_hessian_in_leaf: 0.001]
[bagging_fraction: 0.85]
[pos_bagging_fraction: 1]
[neg_bagging_fraction: 1]
[bagging_freq: 3]
[bagging_seed: 400]
[bagging_by_query: 0]
[feature_fraction: 0.85]
[feature_fraction_bynode: 1]
[feature_fraction_seed: 30056]
[extra_trees: 0]
[extra_seed: 12879]
[early_stopping_round: 0]
[early_stopping_min_delta: 0]
[first_metric_only: 0]
[max_delta_step: 0]
[lambda_l1: 0]
[lambda_l2: 1]
[linear_lambda: 0]
[min_gain_to_split: 0]
[drop_rate: 0.1]
[max_drop: 50]
[skip_drop: 0.5]
[xgboost_dart_mode: 0]
[uniform_drop: 0]
[drop_seed: 17869]
[top_rate: 0.2]
[other_rate: 0.1]
[min_data_per_group: 100]
[max_cat_threshold: 32]
[cat_l2: 10]
[cat_smooth: 10]
[max_cat_to_onehot: 4]
[top_k: 20]
[monotone_constraints: ]
[monotone_constraints_method: basic]
[monotone_penalty: 0]
[feature_contri: ]
[forcedsplits_filename: ]
[refit_decay_rate: 0.9]
[cegb_tradeoff: 1]
[cegb_penalty_split: 0]
[cegb_penalty_feature_lazy: ]
[cegb_penalty_feature_coupled: ]
[path_smooth: 0]
[interaction_constraints: ]
[verbosity: -1]
[saved_feature_importance_type: 0]
[use_quantized_grad: 0]
[num_grad_quant_bins: 4]
[quant_train_renew_leaf: 0]
[stochastic_rounding: 1]
[linear_tree: 0]
[max_bin: 255]
[max_bin_by_feature: ]
[min_data_in_bin: 3]
[bin_construct_sample_cnt: 200000]
[data_random_seed: 175]
[is_enable_sparse: 1]
[enable_bundle: 1]
[use_missing: 1]
[zero_as_missing: 0]
[feature_pre_filter: 1]
[pre_partition: 0]
[two_round: 0]
[header: 0]
[label_column: ]
[weight_column: ]
[group_column: ]
[ignore_column: ]
[categorical_feature: ]
[forcedbins_filename: ]
[precise_float_parser: 0]
[parser_config_file: ]
[objective_seed: 16083]
[num_class: 1]
[is_unbalance: 0]
[scale_pos_weight: 1]
[sigmoid: 1]
[boost_from_average: 1]
[reg_sqrt: 0]
[alpha: 0.9]
[fair_c: 1]
[poisson_max_delta_step: 0.7]
[tweedie_variance_power: 1.5]
[lambdarank_truncation_level: 30]
[lambdarank_norm: 1]
[label_gain: ]
[lambdarank_position_bias_regularization: 0]
[eval_at: ]
[multi_error_top_k: 1]
[auc_mu_weights: ]
[num_machines: 1]
[local_listen_port: 12400]
[time_out: 120]
[machine_list_filename: ]
[machines: ]
[gpu_platform_id: -1]
[gpu_device_id: -1]
[gpu_use_dp: 0]
[num_gpu: 1]

end of parameters

pandas_categorical:null
